<?xml version="1.0"?>
<action-recipes>
	<!-- These actions are applicable in CSS, but are currently disabled because the entire HTML menu is disabled in CSS contexts; this ensures that the keyboard shortcuts continue to work for people who are used to using them -->
	<action id="com.macrabbit.tea-for-two.text-actions.expand-abbreviation.css" category="hidden">
		<script>zen_actions.js</script>
		<language-context>css</language-context>
		<key-equivalent>control ,</key-equivalent>
		<setup>
			<action>expand_abbreviation</action>
		</setup>
	</action>
	
	<action id="com.macrabbit.tea-for-two.text-actions.next-edit-point.css" category="hidden">
		<script>zen_actions.js</script>
		<language-context>css</language-context>
		<key-equivalent>control option arrow-right</key-equivalent>
		<setup>
			<action>next_edit_point</action>
		</setup>
	</action>
	
	<action id="com.macrabbit.tea-for-two.text-actions.previous-edit-point.css" category="hidden">
		<script>zen_actions.js</script>
		<language-context>css</language-context>
		<key-equivalent>control option arrow-left</key-equivalent>
		<setup>
			<action>prev_edit_point</action>
		</setup>
	</action>
</action-recipes>