<?xml version="1.0"?>
<action-recipes>
	<!-- These actions are mainly for formatting text or code -->
	
	<action id="com.macrabbit.tea-for-two.text-actions.insert-indented-line" category="actions.text.generic/actions.text.formatting/tea.insertion">
		<script>indent_newline.js</script>
		<key-equivalent>control enter</key-equivalent>
	</action>
	
	<action id="com.macrabbit.tea-for-two.text-actions.insert-text.linebreak" category="actions.text.generic/actions.text.formatting/tea.insertion">
		<script>insert_text.js</script>
		<key-equivalent>control shift enter</key-equivalent>
		<setup>
			<suffix>true</suffix>
			<snippet>&lt;br /></snippet>
			<alternatives>
				<dict>
					<key>javascript string, javascript string end, python string, python string end, php string.double, php string.double end, ruby string.double, ruby string.double end</key>
					<string>\n</string>
					
					<key>markdown, markdown *</key>
					<string><![CDATA[$TOUCH  
]]></string>
				</dict>
			</alternatives>
		</setup>
	</action>
	
	<action id="com.macrabbit.tea-for-two.text-actions.insert-text.tab" category="actions.text.generic/actions.text.formatting/tea.insertion">
		<script>insert_text.js</script>
		<key-equivalent>option tab</key-equivalent>
		<setup>
			<snippet>	$TOUCH</snippet>
		</setup>
	</action>
	
	<action id="com.macrabbit.tea-for-two.text-actions.wrap" category="actions.text.generic/actions.text.formatting">
		<class>TEACharacterWrap</class>
		<key-equivalent>command '</key-equivalent>
	</action>
	
</action-recipes>