2,10000,0~male.png
2744,2744,
2745,2745,
4,10002,0~ritchie.jpg
5,10003,
6,2212,0~IMG_3122.JPG
7,273,
8,960,0~IMG_3929.jpg
9,1466,0~jade.jpg
10,879,0~kelsey.jpg
11,258,0~19514_10151344251487208_1921886528_n.jpg
12,230,0~Screen_Shot_2013-01-25_at_8.58_.27_AM_.png
1881,10004,
13,3,
14,4,
15,7,
16,9,
17,17,
18,37,
19,38,
20,39,
21,41,
22,48,
23,50,
24,59,
25,65,
26,68,
27,84,
28,86,
29,95,
30,100,
31,101,
32,104,
33,109,
34,110,
35,124,
36,132,
37,137,0~FEP.jpg
38,138,
39,144,
40,146,
41,148,
42,152,
43,180,
44,181,
45,182,
46,186,
47,188,
48,190,
49,200,
50,211,
51,215,
52,217,
53,223,
54,228,
55,233,
56,237,
57,244,
58,245,
59,246,
60,251,
61,253,
62,255,
63,256,
64,257,
65,259,
66,262,
67,263,0~IMG_8916.JPG
68,264,
69,267,
70,271,
71,274,
72,275,
73,277,
74,281,
75,284,
76,285,
77,286,
78,289,
79,294,
80,297,
81,311,
82,314,
83,319,
84,330,
85,335,
86,337,
87,338,
88,342,
89,343,
90,345,
91,346,
92,347,
93,349,
94,350,
95,351,
96,353,
97,355,
98,357,
99,358,
100,359,
101,360,
102,364,
103,366,
104,367,
105,368,
106,369,
107,371,
108,372,
109,373,
110,374,
111,375,
112,376,
113,377,
114,378,
115,379,
116,380,
117,381,
118,382,
119,383,
120,384,
121,385,
122,386,
123,387,
124,389,
125,390,
126,391,
127,394,
128,395,
129,396,
130,397,
131,398,
132,400,
133,401,
134,402,
135,403,
136,404,
137,405,
138,406,
139,407,
140,409,
141,413,
142,414,
143,415,
144,416,
145,417,
146,418,
147,419,
148,420,
149,421,
150,422,
151,423,
152,424,
153,425,
154,426,
155,427,
156,428,
157,429,
158,430,
159,431,
160,433,
161,434,
162,435,
163,437,
164,438,
165,439,
166,440,
167,441,
168,442,
169,443,
170,444,
171,445,
172,446,
173,447,
174,448,
175,449,
176,450,
177,452,
178,453,
179,454,
180,455,
181,456,
182,457,
183,458,
184,459,
185,460,
186,461,
187,462,
188,463,
189,464,
190,465,
191,466,
192,467,
193,468,
194,469,
195,470,
196,471,
197,472,
198,473,
199,474,
200,476,
201,477,
202,478,
203,479,
204,480,
205,482,
206,483,
207,484,
208,485,
209,486,
210,487,
211,488,
212,489,
213,490,
214,491,
215,492,
216,493,
217,494,
218,495,
219,496,
220,497,
221,498,
222,499,
223,500,
224,501,
225,502,
226,503,
227,505,
228,506,
229,507,
230,508,
231,509,
232,510,
233,511,
234,512,
235,513,
236,514,
237,515,
238,517,
239,519,
240,520,
241,521,
242,522,
243,523,
244,524,
245,525,
246,526,
247,527,
248,528,
249,530,
250,531,
251,532,
252,534,
253,535,
254,536,
255,537,
256,538,
257,539,0~1398721_10201727431621218_47425830_o_copy.jpg
258,540,
259,541,
260,542,
261,544,
262,545,
263,547,
264,548,
265,549,
266,550,
267,551,
268,552,
269,553,
270,554,
271,555,
272,557,
273,558,
274,559,
275,561,
276,562,
277,563,
278,564,
279,565,
280,566,
281,567,
282,568,
283,569,
284,570,
285,571,
286,572,
287,574,
288,575,
289,576,
290,577,
291,578,
292,579,
293,582,
294,583,
295,584,
296,585,
297,586,
298,587,
299,588,
300,589,
301,590,
302,591,
303,592,
304,593,
305,594,
306,595,
307,596,
308,597,
309,598,
310,599,
311,600,
312,601,
313,604,
314,605,
315,606,
316,607,
317,608,
318,609,
319,610,
320,613,
321,614,
322,616,
323,617,
324,619,
325,620,
326,621,
327,622,
328,623,
329,624,
330,625,
331,626,
332,628,
333,630,
334,631,
335,632,
336,633,
337,634,
338,636,
339,637,
340,638,
341,639,
342,640,
343,641,
344,642,
345,643,
346,644,
347,645,
348,646,
349,648,
350,649,
351,650,
352,651,
353,652,
354,653,
355,655,
356,657,
357,658,
358,659,
359,660,
360,661,
361,662,
362,664,
363,665,
364,666,
365,667,
366,668,
367,669,
368,670,
369,671,
370,672,
371,674,
372,677,
373,678,
374,679,
375,680,
376,681,
377,685,
378,687,
379,688,
380,689,
381,690,
382,691,
383,692,
384,693,
385,694,
386,695,
387,696,
388,698,
389,699,
390,700,
391,701,
392,702,
393,704,
394,705,
395,707,
396,709,
397,710,
398,711,
399,712,
400,715,
401,716,
402,717,
403,718,
404,720,
405,721,
406,722,
407,723,
408,724,
409,725,
410,726,
411,727,
412,728,
413,730,
414,731,
415,732,
416,733,
417,734,
418,735,
419,736,
420,737,
421,738,
422,739,
423,740,
424,742,
425,743,
426,744,
427,745,
428,746,
429,747,
430,748,
431,749,
432,750,
433,751,
434,753,
435,754,
436,755,
437,756,
438,757,
439,758,
440,760,
441,761,
442,762,
443,763,
444,764,
445,765,
446,767,
447,768,
448,769,
449,770,
450,771,
451,772,
452,774,
453,775,
454,776,
455,777,
456,778,
457,779,
458,781,
459,782,
460,783,
461,784,
462,785,
463,786,
464,787,
465,788,
466,789,
467,790,0~housesofparliament.jpg
468,791,
469,792,
470,794,
471,795,
472,798,
473,799,
474,801,
475,802,
476,803,
477,805,
478,806,
479,807,
480,808,
481,809,
482,810,
483,811,
484,812,
485,813,
486,814,
487,815,
488,816,
489,818,
490,819,
491,820,
492,821,
493,822,0~IMG_8450.JPG
494,823,
495,824,
496,825,
497,826,0~Profile_pic.jpg
498,827,
499,828,
500,829,
501,830,
502,831,
503,832,
504,833,
505,834,
506,835,
507,836,
508,837,
509,838,
510,839,
511,841,
512,843,
513,844,
514,845,
515,846,
516,848,
517,849,
518,852,
519,853,
520,854,
521,855,
522,856,
523,857,
524,858,
525,859,
526,860,
527,861,
528,863,
529,864,
530,865,
531,866,
532,867,
533,868,
534,869,
535,870,
536,872,
537,875,
538,876,
539,877,
540,878,
541,880,
542,881,
543,882,
544,883,
545,884,
546,885,
547,886,
548,887,
549,888,
550,889,
551,890,
552,891,
553,892,
554,893,
555,894,0~bel1.jpg
556,895,
557,896,
558,897,
559,898,
560,899,
561,900,
562,901,
563,902,
564,903,
565,904,
566,906,
567,907,
568,909,
569,910,
570,911,
571,912,
572,913,
573,914,
574,915,
575,916,
576,917,
577,918,
578,919,
579,920,
580,921,
581,922,
582,923,
583,924,
584,926,
585,927,
586,928,
587,929,
588,930,
589,932,
590,933,
591,934,
592,935,
593,936,
594,938,
595,940,
596,942,
597,943,
598,947,
599,948,
600,949,
601,950,
602,952,
603,953,
604,954,
605,955,
606,956,
607,957,
608,958,
609,959,
610,962,
611,964,
612,965,
613,966,
614,967,
615,968,
616,971,
617,972,
618,974,
619,975,
620,976,
621,977,
622,978,
623,979,
624,980,
625,981,
626,983,
627,984,
628,985,
629,986,
630,987,
631,990,
632,991,
633,992,
634,993,
635,994,
636,996,
637,997,
638,999,
639,1000,
640,1001,
641,1003,
642,1004,
643,1006,
644,1007,
645,1008,
646,1010,
647,1011,
648,1012,
649,1013,
650,1016,
651,1017,
652,1018,
653,1019,
654,1020,
655,1021,
656,1023,
657,1024,
658,1026,
659,1029,
660,1032,
661,1035,
662,1037,
663,1038,
664,1040,
665,1043,
666,1044,
667,1046,
668,1047,
669,1048,
670,1049,
671,1050,
672,1052,
673,1054,
674,1055,
675,1056,
676,1058,
677,1059,
678,1060,
679,1061,
680,1062,
681,1063,
682,1066,
683,1067,
684,1068,
685,1069,
686,1072,
687,1073,
688,1074,
689,1075,
690,1079,
691,1080,
692,1083,
693,1084,
694,1085,
695,1087,
696,1088,
697,1089,0~josh.jpg
698,1090,
699,1091,
700,1092,
701,1093,
702,1094,
703,1095,
704,1096,
705,1099,
706,1101,
707,1102,
708,1104,
709,1105,
710,1106,
711,1109,
712,1110,
713,1111,
714,1112,
715,1113,
716,1114,
717,1115,
718,1117,
719,1120,
720,1121,
721,1123,
722,1124,
723,1125,
724,1127,
725,1128,
726,1129,
727,1130,
728,1131,
729,1134,
730,1135,
731,1136,
732,1138,
733,1140,
734,1141,
735,1143,
736,1144,
737,1148,
738,1149,
739,1150,
740,1151,
741,1152,
742,1153,
743,1154,
744,1155,
745,1158,
746,1159,
747,1160,
748,1161,
749,1164,
750,1165,
751,1166,
752,1170,
753,1172,
754,1173,
755,1174,
756,1176,
757,1177,
758,1179,
759,1180,
760,1182,
761,1183,
762,1184,
763,1187,
764,1189,
765,1190,
766,1192,
767,1193,
768,1194,
769,1195,
770,1196,
771,1198,
772,1200,
773,1201,
774,1203,
775,1204,
776,1205,
777,1206,
778,1208,
779,1209,
780,1212,
781,1213,
782,1214,
783,1215,
784,1216,
785,1218,
786,1219,
787,1220,
788,1221,
789,1222,
790,1223,
791,1224,
792,1226,
793,1227,
794,1228,
795,1229,
796,1230,
797,1233,
798,1234,
799,1239,
800,1243,
801,1246,
802,1247,
803,1248,
804,1249,
805,1253,
806,1254,
807,1255,
808,1256,
809,1263,
810,1267,
811,1268,
812,1270,
813,1273,
814,1279,
815,1280,
816,1282,
817,1285,0~Capture.PNG
818,1289,
819,1290,
820,1297,
821,1298,
822,1300,
823,1301,
824,1303,
825,1305,
826,1312,
827,1313,
828,1316,
829,1317,
830,1318,
831,1319,
832,1322,
833,1323,
834,1324,
835,1326,
836,1338,
837,1339,
838,1342,
839,1344,
840,1345,
841,1346,
842,1347,
843,1349,
844,1352,
845,1354,
846,1355,
847,1357,
848,1360,
849,1367,
850,1368,
851,1370,
852,1372,
853,1373,
854,1374,
855,1375,
856,1376,
857,1377,
858,1378,
859,1379,
860,1380,
861,1381,
862,1384,
863,1385,
864,1386,
865,1387,
866,1388,
867,1389,
868,1394,
869,1395,
870,1396,
871,1397,
872,1398,
873,1399,
874,1400,
875,1401,
876,1402,
877,1403,
878,1404,0~Profile.jpg
879,1405,
880,1406,
881,1407,
882,1410,
883,1411,
884,1413,
885,1414,
886,1415,
887,1416,
888,1418,
889,1419,
890,1421,
891,1422,
892,1425,
893,1427,
894,1429,
895,1430,
896,1431,
897,1432,
898,1433,
899,1434,
900,1438,
901,1439,
902,1440,
903,1441,
904,1442,
905,1443,
906,1445,
907,1446,
908,1448,0~430907_10151414882048408_1587418138_n.jpg
909,1450,
910,1451,
911,1452,
912,1454,
913,1458,
914,1459,
915,1461,
916,1463,
917,1465,
918,1467,
919,1468,
920,1469,
921,1470,
922,1473,
923,1474,
924,1475,
925,1476,
926,1478,
927,1480,
928,1481,
929,1482,
930,1483,
931,1484,
932,1487,
933,1488,
934,1490,
935,1491,
936,1492,
937,1493,
938,1494,
939,1497,0~IMG_20131228_154446.jpg
940,1498,
941,1500,
942,1501,
943,1505,
944,1508,
945,1509,
946,1510,
947,1511,
948,1512,
949,1516,
950,1518,0~Screen_Shot_2014-01-29_at_5.04_.02_PM_.png
951,1519,
952,1521,
953,1526,
954,1530,
955,1531,
956,1533,
957,1534,0~photo1.jpg
958,1536,
959,1537,
960,1539,
961,1540,
962,1541,
963,1542,
964,1543,
965,1544,
966,1545,
967,1546,
968,1547,
969,1548,
970,1549,
971,1551,
972,1552,
973,1553,
974,1555,
975,1556,
976,1557,
977,1558,
978,1561,
979,1563,
980,1564,
981,1565,
982,1566,
983,1569,
984,1571,
985,1572,
986,1574,
987,1575,
988,1576,
989,1578,
990,1579,
991,1580,
992,1581,
993,1583,
994,1584,
995,1587,
996,1592,
997,1595,
998,1596,
999,1599,
1000,1601,
1001,1603,
1002,1604,
1003,1606,
1004,1607,
1005,1608,
1006,1609,
1007,1610,
1008,1611,
1009,1612,
1010,1614,
1011,1616,
1012,1618,
1013,1619,
1014,1620,
1015,1622,
1016,1623,
1017,1624,
1018,1625,
1019,1628,
1020,1629,
1021,1630,
1022,1633,
1023,1635,
1024,1636,
1025,1637,
1026,1641,
1027,1642,
1028,1644,
1029,1645,
1030,1647,
1031,1648,
1032,1649,
1033,1652,
1034,1653,
1035,1654,
1036,1655,
1037,1661,
1038,1662,
1039,1665,
1040,1666,
1041,1667,
1042,1671,
1043,1673,
1044,1674,
1045,1675,
1046,1676,
1047,1678,
1048,1679,
1049,1680,
1050,1681,
1051,1682,
1052,1683,
1053,1684,
1054,1685,
1055,1686,
1056,1687,
1057,1688,
1058,1689,
1059,1690,
1060,1692,
1061,1693,
1062,1694,
1063,1697,
1064,1698,
1065,1699,
1066,1700,
1067,1701,
1068,1702,
1069,1703,
1070,1705,
1071,1706,0~Cassie_Profile.jpg
1072,1707,0~9128_172031942812_4041501_n.jpg
1073,1709,
1074,1712,
1075,1715,
1076,1717,
1077,1719,0~IMG_1279.JPG
1078,1721,
1079,1722,
1080,1723,
1081,1726,
1082,1727,
1083,1728,
1084,1729,
1085,1732,
1086,1733,
1087,1734,
1088,1735,
1089,1737,
1090,1739,
1091,1740,
1092,1743,
1093,1745,
1094,1746,
1095,1747,
1096,1748,
1097,1750,
1098,1751,
1099,1754,
1100,1755,
1101,1756,
1102,1757,
1103,1758,
1104,1760,
1105,1761,
1106,1762,
1107,1763,
1108,1764,
1109,1768,
1110,1769,
1111,1770,
1112,1772,
1113,1773,
1114,1774,
1115,1775,
1116,1776,
1117,1777,
1118,1778,
1119,1780,
1120,1781,
1121,1782,
1122,1783,
1123,1784,
1124,1785,
1125,1786,
1126,1787,
1127,1788,
1128,1789,
1129,1790,
1130,1791,
1131,1792,
1132,1793,
1133,1794,
1134,1795,
1135,1796,
1136,1797,
1137,1798,
1138,1801,
1139,1802,
1140,1803,
1141,1805,
1142,1806,
1143,1809,
1144,1810,
1145,1811,
1146,1820,
1147,1822,
1148,1825,
1149,1826,
1150,1827,
1151,1828,
1152,1831,
1153,1834,
1154,1837,
1155,1838,
1156,1840,
1157,1842,
1158,1843,
1159,1844,
1160,1847,
1161,1848,
1162,1849,
1163,1852,
1164,1854,
1165,1855,
1166,1856,0~Untitled.png
1167,1857,
1168,1858,
1169,1859,0~image1.jpg
1170,1860,
1171,1861,
1172,1862,
1173,1864,
1174,1865,
1175,1866,
1176,1868,
1177,1869,
1178,1870,
1179,1874,
1180,1875,
1181,1876,
1182,1879,
1183,1881,
1184,1883,
1185,1884,
1186,1886,
1187,1887,
1188,1888,
1189,1889,
1190,1890,
1191,1891,
1192,1892,
1193,1893,
1194,1894,
1195,1895,
1196,1896,
1197,1898,
1198,1904,
1199,1905,
1200,1906,0~photo-8.JPG
1201,1908,
1202,1910,
1203,1911,
1204,1913,
1205,1916,
1206,1917,0~10354901_10203977024771578_5819927320311030734_n.jpg
1207,1919,
1208,1920,
1209,1921,
1210,1924,
1211,1925,
1212,1929,
1213,1931,
1214,1932,
1215,1933,
1216,1935,
1217,1936,
1218,1937,
1219,1938,
1220,1939,
1221,1940,
1222,1941,
1223,1942,
1224,1943,
1225,1944,
1226,1945,
1227,1946,
1228,1948,
1229,1949,
1230,1950,
1231,1952,
1232,1953,
1233,1954,
1234,1955,
1235,1956,
1236,1958,
1237,1961,
1238,1962,0~560648_10150662937647831_2119211352_n.jpg
1239,1963,
1240,1964,
1241,1965,
1242,1966,
1243,1967,
1244,1969,0~image.jpg
1245,1970,
1246,1973,
1247,1974,
1248,1975,
1249,1976,
1250,1977,
1251,1981,
1252,1982,
1253,1983,
1254,1984,
1255,1985,
1256,1986,
1257,1989,
1258,1990,
1259,1991,
1260,1994,0~10327298_657295834347578_2078724927_n.jpg
1261,1996,
1262,1997,
1263,2000,
1264,2001,
1265,2002,
1266,2007,
1267,2009,
1268,2012,
1269,2014,
1270,2015,
1271,2017,
1272,2018,
1273,2019,
1274,2020,
1275,2021,
1276,2022,
1277,2023,
1278,2024,
1279,2025,
1280,2027,
1281,2028,
1282,2029,
1283,2030,
1284,2031,
1285,2037,
1286,2038,
1287,2039,
1288,2040,
1289,2046,0~image.jpg
1290,2048,
1291,2050,
1292,2051,
1293,2052,
1294,2059,
1295,2060,
1296,2061,
1297,2066,
1298,2067,
1299,2068,
1300,2070,
1301,2071,
1302,2072,
1303,2073,
1304,2074,
1305,2076,
1306,2078,
1307,2080,
1308,2083,
1309,2085,
1310,2086,
1311,2089,
1312,2090,
1313,2091,
1314,2097,
1315,2098,
1316,2099,
1317,2100,
1318,2101,
1319,2103,
1320,2105,
1321,2107,
1322,2110,
1323,2113,
1324,2119,
1325,2120,
1326,2121,
1327,2123,
1328,2127,
1329,2129,
1330,2135,
1331,2136,
1332,2138,
1333,2141,
1334,2143,
1335,2144,
1336,2146,
1337,2148,
1338,2153,0~Fresh_photo.jpg
1339,2154,
1340,2157,
1341,2158,
1342,2160,
1343,2162,
1344,2164,
1345,2169,
1346,2170,
1347,2175,
1348,2176,
1349,2178,
1350,2179,
1351,2181,
1352,2182,
1353,2185,
1354,2203,
1355,2205,
1356,2209,
1357,2231,
1358,2233,
1359,2234,
1360,2236,
1361,2237,
1362,2239,
1363,2244,
1364,2248,
1365,2253,
1366,2258,
1367,2262,
1368,2264,
1369,2277,
1370,2280,
1371,2281,
1372,2283,
1373,2286,
1374,2289,
1375,2297,
1376,2305,
1377,2313,
1378,2314,
1379,2324,
1380,2325,
1381,2326,
1382,2327,
1383,2328,0~471.jpg
1384,2330,
1385,2331,
1386,2332,
1387,2333,
1388,2338,
1389,2339,
1390,2343,
1391,2344,
1392,2345,
1393,2346,
1394,2347,
1395,2348,
1396,2351,
1397,2352,
1398,2353,
1399,2356,
1400,2359,
1401,2362,
1402,2363,
1403,2365,
1404,2366,
1405,2367,
1406,2368,
1407,2370,
1408,2371,
1409,2373,
1410,2375,
1411,2376,
1412,2378,
1413,2381,
1414,2382,
1415,2388,
1416,2390,
1417,2394,
1418,2396,
1419,2398,
1420,2399,
1421,2402,
1422,2403,
1423,2410,
1424,2412,
1425,2422,
1426,2423,
1427,2431,
1428,2436,
1429,2445,
1430,2449,
1431,2451,
1432,2459,
1433,2460,
1434,2461,
1435,2462,
1436,2464,
1437,2466,
1438,2469,
1439,2476,
1440,2493,
1441,2498,
1442,2524,
1443,2529,
1444,2545,
1445,2548,
1446,2563,
1447,2571,
1448,2,0~2256BV.jpg
1449,75,
1450,102,
1451,187,0~Paul_Violett.jpg
1452,279,0~image.jpg
1453,282,
1454,325,
1455,327,
1456,388,0~249315_10201421687136368_157724421_n-1.jpg
1457,392,
1458,451,
1459,475,
1460,481,
1461,518,0~Screen_shot_2013-10-17_at_2.29_.55_PM_.png
1462,543,0~ID_Photo.jpg
1463,556,
1464,560,
1465,611,
1466,612,
1467,627,
1468,635,
1469,647,
1470,663,
1471,676,
1472,682,
1473,697,
1474,703,
1475,719,
1476,766,
1477,796,
1478,800,
1479,804,0~IMG_113277138151845-11.jpg
1480,817,
1481,840,
1482,842,
1483,847,
1484,850,
1485,851,
1486,862,
1487,871,0~profile.png
1488,874,
1489,937,0~66744_10151434742324822_986871066_n_(2).jpg
1490,939,
1491,941,
1492,946,
1493,961,0~image.jpg
1494,963,
1495,970,0~alex.png
1496,1009,
1497,1014,
1498,1015,
1499,1022,
1500,1025,
1501,1028,0~IMG_0085.JPG
1502,1030,
1503,1033,
1504,1034,
1505,1036,
1506,1039,
1507,1042,
1508,1064,0~IMG_1679.JPG
1509,1076,
1510,1081,
1511,1086,0~Katarina_Viva_Scholler.1_.jpg
1512,1098,
1513,1107,
1514,1108,
1515,1118,
1516,1119,
1517,1126,0~15155_572042072829044_2088801769_n.jpg
1518,1132,
1519,1142,
1520,1145,
1521,1146,
1522,1157,
1523,1162,
1524,1167,
1525,1169,
1526,1171,
1527,1175,
1528,1181,0~Fresh.jpg
1529,1185,
1530,1188,
1531,1197,
1532,1199,
1533,1202,
1534,1207,
1535,1210,
1536,1211,
1537,1225,
1538,1232,
1539,1235,
1540,1240,
1541,1241,
1542,1245,
1543,1251,
1544,1252,0~Snapshot_20130430_2_2.JPG
1545,1257,
1546,1259,
1547,1260,0~IMAG0062.jpg
1548,1261,
1549,1272,
1550,1292,
1551,1310,
1552,1331,
1553,1356,
1554,1361,0~575760_10151439059628025_252905335_n.jpg
1555,1369,
1556,1382,
1557,1412,
1558,1420,0~1014031_10153087777465486_1796429732_n.jpg
1559,1437,
1560,1449,
1561,1456,
1562,1457,
1563,1460,
1564,1503,
1565,1504,
1566,1506,
1567,1514,0~IMG_2954.jpg
1568,1517,
1569,1520,
1570,1522,
1571,1523,
1572,1524,
1573,1532,
1574,1538,
1575,1562,0~kobi_face.jpg
1576,1590,0~image.jpg
1577,1593,0~photo.PNG
1578,1627,
1579,1631,
1580,1640,0~iPhone_pics_15.01_.14_331_.JPG
1581,1668,0~Screen_Shot_2014-01-22_at_10.59_.18_am_.png
1582,1695,0~image.jpg
1583,1713,
1584,1738,
1585,1741,
1586,1742,
1587,1749,
1588,1807,
1589,1816,
1590,1823,
1591,1833,
1592,1841,
1593,1846,
1594,1867,
1595,1901,
1596,1968,
1597,1971,
1598,2041,
1599,2042,
1600,2075,
1601,2108,
1602,2118,
1603,2126,
1604,2142,
1605,2155,0~1208550_10151560513721862_507043145_n.jpg
1606,2183,
1607,2228,0~photo.PNG
1608,2230,
1609,2251,0~Screen_Shot_2013-03-14_at_1.52_.46_PM_.png
1610,2256,
1611,2263,
1612,2279,0~Zoe_headshot.png
1613,2300,
1614,2322,
1615,2372,
1616,2419,
1617,2551,
1618,29,0~simon_pic_2_small.jpg
1619,76,0~Photo_on_2-10-13_at_11.jpg
1620,112,
1621,276,0~IMG_2095a.jpg
1622,326,
1623,399,0~DSC_0002.jpg
1624,408,
1625,516,0~548575_10151236858104745_1917800260_n.jpg
1626,529,0~IMGP1786.JPG
1627,573,0~image.jpg
1628,618,0~fresh.jpg
1629,675,0~IMG_1969.jpg
1630,683,
1631,684,
1632,713,0~DCFSDF.jpg
1633,714,
1634,729,0~image.jpg
1635,741,0~pic.jpg
1636,752,0~claudia_headshot.jpg
1637,773,0~picture010.jpg
1638,780,0~20120604_230627.jpg
1639,797,
1640,873,
1641,905,0~photo_6.12254_.JPG
1642,908,
1643,925,0~jens_resume_photo_email_size.jpg
1644,931,0~pic_of_lou_for_fresh.jpg
1645,944,
1646,945,0~IMG_0731.JPG
1647,951,0~392921_10200758400152199_927759288_n.jpg
1648,1648,0~BRISBANE_and_HOMEBAKE_078_-_Copy.JPG
1649,973,
1650,982,0~food1.jpg
1651,988,0~IMG_1760.JPG
1652,989,0~Annie._.jpg
1653,998,
1654,1002,0~FRESH_Photo.jpg
1655,1005,0~me.jpg
1656,1027,0~216031_10150161620410951_658795950_7202294_4550263_n.jpg
1657,1031,0~IMG_1548.JPG
1658,1041,
1659,1045,0~me1.png
1660,1051,0~getImage.jpg
1661,1053,0~131.JPG
1662,1057,0~Profile_Pic_3.jpg
1663,1065,0~1379692_10151879507992829_1176206400_n.jpg
1664,1070,
1665,1071,
1666,1077,0~16452_10151423525260789_1960991125_n.jpg
1667,1078,0~YOUVE_GOT_SOMETHING1.jpg
1668,1082,0~2013-10-06_18.09_.51_.jpg
1669,1097,
1670,1100,0~image.jpg
1671,1103,
1672,1116,0~headshot_002.JPG
1673,1122,0~IMG_3096.jpg
1674,1133,0~image.jpg
1675,1147,
1676,1156,0~Picture1.jpg
1677,1163,0~564660_10151444593686164_264989151_n.jpg
1678,1168,0~Screen_shot_2013-09-25_at_9.18_.00_AM_.png
1679,1178,0~Elissa.png
1680,1191,
1681,1217,
1682,1231,
1683,1236,0~270180_10150231849194422_754924421_7516480_5557855_n.jpg
1684,1237,0~130906-141955.jpg
1685,1238,0~holly_294.JPG
1686,1242,
1687,1244,0~fresh.jpg
1688,1250,
1689,1258,
1690,1264,0~Profile_photo.png
1691,1276,0~IMG_7029_-_Version_2.jpg
1692,1277,
1693,1281,0~tina.jpg
1694,1287,0~new_camera_137.jpg
1695,1294,
1696,1295,
1697,1296,0~1231544_10151852929089204_1116402716_n3.jpg
1698,1299,
1699,1302,0~ME.jpg
1700,1304,0~601270_10200904150064778_1869764536_n.jpg
1701,1308,
1702,1309,0~IMG_1344.JPG
1703,1311,
1704,1314,0~image.jpg
1705,1315,
1706,1329,0~profile.jpg
1707,1336,0~kirstins_graduation.jpg
1708,1343,
1709,1350,
1710,1351,
1711,1353,0~197_27300830297_2546_n.jpg
1712,1358,0~1053093_10201458445682860_211462850_o.jpg
1713,1359,
1714,1371,
1715,1383,0~1010642_10201154426450276_1078892717_n.jpg
1716,1393,
1717,1408,
1718,1409,0~IMG_1037.JPG
1719,1417,0~1186305_4824305026121_1137385462_n.jpg
1720,1423,0~1005904_10151777309744311_218199334_n.jpg
1721,1424,0~1380177123392.jpg
1722,1426,
1723,1428,0~Fresh_ID.jpg
1724,1435,
1725,1436,0~red.jpg
1726,1444,
1727,1447,0~photo_(2).JPG
1728,1453,
1729,1455,0~DSC0733.png
1730,1462,0~photo1.jpg
1731,1464,
1732,1471,
1733,1472,
1734,1477,
1735,1479,
1736,1485,
1737,1486,
1738,1489,0~nicole.jpg
1739,1495,
1740,1496,0~008.jpg
1741,1499,
1742,1502,0~IMG_6134.jpg
1743,1507,0~Citizenship_ceremony.jpg
1744,1513,
1745,1515,0~IMG_0529.JPG
1746,1525,
1747,1528,0~0212.JPG
1748,1529,
1749,1535,
1750,1550,0~Stephanie_Johnson.gif
1751,1554,0~1276824_201826436666830_375987612_o.jpg
1752,1559,0~image.jpg
1753,1560,
1754,1567,0~075.JPG
1755,1568,
1756,1570,
1757,1573,0~1001752_10151719786898703_184433258_n.jpg
1758,1577,0~Ebony_Nave_010.jpg
1759,1582,
1760,1585,
1761,1586,0~404901_324729277565245_457099313_n.jpg
1762,1588,0~037.JPG
1763,1589,0~photo.JPG
1764,1591,0~image.jpg
1765,1594,0~1237496_214618905366770_668713424_n.jpg
1766,1597,0~fresh.jpg
1767,1598,0~165066_10151135083825834_1642317120_n.jpg
1768,1600,
1769,1602,
1770,1605,0~IMG_2981.jpg
1771,1613,0~1069258_10151707504178617_570879995_n.jpg
1772,1615,0~WIN_20140419_125350.JPG
1773,1617,0~fint3_2.JPG
1774,1621,0~P1080519.JPG
1775,1626,
1776,1632,0~HilaryFay.jpg
1777,1634,
1778,1638,0~480695_459331287466553_900325008_n.jpg
1779,1639,
1780,1643,0~TPhoto_00002.jpg
1781,1646,0~hamish.jpg
1782,1650,
1783,1651,0~IMG_0960.JPG
1784,1656,
1785,1657,
1786,1659,0~bellafresh.jpg
1787,1660,
1788,1663,
1789,1664,0~1395044_10200119712950640_2048894133_n.jpg
1790,1669,
1791,1670,0~Sem_titulo.jpg
1792,1672,
1793,1677,0~FRESH.png
1794,1691,0~pic_1_(2).jpg
1795,1696,0~Farewell.jpg
1796,1704,0~1011971_10152107164006164_785093693_n.jpg
1797,1708,
1798,1710,0~1239830_601277469924329_1468362179_n.jpg
1799,1711,0~image.jpg
1800,1714,0~IMG_8006.jpg
1801,1716,0~IMG_1969.JPG
1802,1718,0~Me.jpg
1803,1720,
1804,1724,0~freshevents.jpg
1805,1725,0~401351_2768718570939_620547332_n.jpg
1806,1730,
1807,1731,0~image.jpg
1808,1736,0~IMG_0642.jpg
1809,1744,0~olivia.jpg
1810,1752,
1811,1753,0~vscocam81.jpg
1812,1759,0~iphone_272.jpg
1813,1765,0~DSC01404.JPG
1814,1766,0~Ailie_Short_Photo.jpg
1815,1767,0~IMG_06631.JPG
1816,1771,0~picture0071.jpg
1817,1779,0~526301_232226140261321_594037468_n.jpg
1818,1799,
1819,1800,
1820,1804,0~photo_(1).JPG
1821,1808,
1822,1812,
1823,1814,
1824,1815,0~image.jpg
1825,1817,
1826,1818,0~Rough_Head.jpg
1827,1819,
1828,1821,0~Photo_on_12-10-13_at_3.jpg
1829,1824,0~1001280_10151662693016750_1668508503_a.jpg
1830,1829,0~fffff.jpg
1831,1830,0~IMG_0298.PNG
1832,1832,0~work.jpg
1833,1835,
1834,1836,
1835,1839,
1836,1845,
1837,1850,
1838,1851,
1839,1853,0~River.jpg
1840,1863,0~IMG_8105.JPG
1841,1871,
1842,1872,
1843,1878,
1844,1880,0~Photo.jpg
1845,1882,
1846,1885,
1847,1897,0~andy_ass.jpg
1848,1899,
1849,1900,0~Iphone_dec_15_2012_059.JPG
1850,1902,
1851,1903,
1852,1907,
1853,1909,0~IMG_2772[1].JPG
1854,1912,0~Nick.jpg
1855,1914,0~IMG_1044.jpg
1856,1915,0~420187_277872585677230_624541852_n.jpg
1857,1918,0~img_1563.jpg
1858,1922,0~veronique_becchia.jpg
1859,1923,0~229328_1921175462141_1024683171_32203385_7775532_n.jpg
1860,1926,0~185825_10151297967748082_104002703_n.jpg
1861,1927,0~photo_(3).JPG
1862,1928,0~IMG_1255.JPG
1863,1930,0~Photo_on_8-12-2013_at_9.30_pm_.jpg
1864,1934,
1865,1947,0~image.jpg
1866,1951,
1867,1957,0~IMG_1096.JPG
1868,1959,
1869,1960,0~1185750_10152229793587926_1333079637_n.jpg
1870,1972,0~Screen_shot_2013-10-21_at_4.02_.29_PM_.png
1871,1978,
1872,1979,
1873,1980,0~Adriana.jpg
1874,1987,
1875,1988,0~image.jpg
1876,1992,
1877,1993,0~Photo_on_10-01-14_at_8.38_PM_#2_.jpg
1878,1995,0~meee.jpg
1879,1998,
1880,1999,
2237,2003,0~934733_10152474067246953_1945962182_n_(2).jpg
1882,2008,
1883,2010,
1884,2013,0~image.jpg
1885,2016,0~pic_34.jpg
1886,2026,0~Nick_harris.jpg
1887,2032,
1888,2033,
1889,2034,0~normal_ASHS_RC-0734.jpg
1890,2035,
1891,2036,
1892,2043,0~image.jpg
1893,2044,0~007_-_Copy.JPG
1894,2045,
1895,2047,
1896,2049,
1897,2053,0~fresh.jpg
1898,2054,
1899,2055,
1900,2056,0~Elise_Williams_1.jpg
1901,2057,
1902,2058,
1903,2062,
1904,2063,
1905,2064,
1906,2065,
1907,2069,
1908,2077,
1909,2079,0~094.jpg
1910,2081,
1911,2082,
1912,2084,
1913,2087,
1914,2088,
1915,2092,
1916,2093,0~gold_dress.jpg
1917,2094,0~003.JPG
1918,2095,0~IMG_20140109_151758.jpg
1919,2096,0~66747_4932957813468_1662021113_n.jpg
1920,2102,
1921,2104,
1922,2106,
1923,2109,0~857943_519450398097609_558431613_o.jpg
1924,2111,0~Screen_Shot_2013-10-29_at_11.16_.18_AM_.png
1925,2112,
1926,2114,0~image.jpg
1927,2115,0~379617_10151689048631303_1506629305_n.jpg
1928,2116,0~Ranee.jpg
1929,2117,
1930,2122,
1931,2124,
1932,2125,
1933,2128,0~20101026_2.JPG
1934,2130,
1935,2131,0~IMG_0540.JPG
1936,2132,0~Head_shot.jpg
1937,2133,0~419010_613623965314592_599744773_n.jpg
1938,2134,
1939,2137,0~Screen_Shot_2013-10-15_at_6.37_.06_PM_.png
1940,2139,0~578645_10152260233247846_446511520_n.jpg
1941,2140,0~photo.jpg
1942,2145,0~529878_370383989681212_163270347059245_1088152_1141701849_n.jpg
1943,2147,0~image.jpg
1944,2150,
1945,2151,0~1237099_10151612447975216_1244914187_n.jpg
1946,2152,
1947,2156,
1948,2159,
1949,2161,0~fresh.jpg
1950,2163,
1951,2165,
1952,2166,0~189.JPG
1953,2167,0~18866_265481963385_2104512_n.jpg
1954,2168,
1955,2171,0~582265_10152432634410593_592421416_n.jpg
1956,2172,
1957,2173,
1958,2174,0~image.jpg
1959,2177,0~Screen_shot_2013-10-16_at_12.01_.10_AM_.png
1960,2180,0~IMG_0159.JPG
1961,2184,
1962,2186,0~IMAG0445.jpg
1963,2187,
1964,2188,
1965,2189,
1966,2190,0~default.jpg
1967,2191,
1968,2193,0~image.jpg
1969,2194,0~Screen_Shot_2013-10-22_at_8.41_.15_PM_.png
1970,2195,
1971,2197,
1972,2198,0~formal_4_(2).jpg
1973,2199,
1974,2200,0~IMG_2490.JPG
1975,2202,
1976,2204,
1977,2206,0~Karen_Joe.jpg
1978,2207,
1979,2208,
1980,2210,0~Screen_Shot_2013-10-19_at_8.55_.47_AM_.png
1981,2211,
1982,2213,0~headshot1.jpg
1983,2214,0~Emily_1.jpg
1984,2215,0~1416077_27990511.jpg
1985,2216,
1986,2217,0~IMG_2320.jpg
1987,2218,0~107.jpg
1988,2219,
1989,2220,
1990,2221,0~Long_Hair.jpg
1991,2222,
1992,2223,
1993,2225,
1994,2226,0~image.jpg
1995,2227,
1996,2229,
1997,2232,0~photo2.png
1998,2235,0~599193_10151555125780530_2019267664_n.jpg
1999,2238,
2000,2240,
2001,2241,
2002,2242,0~DSC00098.JPG
2003,2243,
2004,2245,
2005,2246,0~image.jpg
2006,2247,0~image.jpg
2007,2249,0~IMG_5716.jpg
2008,2250,
2009,2252,0~IMG_0092.jpg
2010,2254,
2011,2255,0~detterbeck.jpg
2012,2257,
2013,2259,
2014,2260,
2015,2261,
2016,2265,
2017,2266,
2018,2267,
2019,2268,0~Picture_of_Me1.jpg
2020,2269,0~ArcSoft_Image22961.jpg
2021,2270,0~1378420_570578089645167_1011910910_n.jpg
2022,2271,
2023,2272,0~Mum_and_Lucie_School.jpg
2024,2273,0~katiheadshot.jpg
2025,2274,0~photo.JPG
2026,2275,0~IMG_3401.JPG
2027,2276,0~IMG_1268.JPG
2028,2278,
2029,2282,0~Fresh_Photo_2.jpg
2030,2284,
2031,2285,0~Profile_Pic.jpg
2032,2287,0~969549_10151578830958107_1719217129_n_-_Copy.jpg
2033,2288,
2034,2290,0~P1020257.JPG
2035,2291,
2036,2292,0~539758_475713525870119_1730782812_n.jpg
2037,2293,
2038,2294,0~DSC00562.JPG
2039,2295,0~Me.jpg
2040,2296,
2041,2298,
2042,2299,
2043,2301,
2044,2302,
2045,2303,0~Will_Greig.jpg
2046,2304,
2047,2306,
2048,2307,0~Felicity_Connolly_1.jpg
2049,2308,
2050,2309,0~IMG_5444.jpg
2051,2310,
2052,2311,0~me.jpg
2053,2312,
2054,2315,
2055,2316,0~1422398_10202287211520723_733227882_n.jpg
2056,2317,0~Screen_Shot_2013-11-05_at_6.38_.54_PM_.png
2057,2318,0~IMG_5225.jpg
2058,2319,
2059,2320,0~64290_4870679158778_109277005_n.jpg
2060,2321,
2061,2323,0~old_house.jpg
2062,2329,
2063,2334,
2064,2335,0~prac.jpg
2065,2336,
2066,2337,0~IMG_00009325.jpg
2067,2340,
2068,2341,0~image.jpg
2069,2342,
2070,2349,
2071,2350,
2072,2354,
2073,2355,
2074,2357,
2075,2358,
2076,2360,
2077,2361,0~frametastic.jpg
2078,2364,
2079,2369,0~578623_432644896793387_1618088565_n.png
2080,2374,
2081,2377,
2082,2379,0~P_Office_Portrait.jpg
2083,2380,0~IMG_0903.JPG
2084,2383,0~WOrk_Photo.png
2085,2384,
2086,2385,0~Untitled.jpg
2087,2386,
2088,2387,
2089,2389,
2090,2391,
2091,2392,
2092,2393,
2093,2395,0~Koala.jpg
2094,2397,0~IMG_15401.JPG
2095,2400,
2096,2401,0~jessie_photo.jpg
2097,2404,
2098,2405,0~FRESH.jpg
2099,2406,
2100,2407,
2101,2408,0~Photo_on_27-08-13_at_9.02_AM_#7_.jpg
2102,2409,
2103,2411,0~Amber.jpg
2104,2413,
2105,2414,
2106,2415,0~image.jpg
2107,2416,
2108,2417,
2109,2418,0~Capture.JPG
2110,2420,
2111,2421,0~sd_No.2_101_.JPG
2112,2424,0~479969_10200266971660874_182469296_n.jpg
2113,2425,0~IMG_3811.JPG
2114,2426,0~profpic.JPG
2115,2427,0~IMG_1017.jpg
2116,2428,0~photo.jpg
2117,2429,
2118,2430,
2119,2435,0~fresh_(2).jpg
2120,2437,
2121,2438,
2122,2439,0~IMG_0364.JPG
2123,2440,0~image.jpg
2124,2441,0~resume_photo.jpg
2125,2442,
2126,2443,0~image.jpg
2127,2444,0~Screen_shot_2013-10-17_at_2.16_.49_PM_.png
2128,2446,
2129,2447,0~image.jpg
2130,2448,0~Jared_01.jpg
2131,2450,0~283634_321693251255832_391153967_n.jpg
2132,2452,
2133,2453,0~photo_(1).JPG
2134,2454,0~Snapshot_20131003_12.JPG
2135,2455,
2136,2456,
2137,2457,0~DSC_1010.jpg
2138,2458,0~face_photo.jpg
2139,2463,
2140,2465,
2141,2467,
2142,2468,0~Blue_hills.jpg
2143,2470,
2144,2471,
2145,2472,0~image.jpg
2146,2473,0~image.jpg
2147,2474,
2148,2475,
2149,2477,
2150,2478,0~190681_10150426772660136_3415974_n.jpg
2151,2479,
2152,2480,0~image.jpg
2153,2481,
2154,2482,
2155,2483,
2156,2484,0~1402.jpg
2157,2486,0~IMG_4314.PNG
2158,2487,0~Resume_picture_Aug_2013.jpg
2159,2488,0~image.jpg
2160,2489,
2161,2490,0~me.jpg
2162,2491,0~20130301_150106.jpg
2163,2492,0~suzy_and_steve_4.jpg
2164,2494,0~Picture1.jpg
2165,2495,0~384200_3754578791212_469383872_n_(2).jpg
2166,2496,
2167,2497,
2168,2499,
2169,2500,
2170,2501,
2171,2502,0~IMG_1144.jpg
2172,2503,0~IMG_0033.jpg
2173,2504,
2174,2505,0~_MG_5161.JPG
2175,2506,0~headshot.jpg
2176,2507,
2177,2508,
2178,2509,
2179,2510,0~Hannah.jpg
2180,2511,0~sarah_headshot-fashiongrafix.jpg
2181,2512,
2182,2513,0~29ac0ad.jpg
2183,2514,
2184,2515,
2185,2516,
2186,2517,
2187,2518,0~dd5.jpg
2188,2519,
2189,2520,
2190,2521,
2191,2522,0~d8f95dd9-4c04-4d62-919c-0e9f8a80bc64.jpg
2192,2523,
2193,2525,0~owl.jpg
2194,2526,0~602345_538489609500346_1021082186_n.jpg
2195,2527,0~IMG_3408.jpg
2196,2528,
2197,2530,
2198,2531,
2199,2532,0~526858_3366465836306_1141652980_n.jpg
2200,2533,
2201,2534,
2202,2535,
2203,2536,0~IMG_3344.jpg
2204,2537,
2205,2538,
2206,2539,0~selfieomh.JPG
2207,2540,0~image.jpg
2208,2541,0~1237663_10151838323603329_391561025_n.jpg
2209,2542,0~image.jpg
2210,2543,0~042.JPG
2211,2544,0~021.jpg
2212,2546,
2213,2547,
2214,2549,0~passss.jpg
2215,2550,
2216,2552,0~image.jpg
2217,2553,0~IMG_3289.JPG
2218,2554,0~5007d215bd790.jpg
2219,2555,0~photo_1.PNG
2220,2556,0~1383299_573877285994714_57413044_n.jpg
2221,2557,0~Donna_Picture.jpg
2222,2558,0~matt_chef_photo.jpg
2223,2560,
2224,2561,
2225,2562,0~image.jpg
2226,2564,0~254038964_af1024.jpg
2227,2565,0~GC_Picture.JPG
2228,2566,
2229,2567,
2230,2568,
2231,2569,0~7706e18d-de5e-4a76-9e7d-25c8f23bda3c.jpg
2232,2570,0~image.jpg
2233,2572,0~DSC_0027.jpg
2234,2573,0~body_shot.jpg
2235,2575,0~484730_311884605598911_1435332629_n5.jpg
2236,2574,0~ROD-1.jpg
2628,2628,
2576,2576,
2577,2577,
2579,2579,
2580,2580,0~IMG_20130915_170334.jpg
2581,2581,0~headshot2.jpg
2582,2582,0~photo.JPG
2583,2583,0~5_(2)_(853x1280)_(533x800).jpg
2584,2584,0~IMG_0446.jpg
2585,2585,
2586,2586,0~M_Glancy_Photo.jpg
2587,2587,0~Paula__Semi_Formal___000.JPG
2588,2588,0~025.JPG
2589,2589,0~FotoFlexer_Photo_(2).jpg
2596,2596,
2590,2590,0~image.jpg
2591,2591,
2592,2592,
2593,2593,
2594,2594,0~alejandra.png
2595,2595,0~photo_(3).JPG
2597,2597,0~image.jpg
2621,2621,0~IMG_7358.jpg
2598,0,
2599,2599,0~553278_10200123761197856_1313750187_n.jpg
2600,2600,0~victoria_1.jpg
2601,2601,
2602,2602,
2603,2603,0~maxim_pics.jpg
2604,2604,0~Iphone_dec_15_2012_001.JPG
2605,2605,
2606,2606,0~2013-08-25-12-49-41_photo.jpg
2607,2607,0~simon_pic3.jpg
2608,2608,0~Screen_Shot_2013-10-24_at_16.44_.56_.png
2609,2609,0~DSC01187.JPG
2610,2610,
2611,2611,0~pic.jpg
2612,2612,0~image.jpg
2613,2613,0~IMG_0002.JPG
2614,2614,
2615,2615,0~Picture1.png
2616,2616,0~DSCN0123[1].JPG
2617,2617,0~1.jpg
2618,2618,0~MarcoCeballosPhoto.jpg
2619,2619,0~Copy_of_20130720_005439.jpg
2620,2620,0~IMG_0037.jpg
2622,2622,0~Photo_on_2-11-2013_at_11.27_am_#2_.jpg
2623,2623,0~484378_10151521335149483_1277347418_n.jpg
2624,2624,
2625,2625,
2626,2626,
2627,2627,
2629,2629,
2630,2630,0~625.jpg
2631,2631,
2632,2632,
2633,2633,0~9644_10151527927283625_212189208_n.jpg
2634,2634,0~740348_10151438338266213_1524922347_o.jpg
2635,2635,0~423693_10151356049210531_353522862_n.jpg
2636,2636,0~1079163_10153122609580187_1134137675_n.jpg
2637,2637,0~419949_10150625698487528_727429854_n.jpg
2638,2638,0~Photo_Davide_Sofia.jpg
2639,2639,0~Immagine.jpg
2640,2640,0~Screen_Shot_2013-09-24_at_6.41_.26_PM_.png
2641,2641,0~011.JPG
2642,2642,0~30375_10151257853054170_854009800_n.jpg
2643,2643,0~pedro_dabes.jpg
2644,2644,0~photo4.JPG
2645,2645,0~Tara.jpg
2646,2646,0~IMG_2880_-_Version_2.JPG
2647,2647,
2648,2648,0~FACE3.png
2649,2649,0~1424579_10202294349737368_47204599_n.jpg
2650,2650,0~IMG_20130730_021638-1.jpg
2651,2651,0~IMG-20131030-WA0078.jpg
2652,2652,
2653,2653,0~profile_pic.jpg
2654,2654,0~027.JPG
2655,2655,0~026.JPG
2656,2656,0~322_23456289167_4153_n.jpg
2657,2657,0~1150388_650252255009786_921357068_n.jpg
2658,2658,0~11534_1062334775448_6909973_n.jpg
2659,2659,0~20131119_135215.jpg
2660,2660,0~Eugenia_Schmidt.jpg
2661,2661,0~1277485_10201071789891897_1350281088_o_(1).jpg
2662,2662,0~image.jpg
2663,2663,
2664,2664,0~IMG_4119.jpg
2665,2665,0~me_now_(2).jpg
2666,2666,0~GAVI.jpg
2667,2667,0~image.jpg
2668,2668,0~Screen_Shot_2013-11-13_at_1.08_.47_PM_.png
2669,2669,0~IMG_1089.jpg
2670,2670,0~Me.jpg
2671,2671,0~_MG_5087_(853x1280).jpg
2672,2672,0~fb.jpg
2673,2673,0~profile.jpg
2674,2674,
2675,2675,
2676,2676,0~Screen_shot_2013-11-01_at_2.57_.44_PM_.png
2677,2677,
2678,2678,0~Screen_shot_2013-10-21_at_4.02_.29_PM_.png
2679,2679,0~image.jpg
2680,2680,0~Profile.jpg
2681,2681,0~1390492_10201556721892709_157829125_n.jpg
2682,2682,0~fototessera.jpg
2683,2683,0~IMG_20131005_1658111.jpg
2684,2684,0~06.10_.13_001_.jpg
2685,2685,0~IMG_5224.JPG
2686,2686,0~image.jpg
2687,2687,
2688,2688,0~Abbate_mathew.jpg
2689,2689,0~552954_10151302636820819_1955128342_n.jpg
2690,2690,0~Fresh.jpg
2691,2691,0~988769_10153454553530230_193054698_n.jpg
2692,2692,0~Facial2.jpg
2693,2693,0~_MG_1094.JPG
2694,2694,0~ana.jpg
2695,2695,0~photo_(1).JPG
2696,2696,
2697,2697,0~598615_10151630206468787_232918071_n.jpg
2698,2698,0~Mobile_photos_2005.jpg
2699,2699,0~Angelica3.jpg
2700,2700,0~1287.JPG
2701,2701,0~934041_594608093905424_332813085_n.jpg
2702,2702,0~IMG_7228.jpg
2733,2733,0~135425_psIMG_6186_copy_Display_(2).jpg
2703,2703,0~me.jpg
2704,2704,
2705,2705,
2706,2706,
2707,2707,0~PHOTO_KELLY.jpg
2708,2708,
2709,2709,0~photo.jpg
2710,2710,0~IMG_1227(1).JPG
2711,2711,
2712,2712,0~Utkarsh_001.jpg
2713,2713,0~527191_10151366559719918_1258771759_n.jpg
2714,2714,0~la_foto_(1).JPG
2715,2715,0~IMG_6907.JPG
2716,2716,
2717,2717,0~Photo_of_Ron_Sabha-.jpg
2718,2718,
2719,2719,
2723,2723,
2758,2758,0~6.jpg
2740,0,
2747,2747,
2720,2720,
2721,2721,0~image.jpg
2722,2722,
2728,2728,
2724,2724,
2725,2725,
2726,2726,
2734,2734,0~In_Flight_06-11-131.jpg
2727,2727,
2774,2774,0~image.jpg
2748,2748,
2729,2729,0~Me.jpg
2730,2730,
2731,2731,0~IMG_5997.JPG
2732,2732,
2735,2735,0~untitled.png
2736,2736,
2737,2737,0~RichardK_BC_(Medium).jpg
2738,2738,0~P9181813.JPG
2739,2739,0~photo.JPG
2741,2741,0~me.png
2742,2742,
2761,2761,0~piccie.jpg
2775,2775,
2743,2743,0~Pic1.jpg
2746,2746,
2749,2749,0~gabriel_Knight.jpg
2750,2750,
2751,2751,
2752,2752,
2753,2753,
2754,2754,0~1392775_3546609521427_1475480520_n.jpg
2755,2755,
2756,0,
2757,2757,0~IMG_0324.JPG
2759,2759,
2760,2760,0~3.jpg
2762,2762,0~Linked_in_1.jpg
2763,2763,0~comp_pic.jpg
2764,2764,0~2013-04-07_20.15_.19_.jpg
2765,2765,0~image.jpg
2770,2770,
2766,2766,
2767,2767,
2768,2768,
2769,2769,0~image.jpg
2771,2771,0~1382184612593.jpg
2772,2772,
2773,2773,0~tumblr_mgx40s6aYW1r0uuoao1_1280.jpg
2776,2776,0~tangtang.jpg
2777,2777,
2778,2778,0~IMG_4637.JPG
2779,2779,0~image.jpg
2780,0,
2781,2781,0~image.jpg
2782,2782,0~IMG_6923.JPG
2783,2783,0~537789_10151725267251632_2029584609_n.jpg
2784,2784,0~537066_10200855299816320_1006278449_n.jpg
2795,2795,0~248424_10151441855399392_305544866_n.jpg
2789,2789,0~Mel_pic_1.jpg
2785,2785,0~1459009_670731326304689_1873069260_n_(3).jpg
2786,2786,0~Screenshot_2013-12-05-17-49-34.png
2787,2787,0~photo_3.JPG
2788,2788,0~photo_(1).JPG
2790,2790,0~Screen_Shot_2013-04-20_at_1.06_.51_PM_2_.png
2791,2791,0~IMG_3893263936952.jpeg
2792,2792,0~Image.jpg
2793,2793,0~image.jpg
2794,2794,0~230.JPG
2796,2796,
2797,2797,
2798,2798,0~PicsArt_1376476515870.jpg
2799,2799,0~recent_pic.jpg
2800,2800,0~GT_(8).JPG
2815,2815,0~photo_2.JPG
2801,2801,0~Gill.jpg
2802,2802,0~image.jpg
2803,2803,0~IMG_6885.jpg
2804,2804,0~IMG_6131.JPG
2805,2805,0~665491_437671912946545_1844404531_o.jpg
2806,2806,
2807,2807,
2808,2808,0~IMG_4017.jpg
2809,2809,0~Photo_on_2013-12-12_at_11.10_#4_.jpg
2810,2810,
2811,2811,
2812,2812,
2813,2813,0~22798_4205761945954_1278627187_n.jpg
2820,2820,0~profile.jpg
2814,2814,
2816,2816,
2817,2817,
2818,2818,0~badge.jpg
2819,2819,
2821,2821,0~1390530_10201868373024536_1838147682_n.jpg
2822,2822,0~Me_edited-1.jpg
2823,2823,0~1456713_10202441001056348_649611616_n.jpg
2824,2824,0~photo.JPG
2825,2825,0~11.JPG
2905,2905,0~Liv.jpg
2847,2847,0~1001495_172956876209281_397102658_n.jpg
2826,2826,0~1505440_10152744726456953_324561233_n.jpg
2884,2884,0~genericstaff.jpg
2827,2827,0~kk_(2).jpg
2828,2828,0~kiera.jpg
2829,2829,
2830,2830,0~image_(red).jpeg
2831,2831,0~534352_264363893716466_1093890363_n.jpg
2832,2832,
2833,2833,0~Caitlin_Derbyshire_Pic.jpg
2834,2834,0~1170711_10151697590204678_1550821536_n.jpg
2835,2835,
2836,2836,
2837,2837,
2838,2838,
2839,2839,
2840,2840,
2841,2841,
2842,2842,
2843,2843,
2844,2844,
2845,2845,
2846,2846,0~Jodie_Sue_20130317-0832.jpg
2848,2848,0~photo.JPG
2849,2849,0~LindenCollings-1-20130326-1209451.jpg
2851,2851,0~image.jpg
2852,2852,0~image001.png
2853,2853,0~image.jpg
2854,2854,0~alana.jpg
2855,2855,0~993711_552406764813497_1429577745_n_(1).jpg
2856,2856,0~IMG_0014.PNG
2885,2885,0~1800352_10202411534744950_1263795351_n.jpg
2857,2857,0~Sml_Diamond.jpg
2858,2858,
2864,2864,
2861,2861,0~hippo.jpg
2860,2860,0~image.jpg
2862,2862,0~bikini.png
2863,2863,0~nene.jpg
2865,2865,
2866,2866,
2867,2867,0~image.jpg
2868,2868,0~pic_2.jpg
2869,2869,0~picture.png
2870,2870,0~Paige_Photo.jpg
2871,2871,0~1937929_10201588548011765_1675523242_n.jpg
2873,2873,0~caden.png
2874,2874,0~promo3.jpg
2875,2875,0~photo.jpg
2876,2876,0~photo.jpg
2877,2877,0~IMG_4332.JPG
2878,2878,
2879,2879,0~Caitlins_21st-web.jpg
2880,2880,0~1239907_10201504799994245_362354592_n.jpg
2881,2881,0~POU_2820.jpg
2882,2882,0~phhoooto.jpg
2883,2883,
2886,2886,0~1902844_10203549020110756_1401031882_n.jpg
2887,2887,0~Photo_Portrait_Alexia_Martin.jpg
2888,2888,
2889,2889,0~IMG_4278.jpg
2890,2890,
2891,2891,0~RachPascoe01.jpg
2892,2892,0~316423_10150358632887326_1692380027_n.jpg
2893,2893,
2894,2894,0~IMG_7706.jpg
2895,2895,0~20131206_223513_1.jpg
2896,2896,0~Untitled.png
2897,2897,0~1229962_10151926933107013_1412390412_n.jpg
2898,2898,0~Screen_Shot_2014-03-07_at_9.00_.42_AM_.png
2899,0,0~IMG_3267.jpg
2900,2900,0~602523_3486686452981_1135266592_n-2.jpg
2901,2901,0~1526229_411791488923520_290528014_n.jpg
2902,2902,0~IMG_9391.jpg
2903,2903,0~1452333_10152425159458975_690672395_n.jpg
2904,2904,0~fRESH_eVENTS_pROFILE.JPG
2910,2910,0~image.jpg
2912,2912,0~557682_193694980810475_302234033_n.jpg
2906,2906,0~pp.jpg
2907,2907,0~2014-01-29_11.31_.56_.png
2911,2911,0~cinimon_.jpg
2908,2908,0~october_13.jpg
2909,2909,0~linkd.jpg
2913,2913,0~Bianca_0009.jpg
2914,2914,0~1557549_10203524622300968_761942620_n_(1).jpg
2925,2925,0~29.jpg
2915,2915,0~Screenshot_2014-03-20_12.21_.20_.png
2916,2916,0~1.jpg
2917,2917,0~IMG_4193.JPG
2918,2918,0~Fresh_Photo.JPG
2922,2922,0~1797364_1383177431949525_744958501_n.jpg
2919,2919,
2920,2920,
2921,2921,0~lizzie.png
2923,2923,0~169615_013A8889_Display.jpg
2924,2924,0~tracey.jpg
2926,2926,0~1888720_10203192193668963_1822399648_n.jpg
2927,2927,
2928,2928,0~Lucy_Young_jpeg.jpg
2929,2929,0~1376611_4743941536126_1410707140_n.jpg
2932,2932,0~TGanytime.jpg
2930,2930,
2931,0,0~picture005.jpg
2951,2951,0~Frontal_shot3.jpg
2947,2947,0~courtfresh5.png
2933,2933,0~photo.jpg
2934,2934,
2935,2935,0~image.jpg
2936,2936,
2937,2937,0~IMG_7285.PNG
2938,2938,0~fresh.jpg
2939,2939,
2940,2940,0~image.jpg
2941,2941,0~317641_292289804136252_100000657049202_977055_143648303_n.jpg
2942,2942,
2943,2943,0~1622219_10152616082415884_1354852592_n.jpg
2944,2944,0~promo.jpg
2945,2945,
2946,2946,
2948,2948,0~image.jpg
2949,2949,0~image.jpg
2964,2964,0~image.jpg
2950,2950,
2952,2952,0~_MG_0121_(2).jpg
2953,2953,0~image.jpg
2954,2954,0~image.jpg
2955,2955,0~IMG_20140330_055020.jpg
2956,2956,0~1455880_636641773054964_1539075652_n.jpg
2957,2957,0~profile.jpg
2958,2958,
2959,0,
2960,2960,0~539221_10202882937810555_301608983_n.jpg
2961,0,
2962,2962,0~image.jpg
2963,2963,0~IMG_9316.JPG
2965,2965,0~photo_2.JPG
2966,2966,0~FotoFlexer_Photo2.jpg
2967,2967,0~10012438_10201849467546095_1124006716_n.jpg
2968,2968,
2969,2969,0~IMG_0148FACElogoWEB.jpg
2970,2970,0~el.jpg
2971,2971,
2972,2972,0~1533849_718833598162135_626513879_n.jpg
2973,2973,0~image.jpg
2974,2974,0~ps.jpg
2975,0,
2976,2976,
2978,2978,0~IMG_1240.jpg
2988,2988,0~IMG_19851.jpg
2993,2993,0~passport_size_pic.jpg
2977,2977,0~521265_10151441150832726_324443657_n1.jpg
2979,2979,0~WLB_0359.JPG
2980,2980,0~IMG_109797636435152.jpeg
2981,2981,0~Carolina1_(86x120).jpg
2982,2982,0~a.jpg
2983,2983,0~photo_.png
2984,2984,0~vivian_breval_abate.jpg
2985,2985,0~1618534_554500267978946_1423915791_n.jpg
2986,2986,
2987,2987,0~Photo.jpg
2989,2989,0~Gisele_Photo_CV.jpg
2990,2990,0~Photo_6.jpg
2991,2991,
2992,2992,0~image.jpg
2994,2994,0~image.jpg
2995,2995,0~644334_338433766278253_326096477_n.jpg
2996,2996,0~mug_shot1.jpg
2997,2997,0~1506810_615210108549617_900244034_n.jpg
2998,2998,0~557872_485559388140322_1258848275_n.jpg
2999,2999,
3000,3000,0~Foto.png
3019,3019,0~1375230_565202883527042_1195757409_n.jpg
3001,3001,0~tmp_IMG_2860414709301-874544494.jpeg
3002,3002,0~IMG_1825.jpg
3003,3003,
3004,3004,0~Photo.jpg
3005,0,
3006,3006,0~madys_face.jpg
3007,3007,0~Captura_de_pantalla_2014-05-05_a_la(s)_15.44_.46_.jpg
3008,3008,0~pic_of_me.jpg
3009,3009,0~560033_4420569532113_1883249946_n.jpg
3010,3010,0~296918_10151027203571939_1978644720_n.jpg
3011,3011,0~IMG_0163.jpg
3012,3012,0~Photo_on_6-02-2014_at_7.44_pm_.jpg
3013,3013,0~Sem_t√≠tulo.png
3014,3014,0~image.jpg
3015,3015,0~Untitled.png
3016,3016,0~535092_3317138040200_784884715_n.jpg
3017,3017,0~72683_10152161928734173_2083121593_n.jpg
3018,3018,
3020,3020,
3021,3021,
3022,3022,0~IMG_9309.JPG
3023,3023,0~1238113_10201897232368230_1631223070_n.jpg
3024,3024,0~image.jpg
3115,3115,0~image.jpg
3025,3025,0~10155664_10202318490336244_991446177_n.jpg
3026,3026,
3027,3027,0~IMG_6431[1].JPG
3028,3028,
3029,3029,0~picture.jpg
3030,3030,0~IMG_5924_(2).jpg
3031,3031,0~Foto_Helios.jpg
3032,3032,0~Kili_n.jpg
3033,3033,0~Scan0009.jpg
3034,3034,0~IMG_20131011_140056486.jpg
3035,3035,0~Henrique_OGANDO_MACHERT.jpg
3036,3036,0~holly.jpg
3037,3037,0~april_shoot.jpg
3040,3040,
3038,3038,0~Photo_on_11-05-14_at_2.47_PM_#2_.jpg
3039,3039,0~1781873_730850223612297_855137180_n.jpg
3041,3041,0~DSC01157.JPG
3042,3042,0~1620612_10202394617842396_1275445245_n.jpg
3043,3043,
3044,3044,0~CT!.jpg
3046,3046,0~Roxann_Van_Tuyl_n.jpg
3049,3049,0~IMG149.jpg
3047,3047,0~1966917_831266083555938_1702076911_n.jpg
3048,3048,0~10272504_507639709342637_404690765693263153_o.jpg
3053,3053,0~Optimized-_MG_4092-001.JPG
3050,3050,0~246830_10151207369792275_304769374_n.jpg
3051,3051,0~_DSC0139-Edit.jpg
3052,3052,0~pic.JPG
3054,3054,0~harsha.jpg
3055,3055,0~sachin.jpg
3056,3056,0~IMG_2264.JPG
3057,3057,0~download.png
3058,3058,0~Head_Shot_Jacob_Joy.jpg
3059,3059,0~Fresh_photo.jpg
3060,3060,0~IMG_9786.JPG
3061,3061,0~pic_profile.jpg
3062,3062,0~IMG_0019.jpg
3063,3063,0~1391605_10151972583906926_291123501_n.jpg
3064,3064,
3065,3065,
3066,3066,0~astraunaut.jpg
3067,3067,0~New_Image.jpg
3068,3068,0~998564_559108197484767_1228399196_n.jpg
3069,3069,0~Mugshot.jpg
3070,3070,0~Screen_Shot_2014-05-20_at_8.08_.08_PM_.png
3071,3071,0~1.jpg
3072,3099,0~pic_anusha.jpg
3073,3073,0~10345777_10202937632393390_409287479563516114_n.jpg
3074,3074,0~IMG_20140506_145714.jpg
3075,3075,0~10363934_10152078128142116_7514877587533351469_n.jpg
3076,3076,0~Conor.jpg
3077,3077,0~IMG_1018.JPG
3078,3078,
3079,3079,0~image1.jpg
3080,3080,0~StarCam_2014_04_18_11_57_30.jpg
3082,3082,0~my_photo.jpg
3083,3083,0~IMG_1418.JPG
3084,3084,0~563099_285517248195618_520682246_n.jpg
3085,3085,0~1464121_3557409031029_2060461979_n.jpg
3086,3086,0~2.jpeg
3087,3087,0~1506049_10202888341542724_4323776682973502269_n.jpg
3088,3088,0~image.jpg
3089,3089,0~foto.JPG
3090,3090,0~Grazi.jpg
3091,3091,0~image.jpg
3092,3092,0~Screen_Shot_2014-05-21_at_2.14_.21_PM_.png
3093,3093,0~IMG_20140508_095030.jpg
3094,3094,0~IMG_1460_2.jpg
3095,3095,
3096,3096,0~Cameron_Picture.jpg
3097,3097,0~IMG_0267[1].JPG
3098,3098,0~Matt.jpg
3120,3120,0~image.jpg
3100,3100,0~DSC_0035.JPG
3101,3101,0~558746_10152334358047755_165407242_n.jpg
3102,3102,0~100_0123.JPG
3103,3103,0~IMG_20140427_032048.jpg
3104,3104,0~IMG_2051.JPG
3105,3105,0~10155881_828130917200551_5874812405476579626_n.jpg
3106,3106,0~DSCN0106.JPG
3107,3107,0~KSHITIJ_D_TIWARI.jpeg
3108,3108,0~10302525_743935685640409_5672319073338037307_n.jpg
3109,3109,0~1798920_10203165967568375_1195600272_o.jpg
3110,3110,0~POE_Newsletter_compressed.png
3111,3111,0~Foto_Solange.JPG
3112,3112,0~image.jpg
3113,3113,0~MEA_Campari_shot.JPG
3114,3114,0~10295806_10204083937525712_4055839875391772811_n.jpg
3116,3116,0~image.jpg
3134,3134,0~045.JPG
3117,3117,0~photo.JPG
3118,3118,0~10003526_704501702933522_8449548883909181769_n.jpg
3119,3119,
3144,3144,0~raja_et_moi.jpg
3163,3163,0~profile.jpg
3121,3121,0~389955_10150526310514610_1067628117_n.jpg
3122,3122,0~photo.PNG
3123,3123,0~46371_10200436689826078_7596716_n.jpg
3124,3124,0~Lucas_Irwin_No_Glasses1.jpg
3125,3125,0~photo.jpg
3126,3126,0~Photo.png
3127,3127,0~BeFunky_205264_10150977581439341_2083935283_n.jpg.jpg
3128,3128,0~10154974_672253722821408_909119913_n.jpg
3129,3129,0~IMG_7481.jpg
3130,3130,0~Snapshot_20140322_1.JPG
3131,3131,0~IMG_0027.JPG
3132,3132,
3133,3133,0~IMG_0526.JPG
3135,3135,0~1505065_10152156102944463_1234929727_n.jpg
3136,3136,0~WIN_20140523_151150_(2).JPG
3137,3137,0~Madee.jpg
3138,3138,0~DFB.JPG
3139,3139,0~me_face.jpg
3140,3140,0~Kez_Profile.JPG
3141,3141,0~foto.JPG
3142,3142,0~DSC01390.JPG
3143,3143,
3145,3145,0~Screen_Shot_2014-05-26_at_12.13_.39_pm_.png
3146,3146,0~image.jpg
3147,3147,
3148,3148,0~Screen_Shot_2014-05-29_at_4.38_.44_PM_.png
3149,3149,
3150,3150,0~photo.PNG
3151,3151,0~snapshot_(1).jpg
3152,3152,0~thanks.jpg
3153,3153,0~Olga_Abramova_-_klein.jpg
3154,3154,0~Tanya_photo.jpg
3155,3155,0~unnamed.jpg
3156,3156,0~1374745_10151906016350115_455794440_n-1_resized.jpg
3157,3157,0~IMG_20111126_193420.jpg
3158,3158,0~1798801_10151994996529139_682308026_n.jpg
3189,3189,
3160,3160,0~IMG_259397683109188.jpeg
3161,3161,0~resume.jpg
3162,3162,0~bmagP01.jpg
3164,3164,
3165,3165,0~20140502_150332.jpg
3220,3220,
3166,3166,0~10405801_10152050551340047_730645195_n.jpg
3167,3167,0~29-05-2014_7-54-42_AM.png
3168,3168,0~image.jpg
3169,3169,0~image.jpg
3170,3170,
3171,3171,
3172,3172,0~morrrrrrrrrrggggggggggggan.jpg
3173,3173,0~myface.jpg
3174,3174,0~397123_2441097228021_527408254_n.jpg
3175,3175,0~WIN_20140310_162434.JPG
3176,3176,0~Snapchat-20140605033326.jpg
3177,3177,0~Mikaela_Allman_-_Profile_Picture.jpg
3178,3178,0~image.jpg
3179,3179,0~Photo_on_6-10-14_at_7.21_PM_#2_.jpg
3180,3180,
3181,3181,
3182,3182,0~DSC_0261.JPG
3183,3183,0~image.jpg
3184,3184,0~amop.png
3185,3185,
3186,3186,
3187,3187,0~311099_591496257545678_188864731_n_-_Copy.jpg
3188,3188,0~10414487_10152168304962643_3319979131326577606_n.jpg
3190,3190,
3191,3191,0~image.jpg
3192,3192,0~1903984_4288802194012_6823511064448121901_n.jpg
3193,3193,
3194,3194,
3195,3195,
3196,3196,0~photo.JPG
3197,3197,0~foto.jpg
3198,3198,0~10406924_10204435392863984_1443046861776762590_n.jpg
3199,3199,
3200,3200,0~My_Profile_Pic6.png
3201,3201,0~foto_visa.JPG
3202,3202,0~IMG_1391.jpg
3203,3203,
3204,3204,
3205,3205,0~604173_10151627582319258_2136792553_n.jpg
3206,3206,0~me.jpg
3207,3207,
3208,3208,0~13213.jpg
3209,3209,0~19c082779c68f4f62c8a145df4da1bcf269fd41000baca077e87d24f119f23f1.jpg
3210,3210,0~foto_mia.jpg
3211,3211,0~maureen.jpg
3212,3212,0~My_Image.jpg
3213,3213,0~1e9943e.jpg
3214,3214,0~140130-172648.jpg
3215,3215,
3216,3216,
3217,3217,
3218,3218,
3221,3221,
3219,3219,0~b.jpg
3222,3222,
