<?xml version="1.0"?>
<action-recipes>
	
	<!--<action id="com.macrabbit.text-actions.duplicate" category="hidden">
		
		<class>ESDuplicateTextAction</class>
		<key-equivalent>cmd d</key-equivalent>
		
	</action>-->

	
	<action id="com.macrabbit.text-actions.shift-left" category="actions.text.important">
		
		<class>ESShiftIndentationTextAction</class>
		<key-equivalent>cmd [</key-equivalent>
		<setup>
			<delta><integer>-1</integer></delta>
		</setup>
		
	</action>
	
	<action id="com.macrabbit.text-actions.shift-right" category="actions.text.important">
		
		<class>ESShiftIndentationTextAction</class>
		<key-equivalent>cmd ]</key-equivalent>
		<setup>
			<delta><integer>+1</integer></delta>
		</setup>
		
	</action>
	
	<action id="com.macrabbit.text-actions.toggle-comment" category="actions.text.important">
		
		<class>ESToggleCommentAction</class>
		<key-equivalent>cmd /</key-equivalent>
		
	</action>
	
	<action id="com.macrabbit.text-actions.close-tag" category="actions.text.item-based/generic">
		
		<class>ESCloseTagAction</class>
		<key-equivalent>cmd option .</key-equivalent>
		<language-context>html, xml</language-context>
		
	</action>
	
</action-recipes>
