<?xml version="1.0"?>
<action-sort-instructions>
	
	<sort-template>
		<selector>actions.text.item-based</selector>
		<selector>actions.text.important</selector>
		<selector>actions.text.reindent</selector>
		<selector>actions.text.generic</selector>
		<selector>*</selector>
	</sort-template>

	<sort-template>
		<selector>*</selector>
		<selector>generic</selector>
	</sort-template>
	
	<sort-template>
		<selector>com.macrabbit.text-actions.duplicate</selector>
		<selector>com.macrabbit.text-actions.shift-left</selector>
		<selector>com.macrabbit.text-actions.shift-right</selector>
		<selector>com.macrabbit.text-actions.toggle-comment</selector>
	</sort-template>
	
</action-sort-instructions>
