<?xml version="1.0" encoding="UTF-8"?>
<!DOCTYPE syntax SYSTEM "syntax.dtd">
<syntax>

    <head>
        <name>ASP-HTML</name> <!-- The definitions title -->
        <charsintokens><![CDATA[_0987654321abcdefghijklmnopqrstuvwxyzABCDEFGHIJKLMNOPQRSTUVWXYZ<>]]></charsintokens> <!-- Valid Characters for Variables -->
        <!-- <charsdelimitingtokens></charsdelimitingtokens> -->
    </head>

    <states>
    
    	<!-- STUDIO - rewritten for 1.6, do not replace. -->
        <default id="Base" usesymbolsfrommode="HTML" useautocompletefrommode="HTML" usespellchecking="yes" scope="meta.default">
			<import mode="XML" keywords-only="yes"/>
			
			<state id="ASP-VBScript" usesymbolsfrommode="ASP-HTML" useautocompletefrommode="ASP-HTML" scope="meta.default" foldable="yes">

				<begin><regex>&lt;%(?:(?:[\t ]*@(?:\s*\w++(?!=))?)|=?)</regex><autoend>%></autoend></begin>
				<end><regex>(?:%>)</regex></end>
	
				<keywords id="ASP Delimiter" useforautocomplete="no" scope="markup.processing.languageswitch.asp">
					<regex>(&lt;%(?:(?:[\t ]*@(?:\s*\w++(?!=))?)|=?))</regex>
					<regex>(&lt;%)(?![\S])</regex>
					<regex>(%>)</regex>
					<regex>(&lt;%%>)</regex>
				</keywords>

				<keywords id="ASP-VBScript Functions" casesensitive="no" useforautocomplete="yes" scope="keyword.vb">
					<string>_</string>
					<string>Abs</string>
					<string>Array</string>
					<string>Asc</string>
					<string>Atn</string>
					<string>CBool</string>
					<string>CByte</string>
					<string>CCur</string>
					<string>CDate</string>
					<string>CDbl</string>
					<string>Chr</string>
					<string>CInt</string>
					<string>CLng</string>
					<string>Cos</string>
					<string>CreateObject</string>
					<string>Csng</string>
					<string>CStr</string>
					<string>Date</string>
					<string>DateAdd</string>
					<string>DateDiff</string>
					<string>DatePart</string>
					<string>DateSerial</string>
					<string>DateValue</string>
					<string>Day</string>
					<string>Exp</string>
					<string>Filter</string>
					<string>Fix</string>
					<string>FormatCurrency</string>
					<string>FormatDateTime</string>
					<string>FormatNumber</string>
					<string>FormatPercent</string>
					<string>GetObject</string>
					<string>Hex</string>
					<string>Hour</string>
					<string>InStr</string>
					<string>InStrRev</string>
					<string>Int</string>
					<string>IsArray</string>
					<string>IsDate</string>
					<string>IsEmpty</string>
					<string>IsNull</string>
					<string>IsNumeric</string>
					<string>IsObject</string>
					<string>Join</string>
					<string>LCase</string>
					<string>Left</string>
					<string>Len</string>
					<string>Log</string>
					<string>Mod</string>
					<string>LTrim</string>
					<string>Mid</string>
					<string>Minute</string>
					<string>Month</string>
					<string>MonthName</string>
					<string>Now</string>
					<string>Oct</string>
					<string>Replace</string>
					<string>Right</string>
					<string>Rnd</string>
					<string>Round</string>
					<string>RTrim</string>
					<string>ScriptEngine</string>
					<string>ScriptEngineBuildVersion</string>
					<string>ScriptEngineMajorVersion</string>
					<string>ScriptEngineMinorVersion</string>                
					<string>Second</string>
					<string>Sgn</string>
					<string>Sin</string>
					<string>Space</string>
					<string>Split</string>
					<string>Sqr</string>
					<string>StrComp</string>
					<string>String</string>
					<string>StrReverse</string>
					<string>Tan</string>
					<string>Time</string>
					<string>Timer</string>
					<string>TimeSerial</string>
					<string>TimeValue</string>
					<string>Trim</string>
					<string>TypeName</string>
					<string>UBound</string>
					<string>UCase</string>
					<string>VarType</string>
					<string>Weekday</string>
					<string>WeekdayName</string>
					<string>Year</string>
					<string>response</string>
					<string>cookies</string>
					<string>buffer</string>
					<string>cachecontrol</string>
					<string>charset</string>
					<string>contenttype</string>
					<string>expires</string>
					<string>expiresabsolute</string>
					<string>isclientconnected</string>
					<string>pics</string>
					<string>status</string>
					<string>addheader</string>
					<string>appendtolog</string>
					<string>binarywrite</string>
					<string>clear</string>
					<string>end</string>
					<string>GetLocale</string>
					<string>SetLocale</string>
					<string>LoadPicture</string>
					<string>RGB</string>>
					<string>flush</string>
					<string>redirect</string>
					<string>write</string>
					<string>request</string>
					<string>clientcertificate</string>
					<string>cookies</string>
					<string>form</string>
					<string>querystring</string>
					<string>servervaribles</string>
					<string>totalbytes</string>
					<string>binaryread</string>
					<string>application</string>
					<string>application_onend</string>
					<string>application_onstart</string>
					<string>contents</string>
					<string>staticobjects</string>
					<string>remove</string> 
					<string>removeall</string> 
					<string>lock</string>
					<string>unlock</string>
					<string>session</string>
					<string>codepage</string>
					<string>lcid</string>
					<string>sessionid</string>
					<string>timeout</string>
					<string>abandon</string>
					<string>server</string>
					<string>scripttimeout</string>
					<string>createobject</string>
					<string>eval</string>
					<string>execute</string>
					<string>executeglobal</string>
					<string>MsgBox</string>
					<string>InputBox</string>
					<string>getlasterror</string>
					<string>htmlencode</string>
					<string>mappath</string>
					<string>transfer</string>
					<string>urlencode</string>
					<string>ASPError</string>
					<string>ASPCode</string>
					<string>ASPDescription</string>
					<string>category</string>
					<string>column</string>
					<string>description</string>
					<string>file</string>
					<string>line</string>
					<string>number</string>
					<string>SetAbort</string>
					<string>SetComplete</string>
					<string>Session_OnEnd</string>
					<string>Session_OnStart</string>
				</keywords>
				
				<keywords id="Types" casesensitive="no" useforautocomplete="yes" scope="keyword.type">
					<string>bool</string>
					<string>boolean</string>
					<string>double</string>
					<string>extends</string>
					<string>float</string>
					<string>int</string>
					<string>integer</string>
					<string>private</string>
					<string>protected</string>
					<string>real</string>
					<string>resource</string>
					<string>var</string>
					<string>static</string>
					<string>string</string>
					<string>final</string>
					<string>array</string>
        </keywords>

        <keywords id="Number Literals" casesensitive="no" useforautocomplete="yes" scope="constant.numeric.keyword">
            <string>false</string>
            <string>NULL</string>
            <string>null</string>
            <string>true</string>
            <string>undefined</string>
        </keywords>

				<keywords id="Keywords" casesensitive="no" useforautocomplete="yes" scope="keyword.control.vb">
					<string>And</string>
					<string>As</string>
					<string>BOF</string>
					<string>break</string>
					<string>ByRef</string>
					<string>ByVal</string>
					<string>Call</string>
					<string>case</string>
					<string>class</string>
					<string>clone</string>
					<string>Close</string>
					<string>Const</string>
					<string>continue</string>
					<string>declare</string>
					<string>die</string>
					<string>Dim</string>
					<string>do</string>
					<string>each</string>
					<string>echo</string>
					<string>else</string>
					<string>elseif</string>
					<string>empty</string>
					<string>enablesessionstate</string>
					<string>end if</string>
					<string>end select</string>
					<string>End</string>
					<string>EOF</string>
					<string>exit</string>
					<string>explicit</string>
					<string>for</string>
					<string>function</string>
					<string>Get</string>
					<string>Goto</string>
					<string>if</string>
					<string>Imp</string>
					<string>in</string>
					<string>include</string>
					<string>include_once</string>
					<string>Is</string>
					<string>language</string>
					<string>Let</string>
					<string>list</string>
					<string>Loop</string>
					<string>MoveFirst</string>
					<string>MoveNext</string>
					<string>new</string>
					<string>next</string>
					<string>not</string>
					<string>nothing</string>
					<string>object</string>
					<string>ObjectContext</string>
					<string>on</string>
					<string>OnEndPage</string>
					<string>OnStartPage</string>
					<string>OnTransactionAbort</string>
					<string>OnTransactionCommit</string>
					<string>Open</string>
					<string>option</string>
					<string>or</string>
					<string>parent</string>
					<string>Preserve</string>
					<string>property</string>
					<string>public</string>
					<string>Randomize</string>
					<string>ReDim</string>
					<string>Rem</string>
					<string>require</string>
					<string>require_once</string>
					<string>Resume</string>
					<string>return</string>
					<string>select case</string>
					<string>Select</string>
					<string>set</string>
					<string>source</string>
					<string>stop</string>
					<string>sub</string>
					<string>then</string>
					<string>to</string>
					<string>transaction</string>
					<string>until</string>
					<string>wend</string>
					<string>while</string>
					<string>with</string>
					<string>xor</string>

				</keywords>
	
				<keywords id="ASP Numbers" useforautocomplete="no" scope="constant.numeric">
						  <regex>(?&lt;=[^\w\d]|^)(((([0-9]+\.[0-9]*)|(\.[0-9]+))([eE][+\-]?[0-9]+)?[fFlL]?)|((([1-9][0-9]*)|0[0-7]*|(0[xX][0-9a-fA-F]+))(([uU][lL]?)|([lL][uU]?))?))(?=[^\w\d]|$)</regex>
				</keywords>
				<keywords id="FunctionRegex" useforautocomplete="no" scope="language.function">
						  <regex>([A-Za-z0-9_]+ *)\(</regex>
				</keywords>
		 
				<state id="ASP Comment" type="comment" foldable="yes" background-color="none" scope="comment.block.vb">
					<begin><regex>/\*</regex></begin>
					<end><regex>\*/</regex></end>
				</state>
				
				<state id="ASP SingleComment" type="comment" background-color="none" scope="comment.line.vb">
					<begin><regex>\'|#|//</regex></begin>
					<end><regex>[\n\r]|(?'unwindend'\%&gt;)</regex></end>
				</state>
				  				
				<state id="ASP String" type="string" background-color="none" usespellchecking="yes" scope="string.double.vb">
					<begin><regex>"</regex></begin>
					<end><regex>((?!=")")</regex></end>
				</state>
				
				<state id="VBBlocksFunction" foldable="yes" scope="meta.block">
					<begin><regex>(?&lt;!exit )\b(?i:(?'vbfunctionkeyword'(?:function|sub)))\b[^\n\r]*</regex><autoend>End \g&lt;vbfunctionkeyword></autoend></begin>
					<end><regex>(?i)(End (?#see-insert-start-group:vbfunctionkeyword))|(?:.(?=\s*(%>|-%>)))</regex></end>
					<import state="ASP-VBScript" />
				</state>

				<state id="VBBlocksIf" foldable="yes" scope="meta.block">
					<begin><regex>\b(?i)if(?'trimmedstart2'[^\n\r]+?then(?=\s*?[\n\r#%']))</regex><autoend>End If></autoend></begin>
					<end><regex>(?i)([.\s](?=else)|(?:end if))|(?:.(?=\s*(%>|-%>)))</regex></end>
					<import state="ASP-VBScript" />
				</state>

				<state id="VBBlocksElse" foldable="yes" scope="meta.block">
					<begin><regex>(?i:(?&lt;!case )\belse\b)</regex><autoend>End If</autoend></begin>
					<end><regex>(?i)(End If)|(?:.(?=\s*(%>|-%>)))</regex></end>
					<import state="ASP-VBScript" />
				</state>

				<state id="VBBlocksFor" foldable="yes" scope="meta.block">
					<begin><regex>\b(?i:for\b[^\n\r]+?\b(?:in|to)\b[^\n\r#']+?)(?=\s*?[\n\r#%'])</regex><autoend>Next</autoend></begin>
					<end><regex>(?i)(?:next)|(?:.(?=\s*(%>|-%>)))</regex></end>
					<import state="ASP-VBScript" />
				</state>

				<state id="VBBlocksSelect" foldable="yes" scope="meta.block">
					<begin><regex>(?i)\b:select case\b[^\n\r#']+?(?=\s*?[\n\r#%'])</regex><autoend>End Select</autoend></begin>
					<end><regex>(?i)(?:end select)|(?:.(?=\s*(%>|-%>)))</regex></end>
					<import state="ASP-VBScript" />
				</state>
				<state id="VBBlocksWith" foldable="yes" scope="meta.block">
					<begin><regex>\b(?i:with\b[^\n\r#']+?)(?=\s*?[\n\r#'])</regex><autoend>End With</autoend></begin>
					<end><regex>(?i)(?:end with)|(?:.(?=\s*(%>|-%>)))</regex></end>
					<import state="ASP-VBScript" />
				</state>

				
			</state>

			<state id="CommentWithPreprocessor" type="comment" foldable="yes" scope="markup.processing">
				<begin><regex>&lt;!--\s*#</regex><autoend>--></autoend></begin>
				<end><regex>--></regex></end>
				<keywords id="SGML Double Dash" useforautocomplete="no" scope="meta.invalid.sgmlcomment">
					<regex>(?&lt;!\!)(--)(?!>)</regex>
				</keywords>
				<!--<import mode="Base" state="EmailAndURLContainerState" keywords-only="yes"/>-->
            </state>

			<state-link mode="XML" state="Comment"/>

            <!--  This is the "we do a complete HTML mode and import ASP-VBScript everywhere" section -->
			<state id="CDATA" foldable="yes" scope="markup.inline.cdata">
				<begin>
					<regex>&lt;!\s*\[CDATA\s*\[</regex>
					<autoend>\]\]></autoend>
				</begin>
				<end>
					<regex>\]\s*\]\s*></regex>
				</end>
                <state-link state="ASP-VBScript"/>
            </state>
			 <state id="Doctype" foldable="no" scope="markup.declaration">
                <begin>
                    <regex>&lt;!</regex><autoend>></autoend>
                </begin>
                <end>
                    <regex>></regex>
                </end>
				<state id="String" type="string" scope="markup.declaration.string.double">
					<begin><regex>"</regex></begin>
					<end><regex>"</regex></end>
					<state-link state="ASP-VBScript"/>
				</state>
				<state id="SingleString" type="string" scope="markup.declaration.string.single">
					<begin><regex>'</regex></begin>
					<end><regex>'</regex></end>
					<state-link state="ASP-VBScript"/>
				</state>
				<state id="Block" type="block" foldable="yes" indent="yes" scope="meta.block.square">
					<begin><regex>\[</regex><autoend>\]</autoend></begin>
					<end><regex>]</regex></end>
					<import />
				</state>
			   <state-link state="ASP-VBScript"/>
            </state>
         <state id="Escape" foldable="no" scope="markup.processing">
                <begin>
                    <regex>&lt;\?</regex><autoend>\?></autoend>
                </begin>
                <end>
                    <regex>\?></regex>
                </end>
				<state id="ProcessingString" type="string" scope="markup.processing.attribute.value.string">
					<begin><regex>"</regex></begin>
					<end><regex>"</regex></end>
                   <state-link state="ASP-VBScript"/>
				</state>
				<state id="ProcessingSingleString" type="string" scope="markup.processing.attribute.value.string">
					<begin><regex>'</regex></begin>
					<end><regex>'</regex></end>
                   <state-link state="ASP-VBScript"/>
				</state>
                   <state-link state="ASP-VBScript"/>
            </state>
            
            <state id="Inline CSS" delimiterState="Tags" usesymbolsfrommode="CSS" useautocompletefrommode="CSS" foldable="yes" indent="yes" scope="meta.block.css">
                <begin>
                    <regex>&lt;[ \t]*(?i)style[^>]*></regex>
                    <autoend>&lt;/style></autoend>
                </begin>
                <end>
                    <regex>(?i)&lt;[ \t]*/[ \t]*style[ \t]*></regex>
                </end>
                
                <import mode="CSS"/>
            </state>

			<state id="JavaScript Container" containerState="yes" usesymbolsfrommode="JavaScript" useautocompletefrommode="JavaScript" scope="meta.block.js">
				<import mode="JavaScript" keywords-only="yes"/>
				<state-link state="AutodocComment" mode="JavaScript"/>
				<state-link state="Comment" mode="JavaScript"/>
				<state-link state="Regular Expressions" mode="JavaScript"/>
				<state-link state="String" mode="JavaScript"/>
				<state-link state="SingleString" mode="JavaScript"/>
			</state>

            <state id="Inline JavaScript" delimiterState="Tags" usesymbolsfrommode="JavaScript" useautocompletefrommode="JavaScript" foldable="yes" scope="meta.block.js">
                 <begin>
                    <regex>(?:&lt;[ \t]*(?i)script\s*?>)|(?:&lt;(?i)script.+?javascript.*?(?&lt;![%-])>)</regex>
                    <autoend>&lt;/script></autoend>
                </begin>
                <end>
                    <regex>(?i)&lt;[ \t]*/[ \t]*script[ \t]*></regex>
                </end>
                
                <import mode="JavaScript" />

			</state>            

			<state id="Inline VBScript" delimiterState="Tags" usesymbolsfrommode="ASP-HTML" useautocompletefrommode="ASP-HTML" scope="meta.block.vbscript" foldable="yes">
				<begin><regex>&lt;(?i)script.+?(?:vbscript|server).*?(?&lt;![?/])></regex><autoend>&lt;/script></autoend></begin>
                <end><regex>&lt;(?i)/[\t ]*script[\t ]*></regex></end>
	
				<import state="ASP-VBScript" />

			</state>

			<state id="Self Closing Tags" foldable="no" scope="markup.tag">
            	<begin>
                    <regex>&lt;[ \t]*(?i)(?:area|base|br|col|command|embed|hr|img|input|keygen|link|meta|param|source|track|wbr)</regex>
                </begin>
                <end>
                    <regex>&gt;</regex>
                </end>
                <import state="Tags"/>
            </state>

            <state id="Foldable Tags" containerState="yes" delimiterState="Tags" 
            	foldBegin="\A&lt;[ \t]*(?'xmltagstatename'(?i:(?:a(?:rticle|side|udio))|(?:h(?:ead|eader|tml|\d|group))|(?:b(?:ody|lockquote))|p|pre|a|(?:t(?:able|head|body|foot|h|d|r))|div|(?:f(?:ieldset|orm|ooter))|ul|ol|li|dl|(?:s(?:ection|elect|ource))|nav|ruby|video))\b[\s\S]*(?&lt;![/?])>\Z" foldEnd="&lt;\s*/\s*(?i)(?#see-insert-start-group:xmltagstatename)\s*>" foldable="yes" usespellchecking="yes" scope="meta.block.tag">
				
				<import mode="XML" keywords-only="yes"/>
                <import keywords-only="yes"/>
				<import/>
			</state>
			
			 <state id="Foldable ASP Tags" containerState="yes" delimiterState="ASP Tags" foldBegin="\A&lt;[ \t]*(?'xmltagstatename'[-:_\.a-zA-Z\d]+)[\s\S]*(?&lt;![/?])>\Z" foldEnd="&lt;\s*/\s*(?i)(?#see-insert-start-group:xmltagstatename)\s*>" foldable="yes" usespellchecking="yes" scope="meta.block.tag">
				
				<import mode="XML" keywords-only="yes"/>
                <import keywords-only="yes"/>
				<import/>
			</state>
			
			<state id="ASP Tags" foldable="no" foldState="Foldable ASP Tags" scope="markup.tag.framework">
				<begin><regex>&lt;(?=(?i)\s*/?asp:)</regex></begin>
				<end><regex>&gt;</regex></end>
				
				<import state="Tags"/>
				
				<keywords id="Attributes in ASP Tags" useforautocomplete="no" scope="markup.tag.attribute.name">
					<regex>([\w-]*)(?=[ \t]*=)</regex>
				</keywords>

			</state>
			
			<state id="Tags" usespellchecking="no" foldState="Foldable Tags" scope="markup.tag">
                <begin>
                    <regex>&lt;</regex>
                </begin>
                <end>
                    <regex>&gt;</regex>
                </end>
                <state-link state="ASP-VBScript" />
                
                <state id="Javascript Actions" usesymbolsfrommode="JavaScript" useautocompletefrommode="JavaScript" scope="meta.default" >
					<begin><regex>(?&lt;=[ \t])(?i)on[\w]+[ \t]*=[ \t]*"</regex></begin>
					<end><regex>"</regex></end>
	                <keywords id="Action Attribute" useforautocomplete="no" scope="markup.tag.attribute.name">
						<regex>\A([\w-]+)[ \t]*=</regex>
					</keywords>
					
					<keywords id="Action Quotes" useforautocomplete="no" scope="markup.tag.attribute.value.string">
						<regex>(")</regex>
					</keywords>
					
					<keywords id="Action Equals" useforautocomplete="no" scope="markup.tag">
						<regex>\A(?i)on[\w-]+([ \t]*=[ \t]*)</regex>
					</keywords>
					
					<import mode="JavaScript" keywords-only="yes"/>
	                <import state="JavaScript Container"/>
            	</state>
            	
            	<state id="Links" type="url" useforautocomplete="no" scope="meta.link">
					<begin><regex>(?&lt;=[ \t])(?i)(?:href|src)[ \t]*=[ \t]*"</regex></begin>
					<end><regex>"</regex></end>

	                <state-link state="ASP-VBScript" />

					<state id="Javascript in Links" usesymbolsfrommode="JavaScript" useautocompletefrommode="JavaScript" scope="meta.block.js">
						<begin><regex>\A[ \t]*(?i)javascript:</regex></begin>
						<end><regex>(?'unwindend'")</regex></end>
						<import mode="JavaScript" keywords-only="yes"/>
	           	     	<import state="JavaScript Container"/>
					</state>
					
					<keywords id="Link Attribute" useforautocomplete="no" scope="markup.tag.attribute.name">
						<regex>\A(\w+)[ \t]*=</regex>
					</keywords>
					
					<keywords id="Link Quotes" useforautocomplete="no" scope="markup.tag.attribute.value.string">
						<regex>(")</regex>
					</keywords>
					
					<keywords id="Link Equals" useforautocomplete="no" scope="markup.tag">
						<regex>\A(?i)\w+([ \t]*=[ \t]*)</regex>
					</keywords>
					
				</state>
            	
               	<state id="Strings in Tags" type="string" useforautocomplete="no" scope="markup.tag.attribute.value.string">
					<begin><regex>"</regex></begin>
					<end><regex>"</regex></end>
	                <state-link state="ASP-VBScript" />
				</state>
				
				<state id="Single Strings in Tags" type="string" useforautocomplete="no" scope="markup.tag.attribute.value.string">
					<begin><regex>'</regex></begin>
					<end><regex>'</regex></end>
	                <state-link state="ASP-VBScript" />
				</state>
				
				<keywords id="Attributes in Tags" useforautocomplete="no" scope="markup.tag.attribute.name">
					<regex>([\w-]*)(?=[ \t]*=)</regex>
				</keywords>
            </state>

		</default>
		
    </states>
</syntax>
