<?xml version="1.0" encoding="UTF-8"?>
<!DOCTYPE syntax SYSTEM "syntax.dtd">
<syntax>

    <head>
        <name>Diff</name> <!-- The definitions title -->
        <charsintokens><![CDATA[_0987654321abcdefghijklmnopqrstuvwxyzABCDEFGHIJKLMNOPQRSTUVWXYZ-+@"]]></charsintokens> 
    </head>

    <states>
    
        <default id="Base" scope="meta.default">
        
            <keywords id="Index" useforautocomplete="no" scope="markup.processing">
                <regex>^(Index: .*)</regex>
            </keywords>

            <keywords id="+++" useforautocomplete="no" scope="string.double">
                <regex>^([+](?:[+]{2})?[^\n\r]*)</regex>
            </keywords>
            
            <keywords id="---" useforautocomplete="no" scope="meta.invalid">
                <regex>^([-](?:[-]{2})?[^\n\r]*)</regex>
            </keywords>

            <keywords id="==================" useforautocomplete="no" scope="comment.line">
                <regex>^([=]{3,})</regex>
            </keywords>

            <keywords id="@@" useforautocomplete="no" scope="constant.numeric">
                <regex>^([@]{2}[^@\n\r]+[@]{2})</regex>
            </keywords>

            <state id="Block" type="block" foldable="yes" scope="meta.block">
                <begin><regex>^(?:[@]{2}[^@\n\r]+[@]{2})</regex></begin>
                <end><regex>[\r\n](?=(?:[@][@]|Index|$|--- ))</regex></end>
                <import />
            </state>

        </default>

    </states>

</syntax>