<?xml version="1.0"?>
<action-recipes>

	<action id="com.macrabbit.file-actions.reveal-in-project" category="actions.file.open/reveal">
		<class>ESRevealInProjectAction</class>
		<key-equivalent>cmd shift j</key-equivalent>
	</action>

	<action id="com.macrabbit.file-actions.reveal-in-finder" category="actions.file.open/reveal">
		<class>EKFileRevealInFinderAction</class>
	</action>

	<action id="com.macrabbit.file-actions.delete" category="actions.file.manipulate">
		<class>EKFileDeleteAction</class>
		<key-equivalent>cmd option backspace</key-equivalent>
	</action>
	
	<action id="com.macrabbit.file-actions.delete-with-cmd-backspace" category="hidden">
		<class>EKFileDeleteIfFilesFocusedAction</class>
		<key-equivalent>cmd backspace</key-equivalent>
	</action>

	<action id="com.macrabbit.file-actions.rename" category="actions.file.manipulate">
		<class>EKFileRenameAction</class>
	</action>

	<action id="com.macrabbit.file-actions.duplicate" category="actions.file.manipulate">
		<class>EKFileDuplicateAction</class>
	</action>

	<action id="com.macrabbit.file-actions.new-directory" category="actions.file.new">
		<class>EKFileNewDirectoryAction</class>
	</action>

	<action id="com.macrabbit.file-actions.new-file" category="actions.file.new">
		<class>EKFileNewFileAction</class>
	</action>
	
	<action id="com.macrabbit.file-actions.refresh" category="actions.file.refresh">
		<class>EKFileBrowserRefreshAction</class>
	</action>
	
	<action id="com.macrabbit.file-actions.open-remote-in-workspace" category="actions.file.open/edit">
		<class>ESRemoteFileOpenInWorkspaceAction</class>
		<key-equivalent>cmd arrow-down</key-equivalent>
	</action>

	<action id="com.macrabbit.file-actions.open-with-app" category="actions.file.open/edit">
		<class>ESFileOpenWithApplicationFromListAction</class>
	</action>
	
	<action id="com.macrabbit.file-actions.open-with-default" category="actions.file.open/edit">
		<class>ESFileOpenWithDefaultApplicationAction</class>
	</action>
	
	<action id="com.macrabbit.file-actions.upload-to-server" category="actions.file.publish">
		<class>ESFileUploadToServerAction</class>
	</action>

	<!--action id="com.macrabbit.FileActions.FSSwitchHiddenFilesAction" category="actions.file.view">
		<class>FSSwitchHiddenFilesAction</class>
		<key-equivalent>shift cmd .</key-equivalent>
	</action-->
	
	<action id="com.macrabbit.FileActions.FSClearSearchResults" category="actions.file.search">
		<class>FSClearSearchResults</class>
		<title>Clear Search Results</title>
	</action>
	
</action-recipes>
