<?xml version="1.0"?>
<action-sort-instructions>

	<sort-template>
		<selector>actions.file.search</selector>
		<selector>actions.file.new</selector>
		<selector>actions.file.publish</selector>
		<selector>actions.file.open</selector>
		<selector>actions.file.open > edit</selector>
		<selector>actions.file.open > open</selector>
		<selector>actions.file.open > reveal</selector>
		<selector>actions.file.manipulate</selector>
		<selector>actions.file.other</selector>
	</sort-template>
	
	<sort-template>
		<selector>open-with.default</selector>
		<selector>open-with.application</selector>
		<selector>open-with.other</selector>
	</sort-template>
	
	<sort-template>
		<selector>com.macrabbit.file-actions.new-file</selector>
		<selector>com.macrabbit.file-actions.new-directory</selector>
	</sort-template>
	
	<sort-template>
		<selector>com.macrabbit.file-actions.reveal-in-finder</selector>
		<selector>com.macrabbit.file-actions.reveal-in-project</selector>
	</sort-template>
	
	<sort-template>
		<selector>com.macrabbit.file-actions.open-remote-in-workspace</selector>
		<selector>com.macrabbit.file-actions.open-with-default</selector>
		<selector>com.macrabbit.file-actions.open-with-app</selector>
	</sort-template>
	
</action-sort-instructions>
