<?xml version="1.0"?>
<action-categories>
	
	<category id="hidden" show="hidden"></category>
	
	<category id="actions.file.new" show="inline separated"></category>
	<category id="actions.file.publish" show="inline separated"></category>
	<category id="actions.file.open" show="inline separated"></category>
	<category id="actions.file.manipulate" show="inline"></category>
	<category id="actions.file.other" show="inline separated"></category>
	<category id="actions.file.search" show="inline separated"></category>
	
	<category id="open-with.default" show="inline separated"></category>
	<category id="open-with.application" show="inline separated"></category>
	<category id="open-with.other" show="inline separated"></category>
	
</action-categories>
