<?xml version="1.0" encoding="UTF-8"?>
<itemizer>

	<!-- class MyClass ... end -->
	<recipe name="ruby.class">
		<class>ESPHPClassItem</class>
		<start-selector>ruby class.definition:has-child(name:capture(name))</start-selector>
		<end-selector>ruby keyword.control.delimiter</end-selector>
		<subrecipes>
			<include-root-recipes />
		</subrecipes>
	</recipe>
	
	<!-- class << self ... end -->
	<recipe name="ruby.class">
		<class>ESPHPClassItem</class>
		<start-selector>ruby class.definition:has-child(parent:capture(name))</start-selector>
		<end-selector>ruby keyword.control.delimiter</end-selector>
		<subrecipes>
			<include-root-recipes />
		</subrecipes>
	</recipe>
	
	<!-- module myModule ... end -->
	<recipe name="ruby.class">
		<class>ESPHPClassItem</class>
		<start-selector>ruby module.definition:has-child(name:capture(name))</start-selector>
		<end-selector>ruby keyword.control.delimiter</end-selector>
		<subrecipes>
			<include-root-recipes />
		</subrecipes>
	</recipe>
	
	<!-- def myFunction ... end -->
	<recipe name="ruby.function.named">
		<start-selector>ruby keyword.control[text='def']:capture(itemizer-firstused) + x-item-start:has-child(function.definition:has-child(name:capture(name)))</start-selector>
		<end-selector>ruby keyword.control.delimiter</end-selector>
		<subrecipes>
			<include-root-recipes/>
		</subrecipes>
	</recipe>
	
	<!-- someBlockCall do |arg| ... end -->
	<recipe name="ruby.function.anonymous.keyword">
		<class>ESJSAnonymousFunctionItem</class>
		<start-selector>ruby x-item-block > x-item-start:has-child(keyword.control[text == 'do'])</start-selector>
		<end-selector>ruby x-item-body + keyword.control.delimiter</end-selector>
		<subrecipes>
			<include-root-recipes/>
		</subrecipes>
	</recipe>
	
	<!-- someBlockCall { |arg| ... } -->
	<recipe name="ruby.function.anonymous">
		<class>ESJSAnonymousFunctionItem</class>
		<start-selector>ruby variable:not(x-assignment) + brace.curly.open</start-selector>
		<end-selector>ruby brace.curly.close</end-selector>
		<subrecipes>
			<include-root-recipes/>
		</subrecipes>
	</recipe>
	
	<!-- someBlockCall(cond) { |arg| ... } -->
	<recipe name="ruby.function.anonymous.parameters">
		<class>ESJSAnonymousFunctionItem</class>
		<start-selector>ruby variable.function:not(x-assignment) + brace.round.open ~ brace.round.close + brace.curly.open</start-selector>
		<end-selector>ruby brace.curly.close</end-selector>
		<subrecipes>
			<include-root-recipes/>
		</subrecipes>
	</recipe>
	
	<!-- if stuff ... end -->
	<recipe name="ruby.control-statement.end-terminated">
		<class>ESJSChunkBlockItem</class>
		<start-selector>ruby x-item-block > x-item-start:has-child(keyword.control:capture(name))</start-selector>
		<end-selector>ruby x-item-body + keyword.control.delimiter</end-selector>
		<subrecipes>
			<include-root-recipes/>
		</subrecipes>
	</recipe>
	
	<!-- something = { ... } -->
	<!-- Object and array literals are somewhat specific to Javascript, so these are tied specifically to the JS syntax -->
	<recipe name="ruby.literal.object">
		<class>ESJSLiteralObjectItem</class>
		<start-selector>ruby variable.x-assignment:has-child(name:capture(name)):capture(itemizer-firstused) + brace.curly.open</start-selector>
		<end-selector>ruby brace.curly.close</end-selector>
		<subrecipes>
			<include-root-recipes/>
		</subrecipes>
	</recipe>
	<recipe name="ruby.literal.object.quoted">
		<class>ESJSLiteralObjectItem</class>
		<start-selector>ruby variable.x-assignment:has-child(string:has-child(name:capture(name))):capture(itemizer-firstused) + brace.curly.open</start-selector>
		<end-selector>ruby brace.curly.close</end-selector>
		<subrecipes>
			<include-root-recipes/>
		</subrecipes>
	</recipe>
	
	<!-- var something = [ ... ] -->
	<recipe name="ruby.literal.array">
		<class>ESJSLiteralArrayItem</class>
		<start-selector>ruby variable.x-assignment:has-child(name:capture(name)):capture(itemizer-firstused) + brace.square.open</start-selector>
		<end-selector>ruby brace.square.close</end-selector>
		<subrecipes>
			<include-root-recipes/>
		</subrecipes>
	</recipe>
	<recipe name="ruby.literal.array.quoted">
		<class>ESJSLiteralArrayItem</class>
		<start-selector>ruby variable.x-assignment:has-child(string:has-child(name:capture(name))):capture(itemizer-firstused) + brace.square.open</start-selector>
		<end-selector>ruby brace.square.close</end-selector>
		<subrecipes>
			<include-root-recipes/>
		</subrecipes>
	</recipe>
	
	<!-- [ ... ] -->
	<recipe name="ruby.literal.array.anonymous">
		<class>ESJSLiteralArrayItem</class>
		<start-selector>ruby *:not(brace.close, variable) + brace.square.open</start-selector>
		<end-selector>ruby brace.square.close</end-selector>
		<subrecipes>
			<include-root-recipes/>
		</subrecipes>
	</recipe>
	
	<!-- { ... } -->
	<recipe name="ruby.block.anonymous">
		<class>ESCodeBlockItem</class>
		<start-selector>ruby brace.curly.open</start-selector>
		<end-selector>ruby brace.curly.close</end-selector>
		<subrecipes>
			<include-root-recipes/>
		</subrecipes>
	</recipe>
	
	<!-- # !My Bookmark Comment -->
	<recipe name="ruby.comment">
	    <class>ESCommentItem</class>
	    <selector>ruby comment.documentation, ruby comment.bookmark, ruby comment.task, ruby comment.shebang</selector>
	</recipe>
	
</itemizer>