<?xml version="1.0"?>
<syntax name="language-root.js">
	<!--
	TODO:
	- Figure out how to speed things up; removing non-essential punctuation doesn't help much (shaves maybe 10 seconds off a normally 35 second load for jQuery uncompressed, but has diminishing returns; a 12-15 second load file still takes more than 10 seconds, which is way slow)
	-->
	<zones>
		<!-- Minified JavaScript -->
		<zone>
			<expression>^.{800,}$</expression>
			<!-- We need to use capture zone 0 in order to further parse the contents -->
			<capture number="0" name="minified">
				<subzones>
					<include collection="comments.basic" />
					<include collection="strings.basic" />
					<include collection="regex" />
					<include collection="keywords.all" />
				</subzones>
			</capture>
		</zone>

		<!-- Standard JavaScript syntax -->
		<include collection="comments" />
		<include collection="functions" />
		<include collection="strings" />
		<include collection="regex" />
		<include collection="classes" />
		<include collection="switch-blocks" />
		<include collection="keywords" />
		<include collection="punctuation" />
		<include collection="variables" />
	</zones>

	<library>
		<!--Comments-->
		<collection name="comments">
			<!-- Inline documentation style comments -->
			<zone name="comment.block.documentation">
				<starts-with>
					<expression>/\*(?:(?!\*/)[*!](?:\*(?!/$)|/(?!$))*|\s*(?:[*#=~+-]{3,}(?!/)|!)|(?=.*?\b(?i:FIX ?ME|TODO)\b))</expression>
					<capture number="0" name="punctuation.definition.begin"/>
				</starts-with>
				<ends-with>
					<expression>\*/</expression>
					<capture number="0" name="punctuation.definition.end"/>
				</ends-with>
				<subzones>
					<zone>
						<expression>(?i)\b((?:[a-z][\w-]+:(?:/{1,3}|[a-z0-9%])|www\d{0,3}[.]|[a-z0-9.\-]+[.][a-z]{2,4}/)(?:[^\s()&lt;>]+|\((?:[^\s()&lt;>]+|(?:\([^\s()&lt;>]+\)))*\))+(?:\((?:[^\s()&lt;>]+|(?:\([^\s()&lt;>]+\)))*\)|[^\s`!()\[\]{};:'".,&lt;>?«»“”‘’]))|(?&lt;=\s|^)(@[a-z]+\b|\bFIX ?ME\b|\bTODO\b)</expression>
						<capture number="1" name="markup.link"/>
						<capture number="2" name="keyword"/>
					</zone>
				</subzones>
			</zone>
			<zone name="comment.line.documentation">
				<expression>(//[!/*]?)(?:(?&lt;=//[!/*])|\s*(?:[*#=~+-]{3,}(?=[ \t]*[^\s*#=~+-])|!)|.*?\b(?i:FIX ?ME|TODO)\b).*$[\n\r]*</expression>
				<capture number="1" name="punctuation.definition.begin"/>
				<subzones>
					<zone name="keyword">
						<expression>\b(?i:FIX ?ME|TODO)\b</expression>
					</zone>
				</subzones>
			</zone>
			<include collection="comments.basic" />
		</collection>

		<!-- Standard comments -->
		<collection name="comments.basic">
			<zone name="comment.block">
				<starts-with>
					<expression>/\*</expression>
					<capture number="0" name="punctuation.definition.begin"/>
				</starts-with>
				<ends-with>
					<expression>\*/</expression>
					<capture number="0" name="punctuation.definition.end"/>
				</ends-with>
			</zone>
			<zone name="comment.line">
				<expression>(//).*$[\n\r]*</expression>
				<capture number="1" name="punctuation.definition.begin"/>
			</zone>
		</collection>

		<!--Strings-->
		<collection name="strings">
			<!--Property assignments with quoted names-->
			<!-- FIXME: I don't like duplicating the regex for this, but using `(?!\2).` to prevent triggering on an unescaped quote causes massive slowdowns and occasional freezes unless you limit the number of characters pretty brutally -->
			<zone>
				<expression>(?:((')((?:(?:\\(?:x\h{2}|[0-2][0-7]{,2}|3[0-6][0-7]?|37[0-7]?|[4-7][0-7]?|.))|[^']*))('))|((")((?:(?:\\(?:x\h{2}|[0-2][0-7]{,2}|3[0-6][0-7]?|37[0-7]?|[4-7][0-7]?|.))|[^"]*))(")))\s*(:)</expression>
				<capture number="0" name="x-assignment"/>
				<capture number="1" name="string.quoted"/>
				<capture number="2" name="punctuation.definition.begin"/>
				<capture number="3" name="name">
					<subzones>
						<include collection="character-escapes"/>
					</subzones>
				</capture>
				<capture number="4" name="punctuation.definition.end"/>
				<!-- Double quoted strings -->
				<capture number="5" name="string.quoted"/>
				<capture number="6" name="punctuation.definition.begin"/>
				<capture number="7" name="name">
					<subzones>
						<include collection="character-escapes"/>
					</subzones>
				</capture>
				<capture number="8" name="punctuation.definition.end"/>
				<!-- Shared by both -->
				<capture number="9" name="operator"/>
			</zone>
			<include collection="strings.basic" />
		</collection>

		<collection name="strings.basic">
			<!--Standard strings-->
			<zone name="string.quoted">
				<starts-with>
					<expression>('|")</expression>
					<capture number="0" name="punctuation.definition.begin"/>
				</starts-with>
				<ends-with>
					<expression>\1</expression>
					<capture number="0" name="punctuation.definition.end"/>
				</ends-with>
				<subzones>
					<include collection="character-escapes" />
				</subzones>
			</zone>
		</collection>

		<!--Character Escapes-->
		<collection name="character-escapes">
			<zone name="constant.character.escape">
				<expression>\\(x\h{2}|[0-2][0-7]{,2}|3[0-6][0-7]?|37[0-7]?|[4-7][0-7]?|.)</expression>
			</zone>
		</collection>

		<!--Regex Literals-->
		<collection name="regex">
			<zone name="regex.literal">
				<starts-with>
					<expression>(?&lt;=[=(\[:;,!|&amp;]|^|return)\s*(/)(?![/*+{}?])</expression>
					<capture number="1" name="punctuation.definition.begin"/>
				</starts-with>
				<ends-with>
					<expression>(/)([igm]*)</expression>
					<capture number="1" name="punctuation.definition.end"/>
					<capture number="2" name="regex.flags"/>
				</ends-with>
				<subzones>
					<cut-off>(?&lt;!\\)/</cut-off>
					<include syntax="language-root.regex" />
				</subzones>
			</zone>
		</collection>

		<!--All Functions-->
		<collection name="functions">
			<!-- someObject.doSomething = function(...) ... -->
			<zone>
				<expression>((?:(var)\s+)?(?:([a-zA-Z_$][\w$.]*)|('(?:\\'|[^'])+'|"(?:\\"|[^"])+"))\s*(=|:)\s*(function))\s*(\()|\b((function)\s+([a-zA-Z_$][\w$]*)\s*)(\()|\b((function)\s*)(\()</expression>
				<capture number="1" name="function.definition.x-assignment"/>
				<capture number="2" name="keyword.storage.type"/>
				<capture number="3" name="name"/>
				<capture number="4" name="string.quoted">
					<!--Optional quoted version of properties-->
					<subzones>
						<zone>
							<expression>('|")((?:(\\(?:x\h{2}|[0-2][0-7]{,2}|3[0-6][0-7]?|37[0-7]?|[4-7][0-7]?|.))|.)*?)(\1)</expression>
							<capture number="1" name="punctuation.definition.begin"/>
							<capture number="2" name="name"/>
							<capture number="3" name="constant.character.escape"/>
							<capture number="4" name="punctuation.definition.end"/>
						</zone>
					</subzones>
				</capture>
				<capture number="5" name="operator"/>
				<capture number="6" name="keyword.storage.type"/>
				<capture number="7" name="punctuation.brace.round.open"/>
				<!-- function doSomething(...) ... -->
				<capture number="8" name="function.definition"/>
				<capture number="9" name="keyword.storage.type"/>
				<capture number="10" name="name"/>
				<capture number="11" name="punctuation.brace.round.open"/>
				<!-- function() { ... } -->
				<capture number="12" name="function.definition.anonymous"/>
				<capture number="13" name="keyword.storage.type"/>
				<capture number="14" name="punctuation.brace.round.open"/>
			</zone>
		</collection>

		<!--Classes-->
		<collection name="classes">
			<zone name="class.constructor">
				<expression>\b(new)\s+([a-zA-Z_$][\w$.]*)</expression>
				<capture number="1" name="keyword.operator.new"/>
				<capture number="2" name="variable.class"/>
			</zone>
		</collection>

		<!--Switch blocks-->
		<collection name="switch-blocks">
			<!-- FIXME: this is a bad implementation of case statements.

				 The problem is how to detect the end of the case statement, since "break;" is optional and the end of the switch block cuts things off. When there is any closing curly brace within the block that is not contained within some parent syntax zone, the case block gets cut off early, which of course wreaks havoc with the following itemizers. Leaving the } out of the ends-with lookahead is not an option, because the case statement could easily eat the rest of the document.

				 This solution gets around the problem by wrapping all { } blocks in an "x-item-block" zone, neatly capturing everything except the closing } for the switch. However, the side effect of this is that nothing except for comments will be itemized within a case statement, which could be hugely problematic for some coding designs (for instance, if a huge switch statement wraps a bunch of advanced logic).

				 The obvious alternative is to use x-item-block universally, and modify the itemizers. However, this results in even worse behavior because it necessitates using a single <selector> instead of <start-selector> and <end-selector>, and <selector> does not support itemizer-firstused. As a result, selecting the itemizer only selects the {...} block, leaving the function name/control keywords/etc. unselected.

				 A middle ground would be to implement special x-item-block itemizers for case statements, but then itemizers outside case statements and those inside behave differently which sucks.
			-->
			<!-- Switch case statements are blocked together because otherwise they are impossible to capture in itemizers (thanks to optional break keyword) -->
			<zone name="x-item-block.case">
				<starts-with>
					<expression>(?:((case)\s+?('(?:[^']|\\')+?(?&lt;!\\)'|"(?:[^"]|\\")+?(?&lt;!\\)"|.+?)|(default)))\s*(:|;)</expression>
					<capture number="1" name="x-item-start" />
					<capture number="2" name="keyword.control"/>
					<capture number="3" name="parameters">
						<subzones>
							<include collection="comments" />
							<include collection="strings" />
							<include collection="keywords" />
							<include collection="regex" />
							<include collection="variables" />
							<include collection="punctuation" />
						</subzones>
					</capture>
					<capture number="4" name="keyword.control"/>
				</starts-with>
				<ends-with>
					<expression>(\bbreak\b)(;?)|(?=\s*(?:\bcase\b|\bdefault\b|}))</expression>
					<capture number="1" name="keyword.control"/>
					<capture number="2" name="punctuation"/>
				</ends-with>
				<subzones>
					<include collection="item-blocks" />
					<include syntax="self" />
				</subzones>
			</zone>
		</collection>

		<collection name="item-blocks">
			<zone name="x-item-block">
				<starts-with>
					<expression>\{</expression>
					<capture number="0" name="punctuation.brace.curly.open"/>
				</starts-with>
				<ends-with>
					<expression>\}</expression>
					<capture number="0" name="punctuation.brace.curly.close"/>
				</ends-with>
				<subzones>
					<include collection="item-blocks" />
					<include syntax="self" />
				</subzones>
			</zone>
		</collection>

		<!--Keywords and constants-->
		<collection name="keywords">
			<zone>
				<expression>\b(?:(break|case|catch|continue|default|do|else if|else|finally|for|if|return|switch|throw|try|void|while|delete|in|instanceof|typeof|with|new)|(abstract|boolean|byte|char|class|const|debugger|double|enum|export|extends|final|float|goto|implements|import|int|interface|long|native|package|private|protected|public|short|static|synchronized|throws|transient|volatile)|(super|this)|(Array|Boolean|Date|Function|Math|Number|Object|RegExp|String|console|document|history|location|screen|window|self|top|parent)|(undefined|NaN|true|false|null)|([0-9]+\.?[0-9]*(?:[eE]-?[0-9]+)?|0(?:x|X)[0-9a-fA-F]+|Infinity))\b</expression>
				<capture number="1" name="keyword.control"/>
				<capture number="2" name="keyword.reserved"/>
				<capture number="3" name="keyword.variable.language"/>
				<capture number="4" name="support.variable.built-in"/>
				<capture number="5" name="constant.language"/>
				<capture number="6" name="constant.numeric"/>
			</zone>
		</collection>

		<collection name="keywords.all">
			<include collection="keywords" />
			<!--These have to be deferred for the normal language, so include them explicitly here-->
			<zone name="keyword.storage.type">
				<expression>\b(?:function|var)\b</expression>
			</zone>
		</collection>

		<!--Punctuation and operators-->
		<collection name="punctuation">
			<zone>
				<expression>((?:\+|-|\*|/|%|&amp;|\||\^|>{1,3}|&lt;{1,2})=|!={1,2}|={1,3}|\+{1,2}|-{1,2}|\*|/|%|&lt;{1,2}|>{1,3}|!{1,2}|&amp;{1,2}|\|{1,2}|\^|~)|(\()|(\)(?:;|,)?)|(\{)|(\}(?:;|,)?)|(\[)|(\](?:;|,)?)|(\.|,|:|\?|;)</expression>
				<capture number="1" name="operator"/>
				<capture number="2" name="punctuation.brace.round.open"/>
				<capture number="3" name="punctuation.brace.round.close"/>
				<capture number="4" name="punctuation.brace.curly.open"/>
				<capture number="5" name="punctuation.brace.curly.close"/>
				<capture number="6" name="punctuation.brace.square.open"/>
				<capture number="7" name="punctuation.brace.square.close"/>
				<capture number="8" name="punctuation"/>
			</zone>
		</collection>

		<!--Variables-->
		<collection name="variables">
			<!--Variable assignment-->
			<!-- We define special zones for variable assignments to allow the itemizers to easily capture anonymous functions assigned to specific variables as a named function (since they are equivalent, and otherwise we end up with a lot of anonymous functions depending on coding style) -->
			<!-- The var keyword is included to allow the itemizers to be drag and dropped with predictable results -->
			<zone>
				<expression>((?:(var)\s+)?([a-zA-Z_$][\w$.]*)\s*(=|:))(?!=)|(\.?)([a-zA-Z_$][\w$]*)\s*(\()|\b(function|var)\b</expression>
				<capture number="1" name="x-assignment"/>
				<capture number="2" name="keyword.storage.type"/>
				<capture number="3" name="name"/>
				<capture number="4" name="operator"/>
				<!--Function Invocation-->
				<capture number="5" name="punctuation"/>
				<capture number="6" name="function"/>
				<capture number="7" name="punctuation.brace.round.open"/>
				<!--Generic var/function keywords (needs to be last so that they don't mess up x-assignment zones-->
				<capture number="8" name="keyword.storage.type"/>
			</zone>
		</collection>
	</library>
</syntax>
