<?xml version="1.0" encoding="UTF-8"?>

<settings>

	<setting name="comment-multiline-start">
		<language-context>markdown</language-context>
		<value>&lt;!--</value>
	</setting>

	<setting name="comment-multiline-end">
		<language-context>markdown</language-context>
		<value>--></value>
	</setting>

	<setting name="comment-multiline-end-inert">
		<language-context>markdown</language-context>
		<value>--*></value>
	</setting>

	<setting name="comment-singleline-start">
		<language-context>markdown</language-context>
		<no-value/>
	</setting>
	
</settings>
