<?xml version="1.0" encoding="UTF-8"?>
<injections>	
	
	<!--Inject into HTML tags and attributes-->
	<injection name="com.macrabbit.php.tags" selector="html.with-php tag.open" action="insert-after-children">
		<include syntax="php" />
	</injection>
	<injection name="com.macrabbit.php.tag-attributes" selector="html.with-php attribute-value.string" action="replace-children">
		<include syntax="php" />
	</injection>
	<injection name="com.macrabbit.php.close-tags" selector="html.with-php tag.close" action="replace-children">
		<include syntax="php" />
	</injection>
	
	<!--Inject into embedded CSS-->
	<injection name="com.macrabbit.php.css" selector="html.with-php embedded.css *" action="attach-before-target">
		<include syntax="php" />
	</injection>
	
	<!--Inject into embedded JS-->
	<injection name="com.macrabbit.php.js" selector="html.with-php embedded.js *" action="attach-before-target">
		<include syntax="php" />
	</injection>
	
</injections>