<?xml version="1.0" encoding="UTF-8"?>
<settings>
	
	<!-- This is the title used for the documentation lookup action for this context -->
	<setting name="documentation-lookup-title">
		<syntax-context>php variable.function, php variable.function + brace.round.open</syntax-context>
		<value>Documentation For Function</value>
	</setting>

	<!-- This is the first pattern that we check; if the URL is 404 or otherwise nonexistent, then we use the fallback -->
	<setting name="documentation-lookup-pattern">
		<syntax-context>php variable.function, php variable.function + brace.round.open</syntax-context>
		<value>http://php.net/manual/en/function.$EDITOR_TERM.php</value>
	</setting>

	<!-- The URL we use if the pattern doesn't check out; typically should point to search results for our docs site -->
	<setting name="documentation-lookup-fallback">
		<syntax-context>php variable.function, php variable.function + brace.round.open</syntax-context>
		<value><![CDATA[http://php.net/manual-lookup.php?pattern=$EDITOR_TERM&lang=en]]></value>
	</setting>
	
	<!-- This specifies what, aside from alphanumeric characters, will be considered a word character -->
	<setting name="documentation-lookup-word-characters">
		<syntax-context>php variable.function, php variable.function + brace.round.open</syntax-context>
		<value>_</value>
	</setting>
	
	<!-- This defines a regular expression to search for in the $EDITOR_TERM -->
	<setting name="documentation-lookup-transform-search">
		<syntax-context>php variable.function, php variable.function + brace.round.open</syntax-context>
		<value>_</value>
	</setting>
	<!-- And this defines the regular expression replacement -->
	<setting name="documentation-lookup-transform-replace">
		<syntax-context>php variable.function, php variable.function + brace.round.open</syntax-context>
		<value>-</value>
	</setting>
	
</settings>