<?xml version="1.0" encoding="UTF-8"?>
<codesense>
	<!-- Directive tags -->
	<provider>
		<selector>apache - *, apache tag.open</selector>
		<completions>com.macrabbit.apache.tags</completions>
		<complete-match capture="2">(&lt;)([\w-]*)</complete-match>
		<require-suffix>(\s|>|^)</require-suffix>
	</provider>
	
	<!--Directive keywords-->
	<provider>
		<selector>apache</selector>
		<completions>com.macrabbit.apache.keywords</completions>
		<complete-match capture="1">\b([\w-]*)\b</complete-match>
	</provider>
	
</codesense>