<?xml version="1.0" encoding="UTF-8"?>
<!DOCTYPE syntax SYSTEM "syntax.dtd">

<syntax>
    <head>
        <name>CSS</name>
        <!-- The definitions title -->
        <charsintokens><![CDATA[_0987654321abcdefghijklmnopqrstuvwxyzABCDEFGHIJKLMNOPQRSTUVWXYZ-@]]></charsintokens>
        <charsincompletion><![CDATA[_0987654321abcdefghijklmnopqrstuvwxyzABCDEFGHIJKLMNOPQRSTUVWXYZ-@]]></charsincompletion>
    </head>
    <states>
        <default id="Base" scope="meta.default">
        	        
            <state id="Inside curly brackets" foldable="yes" indent="yes" scope="meta.block.curly">
                <begin>
                    <string>{</string>
                    <autoend>}</autoend>
                </begin>
                <end>
                    <regex>}</regex>
                </end>
                <keywords id="CSS Keywords" useforautocomplete="yes" casesensitive="no" scope="style.property.name">
                    <regex>(?&lt;![\d\w.\-#])(_background)</regex>
                    <regex>(?&lt;![\d\w.\-#])(_filter)</regex>
                    <regex>(?&lt;![\d\w.\-#])(-webkit(?:-\w+)+)</regex>
                    <regex>(?&lt;![\d\w.\-#])(-khtml(?:-\w+)+)</regex>
                    <regex>(?&lt;![\d\w.\-#])(-moz(?:-\w+)+)</regex>
                    <regex>(?&lt;![\d\w.\-#])(-o(?:-\w+)+)</regex>
                    <regex>(?&lt;![\d\w.\-#])(-ms(?:-\w+)+)</regex>
                    <regex>(?&lt;![\d\w.\-#])(alignment(?:-[\w]+)+)</regex>
                    <regex>(?&lt;![\d\w.\-#])(animation(?:-[\w]+)*)</regex>
                    <regex>(?&lt;![\d\w.\-#])(appearance)</regex>
                    <regex>(?&lt;![\d\w.\-#])(azimuth)</regex>
           	        <regex>(?&lt;![\d\w.\-#])(background(?:-[\w]+)*)</regex>
                    <regex>(?&lt;![\d\w.\-#])(backface-visibility)</regex>
                    <regex>(?&lt;![\d\w.\-#])(baseline-shift)</regex>
                    <regex>(?&lt;![\d\w.\-#])(binding)</regex>
           	        <regex>(?&lt;![\d\w.\-#])(bookmark(?:-[\w]+)+)</regex>
           	        <regex>(?&lt;![\d\w.\-#])(border(?:-[\w]+)*)</regex>
                    <regex>(?&lt;![\d\w.\-#])(bottom)</regex>
                    <regex>(?&lt;![\d\w.\-#])(box-[\w]*)</regex>                    
                    <regex>(?&lt;![\d\w.\-#])(caption-side)</regex>
                    <regex>(?&lt;![\d\w.\-#])(clear)</regex>
                    <regex>(?&lt;![\d\w.\-#])(clip(?:-\w+)*)</regex>
                    <regex>(?&lt;![\d\w.\-#])(color(?:-\w+)*)</regex>
                    <regex>(?&lt;![\d\w.\-#])(column(?:-[\w]+)+)</regex>                    
                    <regex>(?&lt;![\d\w.\-#])(columns)</regex>
                    <regex>(?&lt;![\d\w.\-#])(content)</regex>
                    <regex>(?&lt;![\d\w.\-#])(counter-increment)</regex>
                    <regex>(?&lt;![\d\w.\-#])(counter-reset)</regex>
                    <regex>(?&lt;![\d\w.\-#])(crop)</regex>
                    <regex>(?&lt;![\d\w.\-#])(cue-after)</regex>
                    <regex>(?&lt;![\d\w.\-#])(cue-before)</regex>
                    <regex>(?&lt;![\d\w.\-#])(cue)</regex>
                    <regex>(?&lt;![\d\w.\-#])(cursor)</regex>
                    <regex>(?&lt;![\d\w.\-#])(direction)</regex>
                    <regex>(?&lt;![\d\w.\-#])(display(?:-[\w]+)*)</regex>
                    <regex>(?&lt;![\d\w.\-#])(dominant-baseline)</regex>                    
                    <regex>(?&lt;![\d\w.\-#])(drop-initial(?:-[\w]+)+)</regex>
                    <regex>(?&lt;![\d\w.\-#])(elevation)</regex>
                    <regex>(?&lt;![\d\w.\-#])(empty-cells)</regex>
                    <regex>(?&lt;![\d\w.\-#])(enable-background)</regex>
                    <regex>(?&lt;![\d\w.\-#])(fill(?:-[\w]+)*)</regex>
                    <regex>(?&lt;![\d\w.\-#])(fit(?:-[\w]+)*)</regex>
                    <regex>(?&lt;![\d\w.\-#])(filter)</regex>
                    <regex>(?&lt;![\d\w.\-#])(float(?:-[\w]+)*)</regex>
                    <regex>(?&lt;![\d\w.\-#])(flood(?:-[\w]+)*)</regex>
                    <regex>(?&lt;![\d\w.\-#])(font(?:-[\w]+)*)</regex>
                    <regex>(?&lt;![\d\w.\-#])(glyph-orientation-\w+)</regex>                    
                    <regex>(?&lt;![\d\w.\-#])(grid(?:-[\w]+)+)</regex>
                    <regex>(?&lt;![\d\w.\-#])(group-reset)</regex>
                    <regex>(?&lt;![\d\w.\-#])(hanging-puctuation)</regex>                    
                    <regex>(?&lt;![\d\w.\-#])(height)</regex>
                    <regex>(?&lt;![\d\w.\-#])(hyphenate(?:-[\w]+)+)</regex>
                    <regex>(?&lt;![\d\w.\-#])(hyphens)</regex>
                    <regex>(?&lt;![\d\w.\-#])(icons)</regex>
                    <regex>(?&lt;![\d\w.\-#])(image(?:-[\w]+)+)</regex>
                    <regex>(?&lt;![\d\w.\-#])(inline-box-align)</regex>
                    <regex>(?&lt;![\d\w.\-#])(kerning)</regex>                    
                    <regex>(?&lt;![\d\w.\-#])(key-equivalent)</regex>                    
                    <regex>(?&lt;![\d\w.\-#])(konq_bgpos_x)</regex>
                    <regex>(?&lt;![\d\w.\-#])(konq_bgpos_y)</regex>
                    <regex>(?&lt;![\d\w.\-#])(layer-background-color)</regex>
                    <regex>(?&lt;![\d\w.\-#])(layer-background-image)</regex>
                    <regex>(?&lt;![\d\w.\-#])(layout(?:-[\w]+)+)</regex>
                    <regex>(?&lt;![\d\w.\-#])(left)</regex>
                    <regex>(?&lt;![\d\w.\-#])(letter-spacing)</regex>
                    <regex>(?&lt;![\d\w.\-#])(lighting-color)</regex>
                    <regex>(?&lt;![\d\w.\-#])(line(?:-[\w]+)+)</regex>
                    <regex>(?&lt;![\d\w.\-#])(list-style(?:-[\w]+)*)</regex>
                    <regex>(?&lt;![\d\w.\-#])(margin(?:-[\w]+)*)</regex>
                    <regex>(?&lt;![\d\w.\-#])(mark(?:-[\w]+)*)</regex>
                    <regex>(?&lt;![\d\w.\-#])(marks)</regex>
                    <regex>(?&lt;![\d\w.\-#])(marker(?:-\w+)*)</regex>
                    <regex>(?&lt;![\d\w.\-#])(mask)</regex>
                    <regex>(?&lt;![\d\w.\-#])(marquee(?:-[\w]+)+)</regex>
                    <regex>(?&lt;![\d\w.\-#])(max-height)</regex>
                    <regex>(?&lt;![\d\w.\-#])(max-width)</regex>
                    <regex>(?&lt;![\d\w.\-#])(min-height)</regex>
                    <regex>(?&lt;![\d\w.\-#])(min-width)</regex>
                    <regex>(?&lt;![\d\w.\-#])(move-to)</regex>
                    <regex>(?&lt;![\d\w.\-#])(nav-down)</regex>
                    <regex>(?&lt;![\d\w.\-#])(nav-index)</regex>
                    <regex>(?&lt;![\d\w.\-#])(nav-left)</regex>
                    <regex>(?&lt;![\d\w.\-#])(nav-right)</regex>
                    <regex>(?&lt;![\d\w.\-#])(nav-up)</regex>
                    <regex>(?&lt;![\d\w.\-#])(opacity)</regex>
                    <regex>(?&lt;![\d\w.\-#])(orphans)</regex>
                    <regex>(?&lt;![\d\w.\-#])(outline(?:-[\w]+)*)</regex>
                    <regex>(?&lt;![\d\w.\-#])(overflow-x)</regex>
                    <regex>(?&lt;![\d\w.\-#])(overflow-y)</regex>
                    <regex>(?&lt;![\d\w.\-#])(overflow)</regex>
                    <regex>(?&lt;![\d\w.\-#])(padding-bottom)</regex>
                    <regex>(?&lt;![\d\w.\-#])(padding-left)</regex>
                    <regex>(?&lt;![\d\w.\-#])(padding-right)</regex>
                    <regex>(?&lt;![\d\w.\-#])(padding-top)</regex>
                    <regex>(?&lt;![\d\w.\-#])(padding)</regex>
                    <regex>(?&lt;![\d\w.\-#])(page(?:-[\w]+)*)</regex>
                    <regex>(?&lt;![\d\w.\-#])(pause-after)</regex>
                    <regex>(?&lt;![\d\w.\-#])(pause-before)</regex>
                    <regex>(?&lt;![\d\w.\-#])(pause)</regex>
                    <regex>(?&lt;![\d\w.\-#])(phonemes)</regex>
                    <regex>(?&lt;![\d\w.\-#])(pitch-range)</regex>
                    <regex>(?&lt;![\d\w.\-#])(pitch)</regex>
                    <regex>(?&lt;![\d\w.\-#])(play-during)</regex>
                    <regex>(?&lt;![\d\w.\-#])(pointer-events)</regex>
                    <regex>(?&lt;![\d\w.\-#])(position)</regex>
                    <regex>(?&lt;![\d\w.\-#])(presentation-level)</regex>
                    <regex>(?&lt;![\d\w.\-#])(punctuation-trim)</regex>
                    <regex>(?&lt;![\d\w.\-#])(perspective(?:-[\w]+)*)</regex>                    
                    <regex>(?&lt;![\d\w.\-#])(quotes)</regex>
                    <regex>(?&lt;![\d\w.\-#])(rendering-indent)</regex>
                    <regex>(?&lt;![\d\w.\-#])(resize)</regex>
                    <regex>(?&lt;![\d\w.\-#])(rest(?:-[\w]+)*)</regex>
                    <regex>(?&lt;![\d\w.\-#])(richness)</regex>
                    <regex>(?&lt;![\d\w.\-#])(?i)(right)</regex>
                    <regex>(?&lt;![\d\w.\-#])(rotation(?:-[\w]+)*)</regex>
                    <regex>(?&lt;![\d\w.\-#])(ruby(?:-[\w]+)+)</regex>
                    <regex>(?&lt;![\d\w.\-#])(src)</regex>
                    <regex>(?&lt;![\d\w.\-#])(size)</regex>
                    <regex>(?&lt;![\d\w.\-#])(shape-rendering)</regex>
                    <regex>(?&lt;![\d\w.\-#])(speak-header)</regex>
                    <regex>(?&lt;![\d\w.\-#])(speak-numeral)</regex>
                    <regex>(?&lt;![\d\w.\-#])(speak-punctuation)</regex>
                    <regex>(?&lt;![\d\w.\-#])(speak)</regex>
                    <regex>(?&lt;![\d\w.\-#])(speech-rate)</regex>
                    <regex>(?&lt;![\d\w.\-#])(stop-\w+)</regex>
                    <regex>(?&lt;![\d\w.\-#])(stress)</regex>
                    <regex>(?&lt;![\d\w.\-#])(string-set)</regex>
                    <regex>(?&lt;![\d\w.\-#])(stroke(?:-\w+)*)</regex>
                    <regex>(?&lt;![\d\w.\-#])(tab-side)</regex>
                    <regex>(?&lt;![\d\w.\-#])(tab-index)</regex>
                    <regex>(?&lt;![\d\w.\-#])(table-layout)</regex>
                    <regex>(?&lt;![\d\w.\-#])(text(?:-[\w]+)+)</regex>
                    <regex>(?&lt;![\d\w.\-#])(toggle-group)</regex>
                    <regex>(?&lt;![\d\w.\-#])(top)</regex>
                    <regex>(?&lt;![\d\w.\-#])(transition(?:-[\w]+)*)</regex>
                    <regex>(?&lt;![\d\w.\-#])(transform(?:-[\w]+)*)</regex>                    
                    <regex>(?&lt;![\d\w.\-#])(unicode-bidi)</regex>
                   	<regex>(?&lt;![\d\w.\-#])(unicode-range)</regex>
                   	<regex>(?&lt;![\d\w.\-#])(user-focus)</regex>
                   	<regex>(?&lt;![\d\w.\-#])(user-input)</regex>                   	
                   	<regex>(?&lt;![\d\w.\-#])(user-modify)</regex>
                   	<regex>(?&lt;![\d\w.\-#])(user-select)</regex>
                    <regex>(?&lt;![\d\w.\-#])(vertical-align)</regex>
                    <regex>(?&lt;![\d\w.\-#])(visibility)</regex>
                    <regex>(?&lt;![\d\w.\-#])(voice(?:-[\w]+)+)</regex>
                    <regex>(?&lt;![\d\w.\-#])(volume)</regex>
                    <regex>(?&lt;![\d\w.\-#])(white-space)</regex>
                    <regex>(?&lt;![\d\w.\-#])(widows)</regex>
                    <regex>(?&lt;![\d\w.\-#])(width)</regex>
                    <regex>(?&lt;![\d\w.\-#])(word-break)</regex>
                    <regex>(?&lt;![\d\w.\-#])(word-spacing)</regex>
                    <regex>(?&lt;![\d\w.\-#])(word-wrap)</regex>
                    <regex>(?&lt;![\d\w.\-#])(writing-mode)</regex>
                    <regex>(?&lt;![\d\w.\-#])(z-index)</regex>
                	<regex>(?&lt;![\d\w.\-#])(zoom)</regex>
                </keywords>
                <state id="Attribute state" scope="meta.block.attribute">
                    <begin>
                        <string>:</string>
                    </begin>
                    <end>
                        <!--<regex>(;|.(?=})|[\n\r])</regex> Coda #17819-->
                        <regex>(;|(?'unwindend'[{}]))</regex>
                    </end>
                    
                    <state id="CSS Functions" type="string" useforautocomplete="no" scope="meta.default">
                    	<begin>
                    		<regex>(?i)(?&lt;=(?:url|local|format))\s*\(</regex>
                    	</begin>
                    	<end>
                    		<regex>(\)|(?'unwindend'}))</regex>
                    	</end>
                    	<state-link state="AutodocComment"/>
						<state-link state="Comment"/>
						<state-link state="String"/>
						<state-link state="SingleString"/>
						
                    	<!-- need to handle brackets in urls for sass #21362 -->
                    	 <state id="Curly brackets in Functions" type="string" scope="meta.default">
							<begin>
								<string>{</string>
								<autoend>}</autoend>
							</begin>
							<end>
								<regex>}</regex>
							</end>
							
							<state-link state="AutodocComment"/>
							<state-link state="Comment"/>
							<state-link state="String"/>
							<state-link state="SingleString"/>
						
						</state>
						
						<state id="Parentheses brackets in Functions" type="string" scope="meta.default">
							<begin>
								<string>\(</string>
								<autoend>\)</autoend>
							</begin>
							<end>
								<regex>\)</regex>
							</end>
							
							<state-link state="AutodocComment"/>
							<state-link state="Comment"/>
							<state-link state="String"/>
							<state-link state="SingleString"/>
														
						</state>
						
                    </state>
                    
                    <state id="CSS Color Functions" useforautocomplete="no" scope="meta.default">
                    	<begin>
                    		<regex>(?i)(?&lt;=(?:rgb|rgba|hsl|hsla|cmyk|device-cmyk))\s*\(</regex>
                    	</begin>
                    	<end>
                    		<regex>(\)|(?'unwindend'}))</regex>
                    	</end>

                    	<state-link state="AutodocComment"/>
						<state-link state="Comment"/>

                    	 <keywords id="CSS Digits" useforautocomplete="yes" scope="style.value.numeric">
							<regex>(?&lt;![#\d\w-])(-?[\d]+[ \t]*(?:px|pt|em|ex|cm|in|mm|pc|s|ms|Hz|kHz|%|deg|rad|grad|turn|rem|ch|vw|vh|vmin|vmax)?)</regex>
						</keywords>
						<keywords id="CSS Colors" useforautocomplete="yes" scope="style.value.color.rgb-value">
							<regex>(#[\da-fA-F]{3,6})</regex>
						</keywords>
                    </state>
                    
                    <keywords id="!important" useforautocomplete="no" scope="meta.important">
                        <regex>(!\s*important)</regex>
                    </keywords>
                    <keywords id="CSS Attributes" useforautocomplete="yes" casesensitive="no" scope="style.value.keyword">
                    	<regex>(-webkit(?:-\w+)+)</regex>
                    	<regex>(-moz(?:-\w+)+)</regex>
                    	<regex>(-ms(?:-\w+)+)</regex>
                    	<regex>(-o(?:-\w+)+)</regex>
                    	<string>above</string>
						<string>absolute</string>
						<string>accumulate</string>
						<string>activeborder</string>
						<string>activecaption</string>
						<string>after-edge</string>
						<string>after-white-space</string>
						<string>ahead</string>
						<string>alias</string>
						<string>aliceblue</string>
						<string>all-scroll</string>
						<string>all</string>
						<string>alphabetic</string>
						<string>alternate</string>
						<string>always</string>
						<string>antiquewhite</string>
						<string>appworkspace</string>
						<string>aqua</string>
						<string>aquamarine</string>
						<string>arial</string>
						<string>armenian</string>
						<string>auto</string>
						<string>avoid</string>
						<string>azure</string>
						<string>backwards</string>
						<string>balance</string>
						<string>baseline</string>
						<string>before-edge</string>
						<string>beige</string>
						<string>below</string>
						<string>bidi-override</string>
						<string>bisque</string>
						<string>black</string>
						<string>blanchedalmond</string>
						<string>blink</string>
						<string>block</string>
						<string>blue</string>
						<string>blueviolet</string>
						<string>bold</string>
						<string>bolder</string>
						<string>border</string>
						<string>border-box</string>
						<string>both</string>
						<string>bottom</string>
						<string>break-all</string>
						<string>break-strict</string>
						<string>break-word</string>
						<string>break</string>
						<string>brown</string>
						<string>burlywood</string>
						<string>butt</string>
						<string>button-bevel</string>
						<string>button</string>
						<string>buttonface</string>
						<string>buttonhighlight</string>
						<string>buttonshadow</string>
						<string>buttontext</string>
						<string>cadetblue</string>
						<string>capitalize</string>
						<string>capitals</string>
						<string>caps-height</string>
						<string>caption</string>
						<string>captiontext</string>
						<string>caret</string>
						<string>cell</string>
						<string>center</string>
						<string>central</string>
						<string>charcoal</string>
						<string>chartreuse</string>
						<string>checkbox</string>
						<string>chicago</string>
						<string>chocolate</string>
						<string>circle</string>
						<string>cjk-ideographic</string>
						<string>close-quote</string>
						<string>closest-side</string>
						<string>closest-corner</string>
						<string>cmyk</string>					
						<string>col-resize</string>
						<string>collapse</string>
						<string>collapsed</string>
						<string>color-stop</string>
						<string>compact</string>
						<string>condensed</string>
						<string>contain</string>
						<string>content</string>
						<string>content-box</string>
						<string>context-menu</string>
						<string>copy</string>
						<string>coral</string>
						<string>cornflowerblue</string>
						<string>cornsilk</string>
						<string>courier</string>
						<string>cover</string>
						<string>crimson</string>
						<string>crispEdges</string>
						<string>crop</string>
						<string>cross</string>
						<string>crosshair</string>
						<string>cubic-bezier</string>
						<string>currentcolor</string>
						<string>cursive</string>
						<string>cyan</string>
						<string>darkblue</string>
						<string>darkcyan</string>
						<string>darkgoldenrod</string>
						<string>darkgray</string>
						<string>darkgreen</string>
						<string>darkgrey</string>
						<string>darkkhaki</string>
						<string>darkmagenta</string>
						<string>darkolivegreen</string>
						<string>darkorange</string>
						<string>darkorchid</string>
						<string>darkred</string>
						<string>darksalmon</string>
						<string>darkseagreen</string>
						<string>darkslateblue</string>
						<string>darkslategray</string>
						<string>darkslategrey</string>
						<string>darkturquoise</string>
						<string>darkviolet</string>
						<string>dashed</string>
						<string>decimal-leading-zero</string>
						<string>decimal</string>
						<string>deeppink</string>
						<string>deepskyblue</string>
						<string>default</string>
						<string>destination-atop</string>
						<string>destination-in</string>
						<string>destination-out</string>
						<string>destination-over</string>
						<string>device-cmyk</string>
						<string>dimgray</string>
						<string>dimgrey</string>
						<string>disc</string>
						<string>discard</string>
						<string>dodgerblue</string>
						<string>dotted</string>
						<string>double</string>
						<string>down</string>
						<string>e-resize</string>
						<regex>(ease(?:-\w+)*)</regex>
						<string>element</string>
						<string>ellipse cover</string>
						<string>ellipsis</string>
						<string>embed</string>
						<string>end</string>
						<string>evenodd</string>
						<string>ew-reize</string>
						<string>expanded</string>
						<string>extra-condensed</string>
						<string>extra-expanded</string>
						<string>fantasy</string>
						<string>farthest-side</string>
						<string>farthest-corner</string>
						<string>fast</string>
						<string>fill</string>
						<string>firebrick</string>
						<string>fixed</string>
						<string>fixedsys</string>
						<string>flat</string>
						<string>floralwhite</string>
						<string>forestgreen</string>
						<string>format</string>
						<string>forwards</string>
						<string>from</string>
						<string>fuchsia</string>
						<string>gadget</string>
						<string>gainsboro</string>
						<string>geneva</string>
						<string>geometricPrecision</string>
						<string>georgia</string>
						<string>georgian</string>
						<string>ghostwhite</string>
						<string>gold</string>
						<string>goldenrod</string>
						<string>gray</string>
						<string>graytext</string>
						<string>green</string>
						<string>greenyellow</string>
						<string>grey</string>
						<string>groove</string>
						<string>hand</string>
						<string>hanging</string>
						<string>hebrew</string>
						<string>help</string>
						<string>helvetica</string>
						<string>hidden</string>
						<string>hide</string>
						<string>higher</string>
						<string>highlight</string>
						<string>highlighttext</string>
						<string>hiragana-iroha</string>
						<string>hiragana</string>
						<string>honeydew</string>
						<string>hotpink</string>
						<string>hsl</string>
						<string>hsla</string>
						<string>icon</string>
						<string>ideographic</string>
						<string>ignore</string>
						<string>impact</string>
						<string>inactiveborder</string>
						<string>inactivecaption</string>
						<string>inactivecaptiontext</string>
						<string>indianred</string>
						<string>indigo</string>
						<string>infinite</string>
						<string>infobackground</string>
						<string>infotext</string>
						<string>inherit</string>
						<regex>(inline(?:-\w+)*)</regex>
						<string>inline</string>
						<string>inset</string>
						<string>inside</string>
						<string>intrinsic</string>
						<string>invert</string>
						<string>italic</string>
						<string>ivory</string>
						<string>justify</string>
						<string>katakana-iroha</string>
						<string>katakana</string>
						<string>keep-all</string>
						<string>khaki</string>
						<string>konq-center</string>
						<string>landscape</string>
						<string>large</string>
						<string>larger</string>
						<string>lavender</string>
						<string>lavenderblush</string>
						<string>lawngreen</string>
						<string>left</string>
						<string>lemonchiffon</string>
						<string>level</string>
						<string>light</string>
						<string>lightblue</string>
						<string>lightcoral</string>
						<string>lightcyan</string>
						<string>lighter</string>
						<string>lightgoldenrodyellow</string>
						<string>lightgray</string>
						<string>lightgreen</string>
						<string>lightgrey</string>
						<string>lightpink</string>
						<string>lightsalmon</string>
						<string>lightseagreen</string>
						<string>lightskyblue</string>
						<string>lightslategray</string>
						<string>lightslategrey</string>
						<string>lightsteelblue</string>
						<string>lightyellow</string>
						<string>lime</string>
						<string>limegreen</string>
						<string>line-through</string>
						<string>linear</string>
						<string>linearRGB</string>
						<string>linear-gradient</string>                  	
						<string>linen</string>
						<string>lines</string>
						<string>list-item</string>
						<string>listbox</string>
						<string>listitem</string>
						<string>local</string>
						<string>logical</string>
						<string>loose</string>
						<string>loud</string>
						<string>lower-alpha</string>
						<string>lower-greek</string>
						<string>lower-latin</string>
						<string>lower-roman</string>
						<string>lower</string>
						<string>lowercase</string>
						<string>ltr</string>
						<string>lr</string>
						<string>lr-tb</string>
						<string>magenta</string>
						<string>marker</string>
						<string>maroon</string>
						<string>match</string>
						<string>mathematical</string>
						<string>matrix</string>
						<string>matrix3d</string>
						<string>medium</string>
						<string>mediumaquamarine</string>
						<string>mediumblue</string>
						<string>mediumorchid</string>
						<string>mediumpurple</string>
						<string>mediumseagreen</string>
						<string>mediumslateblue</string>
						<string>mediumspringgreen</string>
						<string>mediumturquoise</string>
						<string>mediumvioletred</string>
						<string>menu</string>
						<string>menulist-button</string>
						<string>menulist-text</string>
						<string>menulist-textfield</string>
						<string>menulist</string>
						<string>menutext</string>
						<string>message-box</string>
						<string>middle</string>
						<string>midnightblue</string>
						<string>min-intrinsic</string>
						<string>mintcream</string>
						<string>mistyrose</string>
						<string>miter</string>
						<string>mix</string>
						<string>moccasin</string>
						<string>monaco</string>
						<string>monospace</string>
						<string>move</string>
						<string>n-resize</string>
						<string>narrower</string>
						<string>navajowhite</string>
						<string>navy</string>
						<string>ne-resize</string>
						<string>nesw-resize</string>
						<string>new</string>
						<string>never</string>
						<string>no-change</string>
						<string>no-close-quote</string>
						<string>no-drop</string>
						<string>no-open-quote</string>
						<string>no-repeat</string>
						<string>none</string>
						<string>nonzero</string>
						<string>normal</string>
						<string>not-allowed</string>
						<string>nowrap</string>
						<string>ns-resize</string>
						<string>nw-resize</string>
						<string>nwse-resize</string>
						<string>oblique</string>
						<string>oldlace</string>
						<string>olive</string>
						<string>olivedrab</string>
						<string>opacity</string>
						<string>open-quote</string>
						<string>optimizelegibility</string>
						<string>optimizeSpeed</string>
						<string>optimizeQuality</string>
						<string>orange</string>
						<string>orangered</string>
						<string>orchid</string>
						<string>outset</string>
						<string>outside</string>
						<string>overlay</string>
						<string>overline</string>
						<string>padding</string>
						<string>padding-box</string>
						<string>painted</string>
						<string>palatino</string>
						<string>palegoldenrod</string>
						<string>palegreen</string>
						<string>paleturquoise</string>
						<string>palevioletred</string>
						<string>papayawhip</string>
						<string>paused</string>
						<string>peachpuff</string>
						<string>peru</string>
						<string>pink</string>
						<string>plum</string>
						<string>plus-darker</string>
						<string>plus-lighter</string>
						<string>pointer</string>
						<string>portrait</string>
						<string>powderblue</string>
						<string>pre</string>
						<string>pre-line</string>
						<string>pre-wrap</string>
						<string>preserve-3d</string>
						<string>progress</string>
						<string>purple</string>
						<string>push-button</string>
						<string>radial</string>
						<string>radial-gradient</string>
						<string>radio</string>
						<string>read-only</string>
						<string>read-write-plaintext-only</string>
						<string>read-write</string>
						<string>red</string>
						<string>relative</string>
						<string>repeat-x</string>
						<string>repeat-y</string>
						<string>repeat</string>
						<string>repeating-linear-gradient</string>
						<string>repeating-radial-gradient</string>
						<string>reset-size</string>
						<string>reverse</string>
						<string>rgb</string>
						<string>rgba</string>
						<string>ridge</string>
						<string>right</string>
						<string>rl</string>
						<string>rl-tb</string>
						<string>rosybrown</string>
						<string>rotate</string>
						<string>rotate3d</string>
						<string>rotatex</string>
						<string>rotatey</string>
						<string>rotatez</string>
						<string>round</string>
						<string>row-resize</string>
						<string>royalblue</string>
						<string>rtl</string>
						<string>run-in</string>
						<string>running</string>
						<string>s-resize</string>
						<string>saddlebrown</string>
						<string>salmon</string>
						<string>sand</string>
						<string>sandybrown</string>
						<string>sans-serif</string>
						<string>scale</string>
						<string>scale3d</string>
						<string>scalex</string>
						<string>scaley</string>
						<string>scalez</string>
						<string>scroll</string>
						<string>scrollbar</string>
						<string>scrollbarbutton-down</string>
						<string>scrollbarbutton-left</string>
						<string>scrollbarbutton-right</string>
						<string>scrollbarbutton-up</string>
						<string>scrollbargripper-horizontal</string>
						<string>scrollbargripper-vertical</string>
						<string>scrollbarthumb-horizontal</string>
						<string>scrollbarthumb-vertical</string>
						<string>scrollbartrack-horizontal</string>
						<string>scrollbartrack-vertical</string>
						<string>se-resize</string>
						<string>seagreen</string>
						<string>searchfield-cancel-button</string>
						<string>searchfield-decoration</string>
						<string>searchfield-results-button</string>
						<string>searchfield-results-decoration</string>
						<string>searchfield</string>
						<string>seashell</string>
						<string>semi-condensed</string>
						<string>semi-expanded</string>
						<string>separate</string>
						<string>serif</string>
						<string>show</string>
						<string>sienna</string>
						<string>silver</string>
						<string>skew</string>
						<string>skewx</string>
						<string>skewy</string>
						<string>skewz</string>
						<string>skia</string>
						<string>skyblue</string>
						<string>slateblue</string>
						<string>slategray</string>
						<string>slategrey</string>
						<string>slide</string>
						<string>slider-horizontal</string>
						<string>slider-vertical</string>
						<string>sliderthumb-horizontal</string>
						<string>sliderthumb-vertical</string>
						<string>slow</string>
						<string>small-caps</string>
						<string>small-caption</string>
						<string>small</string>
						<string>smaller</string>
						<string>snow</string>
						<string>solid</string>
						<string>source-atop</string>
						<string>source-in</string>
						<string>source-out</string>
						<string>source-over</string>
						<string>space</string>
						<string>springgreen</string>
						<string>square-button</string>
						<string>square</string>
						<string>sRGB</string>
						<string>start</string>
						<string>static-position</string>
						<string>static</string>
						<string>status-bar</string>
						<string>steelblue</string>
						<string>stretch</string>
						<string>stroke</string>
						<string>sub</string>
						<string>super</string>
						<string>sw-resize</string>
						<string>system</string>
						<string>table-caption</string>
						<string>table-cell</string>
						<string>table-column-group</string>
						<string>table-column</string>
						<string>table-footer-group</string>
						<string>table-header-group</string>
						<string>table-row-group</string>
						<string>table-row</string>
						<string>table</string>
						<string>tahoma</string>
						<string>tan</string>
						<string>tb</string>
						<string>teal</string>
						<string>techno</string>
						<string>terminal</string>
						<regex>(text(?:-\w+)*)</regex>
						<string>textarea</string>
						<string>textfield</string>
						<string>textile</string>
						<string>thick</string>
						<string>thin</string>
						<string>thistle</string>
						<string>threeddarkshadow</string>
						<string>threedface</string>
						<string>threedhighlight</string>
						<string>threedlightshadow</string>
						<string>threedshadow</string>
						<string>times</string>
						<string>to</string>
						<string>tomato</string>
						<string>top</string>
						<string>translate</string>
						<string>translate3d</string>
						<string>translatex</string>
						<string>translatey</string>
						<string>translatez</string>
						<string>transparent</string>
						<string>turquoise</string>
						<string>ultra-condensed</string>
						<string>ultra-expanded</string>
						<string>underline</string>
						<string>up</string>
						<string>upper-alpha</string>
						<string>upper-latin</string>
						<string>upper-roman</string>
						<string>uppercase</string>
						<string>url</string>
						<string>use-script</string>
						<string>verdana</string>
						<string>vertical-text</string>
						<string>violet</string>
						<regex>(visible(?:-\w+)*)</regex>
						<string>visual</string>
						<string>w-resize</string>
						<string>wait</string>
						<string>wheat</string>
						<string>white</string>
						<string>whitesmoke</string>
						<string>wider</string>
						<string>window</string>
						<string>windowframe</string>
						<string>windowtext</string>
						<string>x-large</string>
						<string>x-small</string>
						<string>xor</string>
						<string>xx-large</string>
						<string>xx-small</string>
						<string>yellow</string>
						<string>yellowgreen</string>
                    </keywords>
                    <keywords id="CSS Digits" useforautocomplete="yes" scope="style.value.numeric">
                        <regex>(?&lt;![#\d\w-])(-?[\d]+[ \t]*(?:px|pt|em|ex|cm|in|mm|pc|s|ms|Hz|kHz|%|deg|rad|grad|turn|rem|ch|vw|vh|vmin|vmax)?)</regex>
                    </keywords>
                    <keywords id="CSS Colors" useforautocomplete="yes" scope="style.value.color.rgb-value">
                        <regex>(#[\da-fA-F]{3,6})</regex>
                    </keywords>
                    <state-link state="AutodocComment"/>
                    <state-link state="Comment"/>
                    <state-link state="String"/>
                    <state-link state="SingleString"/>
                </state>
                 <!-- #18433
                <state-link state="AutodocComment"/>
                <state-link state="Comment"/>
                <state-link state="String"/>
                <state-link state="SingleString"/>
                --> 
                <import />
            </state>
            
            <state id="Rules" scope="style.at-rule">
                <begin>
				    <string>@</string>
					<autoend><regex>\s</regex></autoend>
                </begin>
                <end>
                    <regex>\s|(?:.|[\r\n])(?=\{)</regex>
                </end>
            </state>
            
            <state id="AutodocComment" type="comment" foldable="yes" scope="style.comment.block.documentation">
                <begin>
                    <string>/\*"</string>
                    <autoend>"\*/</autoend>
                </begin>
                <end>
                    <regex>"\*/</regex>
                </end>
                <import mode="Base" state="EmailAndURLContainerState" keywords-only="yes"/>
            </state>
            
            <state id="Comment Group" foldable="yes" indent="no" delimiterState="Comment" scope="meta.default">
       			<begin><regex>/\*[ \t]*(?i)@group[ \t]+.*?\*/</regex></begin>
       			<end><regex>/\*[ \t]*(?i)@end[ \t]*\*/</regex></end>
       			<import />
       		</state>
            
            <state id="Comment" type="comment" foldable="yes" scope="style.comment.block">
                <begin>
                    <string>/\*</string>
                    <autoend>\*/</autoend>
                </begin>
                <end>
                    <regex>\*/</regex>
                </end>
                
                <import mode="Base" state="EmailAndURLContainerState" keywords-only="yes"/>
            </state>
            <state id="String" type="string" scope="style.value.string.double">
                <begin>
                    <string>"</string>
                </begin>
                <end>
                    <regex>(?&lt;!\\)(\\\\)*"</regex>
                </end>
            </state>
            <state id="SingleString" type="string" scope="style.value.string.single">
                <begin>
                    <string>'</string>
                </begin>
                <end>
                    <regex>(?&lt;!\\)(\\\\)*'</regex>
                </end>
            </state>
        </default>
    </states>
</syntax>
