-- phpMyAdmin SQL Dump
-- version 3.5.1
-- http://www.phpmyadmin.net
--
-- Host: localhost
-- Generation Time: Feb 28, 2014 at 04:20 PM
-- Server version: 5.5.25
-- PHP Version: 5.4.4

SET SQL_MODE="NO_AUTO_VALUE_ON_ZERO";
SET time_zone = "+00:00";


/*!40101 SET @OLD_CHARACTER_SET_CLIENT=@@CHARACTER_SET_CLIENT */;
/*!40101 SET @OLD_CHARACTER_SET_RESULTS=@@CHARACTER_SET_RESULTS */;
/*!40101 SET @OLD_COLLATION_CONNECTION=@@COLLATION_CONNECTION */;
/*!40101 SET NAMES utf8 */;

--
-- Database: `staff_master`
--

-- --------------------------------------------------------

--
-- Table structure for table `attribute_availability`
--

CREATE TABLE `attribute_availability` (
  `availability_id` int(11) NOT NULL AUTO_INCREMENT,
  `name` varchar(100) NOT NULL,
  PRIMARY KEY (`availability_id`)
) ENGINE=InnoDB DEFAULT CHARSET=latin1 AUTO_INCREMENT=1 ;

-- --------------------------------------------------------

--
-- Table structure for table `attribute_groups`
--

CREATE TABLE `attribute_groups` (
  `group_id` int(11) NOT NULL AUTO_INCREMENT,
  `name` varchar(100) NOT NULL,
  PRIMARY KEY (`group_id`)
) ENGINE=InnoDB  DEFAULT CHARSET=latin1 AUTO_INCREMENT=2 ;

--
-- Dumping data for table `attribute_groups`
--

INSERT INTO `attribute_groups` (`group_id`, `name`) VALUES
(1, 'test group');

-- --------------------------------------------------------

--
-- Table structure for table `attribute_locations`
--

CREATE TABLE `attribute_locations` (
  `location_id` int(11) NOT NULL AUTO_INCREMENT,
  `parent_id` int(11) NOT NULL,
  `name` varchar(100) NOT NULL,
  PRIMARY KEY (`location_id`)
) ENGINE=InnoDB  DEFAULT CHARSET=latin1 AUTO_INCREMENT=98 ;

--
-- Dumping data for table `attribute_locations`
--

INSERT INTO `attribute_locations` (`location_id`, `parent_id`, `name`) VALUES
(1, 0, 'Major Cities'),
(2, 0, 'Regional'),
(3, 1, 'Sydney'),
(4, 1, 'Melbourne'),
(5, 1, 'Brisbane'),
(6, 1, 'Gold Coast'),
(7, 1, 'Perth'),
(8, 1, 'Adelaide'),
(9, 1, 'Hobart'),
(10, 1, 'Darwin'),
(11, 1, 'Canberra'),
(12, 2, 'NSW'),
(13, 2, 'VIC'),
(14, 2, 'QLD'),
(15, 2, 'WA'),
(16, 2, 'SA'),
(17, 2, 'TAS'),
(18, 2, 'ACT'),
(19, 2, 'NT'),
(20, 3, 'CBD, Inner West & Eastern Suburbs'),
(21, 3, 'North Shore & Northen Beaches'),
(22, 3, 'North West & Hills District'),
(23, 3, 'Parramatta & Western Suburbs'),
(24, 3, 'Ryde & Macquarie Park'),
(25, 3, 'Southern Suburbs & Sutherland Shire'),
(26, 3, 'South West & M5 Corridor'),
(27, 4, 'CBD & Inner Suburbs'),
(28, 4, 'Bayside & South Eastern Suburbs'),
(29, 4, 'Eastern Suburbs'),
(30, 4, 'Northern Suburbs'),
(31, 4, 'Western Suburbs'),
(32, 5, 'CBD & Inner Suburbs'),
(33, 5, 'Bayside & Eastern Suburbs'),
(34, 5, 'Northern Suburbs'),
(35, 5, 'Southern Suburbs & Logan'),
(36, 5, 'Western Suburbs & Ipswich'),
(37, 7, 'CBD, Inner & Western Suburbs'),
(38, 7, 'Eastern Suburbs'),
(39, 7, 'Fremantle & Southern Suburbs'),
(40, 7, 'Northern Suburbs & Joondalup'),
(41, 7, 'Rockingham & Kwinana'),
(42, 12, 'Albury Wodonga & Murray'),
(43, 12, 'Blue Mountains & Central West'),
(44, 12, 'Coffs Harbour & North Coast'),
(45, 12, 'Dubbo & Central NSW'),
(46, 12, 'Far West & North Central NSW'),
(47, 12, 'Gosford & Central Coast'),
(48, 12, 'Goulburn & Southern Tablelands'),
(49, 12, 'Lismore & Far North Coast'),
(50, 12, 'Newcastle, Maitland & Hunter'),
(51, 12, 'Port Macquarie & Mid North Coast'),
(52, 12, 'Richmond & Hawkesbury'),
(53, 12, 'Tamworth & North West NSW'),
(54, 12, 'Tumut, Southern Highlands & Snowy'),
(55, 12, 'Wagga Wagga & Riverina'),
(56, 12, 'Wollongong, Illawarra & South Coast'),
(57, 13, 'Bairnsdale & Gippsland'),
(58, 13, 'Ballarat & Central Highlands'),
(59, 13, 'Bendigo, Goldfields & Macedon Ranges'),
(60, 13, 'Geelong & Great Ocean Road'),
(61, 13, 'Horsham & Grampians'),
(62, 13, 'Mildura & Murray'),
(63, 13, 'Mornington Peninsula & Bass Coast'),
(64, 13, 'Shepparton & Goulburn Valley'),
(65, 13, 'Traralgon & La Trobe Valley'),
(66, 13, 'Yarra Valley & High Country'),
(67, 14, 'Bundaberg & Wide Bay Burnett'),
(68, 14, 'Cairns & Far North'),
(69, 14, 'Gladstone & Central QLD'),
(70, 14, 'Hervey Bay & Fraser Coast'),
(71, 14, 'Mackay & Coalfields'),
(72, 14, 'Mt lsa & Western QLD'),
(73, 14, 'Rockhampton & Capricorn Coast'),
(74, 14, 'Somerset & Lockery'),
(75, 14, 'Sunshine Coast'),
(76, 14, 'Toowoomba & Darling Downs'),
(77, 14, 'Townsville & Northern QLD'),
(78, 15, 'Albany & Great Southern'),
(79, 15, 'Broome & Kimberley'),
(80, 15, 'Bunbury & South West'),
(81, 15, 'Geraldton, Gascoyne & Midwest'),
(82, 15, 'Kalgoorlie, Goldfields & Esperance'),
(83, 15, 'Mandurah & Peel'),
(84, 15, 'Northam & Wheatbelt'),
(85, 15, 'Port Hedland, Karratha & Pilbara'),
(86, 16, 'Adelaide Hills & Barossa'),
(87, 16, 'Coober Pedy & Outback SA'),
(88, 16, 'Fleurieu Peninsula & Kangaroo Island'),
(89, 16, 'Mt Gambier & Limestone Coast'),
(90, 16, 'Riverland & Murray Mallee'),
(91, 16, 'Whyalla & Eyre Peninsula'),
(92, 16, 'Yorke Peninsula & Clare Valley'),
(93, 17, 'Central & South East'),
(94, 17, 'Davonport & North West'),
(95, 17, 'Launceston & North East'),
(96, 19, 'Alice Springs & Central Australia'),
(97, 19, 'Katherine & Northern Australia');

-- --------------------------------------------------------

--
-- Table structure for table `attribute_payrates`
--

CREATE TABLE `attribute_payrates` (
  `payrate_id` int(11) NOT NULL AUTO_INCREMENT,
  `name` varchar(100) NOT NULL,
  `status` tinyint(4) NOT NULL COMMENT '-1: deleted',
  PRIMARY KEY (`payrate_id`)
) ENGINE=InnoDB  DEFAULT CHARSET=latin1 AUTO_INCREMENT=4 ;

--
-- Dumping data for table `attribute_payrates`
--

INSERT INTO `attribute_payrates` (`payrate_id`, `name`, `status`) VALUES
(1, 'Test first one', 0),
(2, 'Second rate', 0),
(3, 'Level 3', 0);

-- --------------------------------------------------------

--
-- Table structure for table `attribute_payrate_data`
--

CREATE TABLE `attribute_payrate_data` (
  `payrate_id` int(11) NOT NULL,
  `type` tinyint(4) NOT NULL COMMENT '0: staff, 1: client',
  `day` int(11) NOT NULL COMMENT '1: moday, 7: sunday',
  `hour` int(11) NOT NULL,
  `value` decimal(10,2) NOT NULL
) ENGINE=InnoDB DEFAULT CHARSET=latin1;

--
-- Dumping data for table `attribute_payrate_data`
--

INSERT INTO `attribute_payrate_data` (`payrate_id`, `type`, `day`, `hour`, `value`) VALUES
(2, 0, 1, 0, 25.00),
(2, 0, 1, 1, 25.00),
(2, 0, 1, 2, 25.00),
(2, 0, 1, 3, 25.00),
(2, 0, 1, 4, 25.00),
(2, 0, 1, 5, 25.00),
(2, 0, 1, 6, 25.00),
(2, 0, 1, 7, 25.00),
(2, 0, 1, 8, 25.00),
(2, 0, 1, 9, 25.00),
(2, 0, 1, 10, 25.00),
(2, 0, 1, 11, 25.00),
(2, 0, 1, 12, 25.00),
(2, 0, 1, 13, 25.00),
(2, 0, 1, 14, 25.00),
(2, 0, 1, 15, 25.00),
(2, 0, 1, 16, 25.00),
(2, 0, 1, 17, 25.00),
(2, 0, 1, 18, 25.00),
(2, 0, 1, 19, 25.00),
(2, 0, 1, 20, 25.00),
(2, 0, 1, 21, 25.00),
(2, 0, 1, 22, 25.00),
(2, 0, 1, 23, 25.00),
(2, 0, 2, 0, 25.00),
(2, 0, 2, 1, 25.00),
(2, 0, 2, 2, 25.00),
(2, 0, 2, 3, 25.00),
(2, 0, 2, 4, 25.00),
(2, 0, 2, 5, 25.00),
(2, 0, 2, 6, 25.00),
(2, 0, 2, 7, 25.00),
(2, 0, 2, 8, 25.00),
(2, 0, 2, 9, 25.00),
(2, 0, 2, 10, 25.00),
(2, 0, 2, 11, 25.00),
(2, 0, 2, 12, 25.00),
(2, 0, 2, 13, 25.00),
(2, 0, 2, 14, 25.00),
(2, 0, 2, 15, 25.00),
(2, 0, 2, 16, 25.00),
(2, 0, 2, 17, 25.00),
(2, 0, 2, 18, 25.00),
(2, 0, 2, 19, 25.00),
(2, 0, 2, 20, 25.00),
(2, 0, 2, 21, 25.00),
(2, 0, 2, 22, 25.00),
(2, 0, 2, 23, 25.00),
(2, 0, 3, 0, 25.00),
(2, 0, 3, 1, 25.00),
(2, 0, 3, 2, 25.00),
(2, 0, 3, 3, 25.00),
(2, 0, 3, 4, 25.00),
(2, 0, 3, 5, 25.00),
(2, 0, 3, 6, 25.00),
(2, 0, 3, 7, 25.00),
(2, 0, 3, 8, 25.00),
(2, 0, 3, 9, 25.00),
(2, 0, 3, 10, 25.00),
(2, 0, 3, 11, 25.00),
(2, 0, 3, 12, 25.00),
(2, 0, 3, 13, 25.00),
(2, 0, 3, 14, 25.00),
(2, 0, 3, 15, 25.00),
(2, 0, 3, 16, 25.00),
(2, 0, 3, 17, 25.00),
(2, 0, 3, 18, 25.00),
(2, 0, 3, 19, 25.00),
(2, 0, 3, 20, 25.00),
(2, 0, 3, 21, 25.00),
(2, 0, 3, 22, 25.00),
(2, 0, 3, 23, 25.00),
(2, 0, 4, 0, 25.00),
(2, 0, 4, 1, 25.00),
(2, 0, 4, 2, 25.00),
(2, 0, 4, 3, 25.00),
(2, 0, 4, 4, 25.00),
(2, 0, 4, 5, 25.00),
(2, 0, 4, 6, 25.00),
(2, 0, 4, 7, 25.00),
(2, 0, 4, 8, 25.00),
(2, 0, 4, 9, 25.00),
(2, 0, 4, 10, 25.00),
(2, 0, 4, 11, 25.00),
(2, 0, 4, 12, 25.00),
(2, 0, 4, 13, 25.00),
(2, 0, 4, 14, 25.00),
(2, 0, 4, 15, 25.00),
(2, 0, 4, 16, 25.00),
(2, 0, 4, 17, 25.00),
(2, 0, 4, 18, 25.00),
(2, 0, 4, 19, 25.00),
(2, 0, 4, 20, 25.00),
(2, 0, 4, 21, 25.00),
(2, 0, 4, 22, 25.00),
(2, 0, 4, 23, 25.00),
(2, 0, 5, 0, 25.00),
(2, 0, 5, 1, 25.00),
(2, 0, 5, 2, 25.00),
(2, 0, 5, 3, 25.00),
(2, 0, 5, 4, 25.00),
(2, 0, 5, 5, 25.00),
(2, 0, 5, 6, 25.00),
(2, 0, 5, 7, 25.00),
(2, 0, 5, 8, 25.00),
(2, 0, 5, 9, 25.00),
(2, 0, 5, 10, 25.00),
(2, 0, 5, 11, 25.00),
(2, 0, 5, 12, 25.00),
(2, 0, 5, 13, 25.00),
(2, 0, 5, 14, 25.00),
(2, 0, 5, 15, 25.00),
(2, 0, 5, 16, 25.00),
(2, 0, 5, 17, 25.00),
(2, 0, 5, 18, 25.00),
(2, 0, 5, 19, 25.00),
(2, 0, 5, 20, 25.00),
(2, 0, 5, 21, 25.00),
(2, 0, 5, 22, 25.00),
(2, 0, 5, 23, 25.00),
(2, 0, 6, 0, 25.00),
(2, 0, 6, 1, 25.00),
(2, 0, 6, 2, 25.00),
(2, 0, 6, 3, 25.00),
(2, 0, 6, 4, 25.00),
(2, 0, 6, 5, 25.00),
(2, 0, 6, 6, 25.00),
(2, 0, 6, 7, 25.00),
(2, 0, 6, 8, 25.00),
(2, 0, 6, 9, 25.00),
(2, 0, 6, 10, 25.00),
(2, 0, 6, 11, 25.00),
(2, 0, 6, 12, 25.00),
(2, 0, 6, 13, 25.00),
(2, 0, 6, 14, 25.00),
(2, 0, 6, 15, 25.00),
(2, 0, 6, 16, 25.00),
(2, 0, 6, 17, 25.00),
(2, 0, 6, 18, 25.00),
(2, 0, 6, 19, 25.00),
(2, 0, 6, 20, 25.00),
(2, 0, 6, 21, 25.00),
(2, 0, 6, 22, 25.00),
(2, 0, 6, 23, 25.00),
(2, 0, 7, 0, 25.00),
(2, 0, 7, 1, 25.00),
(2, 0, 7, 2, 25.00),
(2, 0, 7, 3, 25.00),
(2, 0, 7, 4, 25.00),
(2, 0, 7, 5, 25.00),
(2, 0, 7, 6, 25.00),
(2, 0, 7, 7, 25.00),
(2, 0, 7, 8, 25.00),
(2, 0, 7, 9, 25.00),
(2, 0, 7, 10, 25.00),
(2, 0, 7, 11, 25.00),
(2, 0, 7, 12, 25.00),
(2, 0, 7, 13, 25.00),
(2, 0, 7, 14, 25.00),
(2, 0, 7, 15, 25.00),
(2, 0, 7, 16, 25.00),
(2, 0, 7, 17, 25.00),
(2, 0, 7, 18, 25.00),
(2, 0, 7, 19, 25.00),
(2, 0, 7, 20, 25.00),
(2, 0, 7, 21, 25.00),
(2, 0, 7, 22, 25.00),
(2, 0, 7, 23, 25.00),
(2, 1, 1, 0, 50.00),
(2, 1, 1, 1, 50.00),
(2, 1, 1, 2, 50.00),
(2, 1, 1, 3, 50.00),
(2, 1, 1, 4, 50.00),
(2, 1, 1, 5, 50.00),
(2, 1, 1, 6, 50.00),
(2, 1, 1, 7, 50.00),
(2, 1, 1, 8, 50.00),
(2, 1, 1, 9, 50.00),
(2, 1, 1, 10, 50.00),
(2, 1, 1, 11, 50.00),
(2, 1, 1, 12, 50.00),
(2, 1, 1, 13, 50.00),
(2, 1, 1, 14, 50.00),
(2, 1, 1, 15, 50.00),
(2, 1, 1, 16, 50.00),
(2, 1, 1, 17, 50.00),
(2, 1, 1, 18, 50.00),
(2, 1, 1, 19, 50.00),
(2, 1, 1, 20, 50.00),
(2, 1, 1, 21, 50.00),
(2, 1, 1, 22, 50.00),
(2, 1, 1, 23, 50.00),
(2, 1, 2, 0, 50.00),
(2, 1, 2, 1, 50.00),
(2, 1, 2, 2, 50.00),
(2, 1, 2, 3, 50.00),
(2, 1, 2, 4, 50.00),
(2, 1, 2, 5, 50.00),
(2, 1, 2, 6, 50.00),
(2, 1, 2, 7, 50.00),
(2, 1, 2, 8, 50.00),
(2, 1, 2, 9, 50.00),
(2, 1, 2, 10, 50.00),
(2, 1, 2, 11, 50.00),
(2, 1, 2, 12, 50.00),
(2, 1, 2, 13, 50.00),
(2, 1, 2, 14, 50.00),
(2, 1, 2, 15, 50.00),
(2, 1, 2, 16, 50.00),
(2, 1, 2, 17, 50.00),
(2, 1, 2, 18, 50.00),
(2, 1, 2, 19, 50.00),
(2, 1, 2, 20, 50.00),
(2, 1, 2, 21, 50.00),
(2, 1, 2, 22, 50.00),
(2, 1, 2, 23, 50.00),
(2, 1, 3, 0, 50.00),
(2, 1, 3, 1, 50.00),
(2, 1, 3, 2, 50.00),
(2, 1, 3, 3, 50.00),
(2, 1, 3, 4, 50.00),
(2, 1, 3, 5, 50.00),
(2, 1, 3, 6, 50.00),
(2, 1, 3, 7, 50.00),
(2, 1, 3, 8, 50.00),
(2, 1, 3, 9, 50.00),
(2, 1, 3, 10, 50.00),
(2, 1, 3, 11, 50.00),
(2, 1, 3, 12, 50.00),
(2, 1, 3, 13, 50.00),
(2, 1, 3, 14, 50.00),
(2, 1, 3, 15, 50.00),
(2, 1, 3, 16, 50.00),
(2, 1, 3, 17, 50.00),
(2, 1, 3, 18, 50.00),
(2, 1, 3, 19, 50.00),
(2, 1, 3, 20, 50.00),
(2, 1, 3, 21, 50.00),
(2, 1, 3, 22, 50.00),
(2, 1, 3, 23, 50.00),
(2, 1, 4, 0, 50.00),
(2, 1, 4, 1, 50.00),
(2, 1, 4, 2, 50.00),
(2, 1, 4, 3, 50.00),
(2, 1, 4, 4, 50.00),
(2, 1, 4, 5, 50.00),
(2, 1, 4, 6, 50.00),
(2, 1, 4, 7, 50.00),
(2, 1, 4, 8, 50.00),
(2, 1, 4, 9, 50.00),
(2, 1, 4, 10, 50.00),
(2, 1, 4, 11, 50.00),
(2, 1, 4, 12, 50.00),
(2, 1, 4, 13, 50.00),
(2, 1, 4, 14, 50.00),
(2, 1, 4, 15, 50.00),
(2, 1, 4, 16, 50.00),
(2, 1, 4, 17, 50.00),
(2, 1, 4, 18, 50.00),
(2, 1, 4, 19, 50.00),
(2, 1, 4, 20, 50.00),
(2, 1, 4, 21, 50.00),
(2, 1, 4, 22, 50.00),
(2, 1, 4, 23, 50.00),
(2, 1, 5, 0, 50.00),
(2, 1, 5, 1, 50.00),
(2, 1, 5, 2, 50.00),
(2, 1, 5, 3, 50.00),
(2, 1, 5, 4, 50.00),
(2, 1, 5, 5, 50.00),
(2, 1, 5, 6, 50.00),
(2, 1, 5, 7, 50.00),
(2, 1, 5, 8, 50.00),
(2, 1, 5, 9, 50.00),
(2, 1, 5, 10, 50.00),
(2, 1, 5, 11, 50.00),
(2, 1, 5, 12, 50.00),
(2, 1, 5, 13, 50.00),
(2, 1, 5, 14, 50.00),
(2, 1, 5, 15, 50.00),
(2, 1, 5, 16, 50.00),
(2, 1, 5, 17, 50.00),
(2, 1, 5, 18, 50.00),
(2, 1, 5, 19, 50.00),
(2, 1, 5, 20, 50.00),
(2, 1, 5, 21, 50.00),
(2, 1, 5, 22, 50.00),
(2, 1, 5, 23, 50.00),
(2, 1, 6, 0, 50.00),
(2, 1, 6, 1, 50.00),
(2, 1, 6, 2, 50.00),
(2, 1, 6, 3, 50.00),
(2, 1, 6, 4, 50.00),
(2, 1, 6, 5, 50.00),
(2, 1, 6, 6, 50.00),
(2, 1, 6, 7, 50.00),
(2, 1, 6, 8, 50.00),
(2, 1, 6, 9, 50.00),
(2, 1, 6, 10, 50.00),
(2, 1, 6, 11, 50.00),
(2, 1, 6, 12, 50.00),
(2, 1, 6, 13, 50.00),
(2, 1, 6, 14, 50.00),
(2, 1, 6, 15, 50.00),
(2, 1, 6, 16, 50.00),
(2, 1, 6, 17, 50.00),
(2, 1, 6, 18, 50.00),
(2, 1, 6, 19, 50.00),
(2, 1, 6, 20, 50.00),
(2, 1, 6, 21, 50.00),
(2, 1, 6, 22, 50.00),
(2, 1, 6, 23, 50.00),
(2, 1, 7, 0, 50.00),
(2, 1, 7, 1, 50.00),
(2, 1, 7, 2, 50.00),
(2, 1, 7, 3, 50.00),
(2, 1, 7, 4, 50.00),
(2, 1, 7, 5, 50.00),
(2, 1, 7, 6, 50.00),
(2, 1, 7, 7, 50.00),
(2, 1, 7, 8, 50.00),
(2, 1, 7, 9, 50.00),
(2, 1, 7, 10, 50.00),
(2, 1, 7, 11, 50.00),
(2, 1, 7, 12, 50.00),
(2, 1, 7, 13, 50.00),
(2, 1, 7, 14, 50.00),
(2, 1, 7, 15, 50.00),
(2, 1, 7, 16, 50.00),
(2, 1, 7, 17, 50.00),
(2, 1, 7, 18, 50.00),
(2, 1, 7, 19, 50.00),
(2, 1, 7, 20, 50.00),
(2, 1, 7, 21, 50.00),
(2, 1, 7, 22, 50.00),
(2, 1, 7, 23, 50.00),
(3, 0, 1, 0, 25.00),
(3, 0, 1, 1, 25.00),
(3, 0, 1, 2, 25.00),
(3, 0, 1, 3, 25.00),
(3, 0, 1, 4, 25.00),
(3, 0, 1, 5, 25.00),
(3, 0, 1, 6, 25.00),
(3, 0, 1, 7, 25.00),
(3, 0, 1, 8, 25.00),
(3, 0, 1, 9, 25.00),
(3, 0, 1, 10, 25.00),
(3, 0, 1, 11, 25.00),
(3, 0, 1, 12, 25.00),
(3, 0, 1, 13, 25.00),
(3, 0, 1, 14, 25.00),
(3, 0, 1, 15, 25.00),
(3, 0, 1, 16, 25.00),
(3, 0, 1, 17, 25.00),
(3, 0, 1, 18, 25.00),
(3, 0, 1, 19, 25.00),
(3, 0, 1, 20, 25.00),
(3, 0, 1, 21, 25.00),
(3, 0, 1, 22, 25.00),
(3, 0, 1, 23, 25.00),
(3, 0, 2, 0, 25.00),
(3, 0, 2, 1, 25.00),
(3, 0, 2, 2, 25.00),
(3, 0, 2, 3, 25.00),
(3, 0, 2, 4, 25.00),
(3, 0, 2, 5, 25.00),
(3, 0, 2, 6, 25.00),
(3, 0, 2, 7, 25.00),
(3, 0, 2, 8, 25.00),
(3, 0, 2, 9, 25.00),
(3, 0, 2, 10, 25.00),
(3, 0, 2, 11, 25.00),
(3, 0, 2, 12, 25.00),
(3, 0, 2, 13, 25.00),
(3, 0, 2, 14, 25.00),
(3, 0, 2, 15, 25.00),
(3, 0, 2, 16, 25.00),
(3, 0, 2, 17, 25.00),
(3, 0, 2, 18, 25.00),
(3, 0, 2, 19, 25.00),
(3, 0, 2, 20, 25.00),
(3, 0, 2, 21, 25.00),
(3, 0, 2, 22, 25.00),
(3, 0, 2, 23, 25.00),
(3, 0, 3, 0, 25.00),
(3, 0, 3, 1, 25.00),
(3, 0, 3, 2, 25.00),
(3, 0, 3, 3, 25.00),
(3, 0, 3, 4, 25.00),
(3, 0, 3, 5, 25.00),
(3, 0, 3, 6, 25.00),
(3, 0, 3, 7, 25.00),
(3, 0, 3, 8, 25.00),
(3, 0, 3, 9, 25.00),
(3, 0, 3, 10, 25.00),
(3, 0, 3, 11, 25.00),
(3, 0, 3, 12, 25.00),
(3, 0, 3, 13, 25.00),
(3, 0, 3, 14, 25.00),
(3, 0, 3, 15, 25.00),
(3, 0, 3, 16, 25.00),
(3, 0, 3, 17, 25.00),
(3, 0, 3, 18, 25.00),
(3, 0, 3, 19, 25.00),
(3, 0, 3, 20, 25.00),
(3, 0, 3, 21, 25.00),
(3, 0, 3, 22, 25.00),
(3, 0, 3, 23, 25.00),
(3, 0, 4, 0, 25.00),
(3, 0, 4, 1, 25.00),
(3, 0, 4, 2, 25.00),
(3, 0, 4, 3, 25.00),
(3, 0, 4, 4, 25.00),
(3, 0, 4, 5, 25.00),
(3, 0, 4, 6, 25.00),
(3, 0, 4, 7, 25.00),
(3, 0, 4, 8, 25.00),
(3, 0, 4, 9, 25.00),
(3, 0, 4, 10, 25.00),
(3, 0, 4, 11, 25.00),
(3, 0, 4, 12, 25.00),
(3, 0, 4, 13, 25.00),
(3, 0, 4, 14, 25.00),
(3, 0, 4, 15, 25.00),
(3, 0, 4, 16, 25.00),
(3, 0, 4, 17, 25.00),
(3, 0, 4, 18, 25.00),
(3, 0, 4, 19, 25.00),
(3, 0, 4, 20, 25.00),
(3, 0, 4, 21, 25.00),
(3, 0, 4, 22, 25.00),
(3, 0, 4, 23, 25.00),
(3, 0, 5, 0, 25.00),
(3, 0, 5, 1, 25.00),
(3, 0, 5, 2, 25.00),
(3, 0, 5, 3, 25.00),
(3, 0, 5, 4, 25.00),
(3, 0, 5, 5, 25.00),
(3, 0, 5, 6, 25.00),
(3, 0, 5, 7, 25.00),
(3, 0, 5, 8, 25.00),
(3, 0, 5, 9, 25.00),
(3, 0, 5, 10, 25.00),
(3, 0, 5, 11, 25.00),
(3, 0, 5, 12, 25.00),
(3, 0, 5, 13, 25.00),
(3, 0, 5, 14, 25.00),
(3, 0, 5, 15, 25.00),
(3, 0, 5, 16, 25.00),
(3, 0, 5, 17, 25.00),
(3, 0, 5, 18, 25.00),
(3, 0, 5, 19, 25.00),
(3, 0, 5, 20, 25.00),
(3, 0, 5, 21, 25.00),
(3, 0, 5, 22, 25.00),
(3, 0, 5, 23, 25.00),
(3, 0, 6, 0, 25.00),
(3, 0, 6, 1, 25.00),
(3, 0, 6, 2, 25.00),
(3, 0, 6, 3, 25.00),
(3, 0, 6, 4, 25.00),
(3, 0, 6, 5, 25.00),
(3, 0, 6, 6, 25.00),
(3, 0, 6, 7, 25.00),
(3, 0, 6, 8, 25.00),
(3, 0, 6, 9, 25.00),
(3, 0, 6, 10, 25.00),
(3, 0, 6, 11, 25.00),
(3, 0, 6, 12, 25.00),
(3, 0, 6, 13, 25.00),
(3, 0, 6, 14, 25.00),
(3, 0, 6, 15, 25.00),
(3, 0, 6, 16, 25.00),
(3, 0, 6, 17, 25.00),
(3, 0, 6, 18, 25.00),
(3, 0, 6, 19, 25.00),
(3, 0, 6, 20, 25.00),
(3, 0, 6, 21, 25.00),
(3, 0, 6, 22, 25.00),
(3, 0, 6, 23, 25.00),
(3, 0, 7, 0, 25.00),
(3, 0, 7, 1, 25.00),
(3, 0, 7, 2, 25.00),
(3, 0, 7, 3, 25.00),
(3, 0, 7, 4, 25.00),
(3, 0, 7, 5, 25.00),
(3, 0, 7, 6, 25.00),
(3, 0, 7, 7, 25.00),
(3, 0, 7, 8, 25.00),
(3, 0, 7, 9, 25.00),
(3, 0, 7, 10, 25.00),
(3, 0, 7, 11, 25.00),
(3, 0, 7, 12, 25.00),
(3, 0, 7, 13, 25.00),
(3, 0, 7, 14, 25.00),
(3, 0, 7, 15, 25.00),
(3, 0, 7, 16, 25.00),
(3, 0, 7, 17, 25.00),
(3, 0, 7, 18, 25.00),
(3, 0, 7, 19, 25.00),
(3, 0, 7, 20, 25.00),
(3, 0, 7, 21, 25.00),
(3, 0, 7, 22, 25.00),
(3, 0, 7, 23, 25.00),
(3, 1, 1, 0, 50.00),
(3, 1, 1, 1, 50.00),
(3, 1, 1, 2, 50.00),
(3, 1, 1, 3, 50.00),
(3, 1, 1, 4, 50.00),
(3, 1, 1, 5, 50.00),
(3, 1, 1, 6, 50.00),
(3, 1, 1, 7, 50.00),
(3, 1, 1, 8, 50.00),
(3, 1, 1, 9, 50.00),
(3, 1, 1, 10, 50.00),
(3, 1, 1, 11, 50.00),
(3, 1, 1, 12, 50.00),
(3, 1, 1, 13, 50.00),
(3, 1, 1, 14, 50.00),
(3, 1, 1, 15, 50.00),
(3, 1, 1, 16, 50.00),
(3, 1, 1, 17, 50.00),
(3, 1, 1, 18, 50.00),
(3, 1, 1, 19, 50.00),
(3, 1, 1, 20, 50.00),
(3, 1, 1, 21, 50.00),
(3, 1, 1, 22, 50.00),
(3, 1, 1, 23, 50.00),
(3, 1, 2, 0, 50.00),
(3, 1, 2, 1, 50.00),
(3, 1, 2, 2, 50.00),
(3, 1, 2, 3, 50.00),
(3, 1, 2, 4, 50.00),
(3, 1, 2, 5, 50.00),
(3, 1, 2, 6, 50.00),
(3, 1, 2, 7, 50.00),
(3, 1, 2, 8, 50.00),
(3, 1, 2, 9, 50.00),
(3, 1, 2, 10, 50.00),
(3, 1, 2, 11, 50.00),
(3, 1, 2, 12, 50.00),
(3, 1, 2, 13, 50.00),
(3, 1, 2, 14, 50.00),
(3, 1, 2, 15, 50.00),
(3, 1, 2, 16, 50.00),
(3, 1, 2, 17, 50.00),
(3, 1, 2, 18, 50.00),
(3, 1, 2, 19, 50.00),
(3, 1, 2, 20, 50.00),
(3, 1, 2, 21, 50.00),
(3, 1, 2, 22, 50.00),
(3, 1, 2, 23, 50.00),
(3, 1, 3, 0, 50.00),
(3, 1, 3, 1, 50.00),
(3, 1, 3, 2, 50.00),
(3, 1, 3, 3, 50.00),
(3, 1, 3, 4, 50.00),
(3, 1, 3, 5, 50.00),
(3, 1, 3, 6, 50.00),
(3, 1, 3, 7, 50.00),
(3, 1, 3, 8, 50.00),
(3, 1, 3, 9, 50.00),
(3, 1, 3, 10, 50.00),
(3, 1, 3, 11, 50.00),
(3, 1, 3, 12, 50.00),
(3, 1, 3, 13, 50.00),
(3, 1, 3, 14, 50.00),
(3, 1, 3, 15, 50.00),
(3, 1, 3, 16, 50.00),
(3, 1, 3, 17, 50.00),
(3, 1, 3, 18, 50.00),
(3, 1, 3, 19, 50.00),
(3, 1, 3, 20, 50.00),
(3, 1, 3, 21, 50.00),
(3, 1, 3, 22, 50.00),
(3, 1, 3, 23, 50.00),
(3, 1, 4, 0, 50.00),
(3, 1, 4, 1, 50.00),
(3, 1, 4, 2, 50.00),
(3, 1, 4, 3, 50.00),
(3, 1, 4, 4, 50.00),
(3, 1, 4, 5, 50.00),
(3, 1, 4, 6, 50.00),
(3, 1, 4, 7, 50.00),
(3, 1, 4, 8, 50.00),
(3, 1, 4, 9, 50.00),
(3, 1, 4, 10, 50.00),
(3, 1, 4, 11, 50.00),
(3, 1, 4, 12, 50.00),
(3, 1, 4, 13, 50.00),
(3, 1, 4, 14, 50.00),
(3, 1, 4, 15, 50.00),
(3, 1, 4, 16, 50.00),
(3, 1, 4, 17, 50.00),
(3, 1, 4, 18, 50.00),
(3, 1, 4, 19, 50.00),
(3, 1, 4, 20, 50.00),
(3, 1, 4, 21, 50.00),
(3, 1, 4, 22, 50.00),
(3, 1, 4, 23, 50.00),
(3, 1, 5, 0, 50.00),
(3, 1, 5, 1, 50.00),
(3, 1, 5, 2, 50.00),
(3, 1, 5, 3, 50.00),
(3, 1, 5, 4, 50.00),
(3, 1, 5, 5, 50.00),
(3, 1, 5, 6, 50.00),
(3, 1, 5, 7, 50.00),
(3, 1, 5, 8, 50.00),
(3, 1, 5, 9, 50.00),
(3, 1, 5, 10, 50.00),
(3, 1, 5, 11, 50.00),
(3, 1, 5, 12, 50.00),
(3, 1, 5, 13, 50.00),
(3, 1, 5, 14, 50.00),
(3, 1, 5, 15, 50.00),
(3, 1, 5, 16, 50.00),
(3, 1, 5, 17, 50.00),
(3, 1, 5, 18, 50.00),
(3, 1, 5, 19, 50.00),
(3, 1, 5, 20, 50.00),
(3, 1, 5, 21, 50.00),
(3, 1, 5, 22, 50.00),
(3, 1, 5, 23, 50.00),
(3, 1, 6, 0, 50.00),
(3, 1, 6, 1, 50.00),
(3, 1, 6, 2, 50.00),
(3, 1, 6, 3, 50.00),
(3, 1, 6, 4, 50.00),
(3, 1, 6, 5, 50.00),
(3, 1, 6, 6, 50.00),
(3, 1, 6, 7, 50.00),
(3, 1, 6, 8, 50.00),
(3, 1, 6, 9, 50.00),
(3, 1, 6, 10, 50.00),
(3, 1, 6, 11, 50.00),
(3, 1, 6, 12, 50.00),
(3, 1, 6, 13, 50.00),
(3, 1, 6, 14, 50.00),
(3, 1, 6, 15, 50.00),
(3, 1, 6, 16, 50.00),
(3, 1, 6, 17, 50.00),
(3, 1, 6, 18, 50.00),
(3, 1, 6, 19, 50.00),
(3, 1, 6, 20, 50.00),
(3, 1, 6, 21, 50.00),
(3, 1, 6, 22, 50.00),
(3, 1, 6, 23, 50.00),
(3, 1, 7, 0, 50.00),
(3, 1, 7, 1, 50.00),
(3, 1, 7, 2, 50.00),
(3, 1, 7, 3, 50.00),
(3, 1, 7, 4, 50.00),
(3, 1, 7, 5, 50.00),
(3, 1, 7, 6, 50.00),
(3, 1, 7, 7, 50.00),
(3, 1, 7, 8, 50.00),
(3, 1, 7, 9, 50.00),
(3, 1, 7, 10, 50.00),
(3, 1, 7, 11, 50.00),
(3, 1, 7, 12, 50.00),
(3, 1, 7, 13, 50.00),
(3, 1, 7, 14, 50.00),
(3, 1, 7, 15, 50.00),
(3, 1, 7, 16, 50.00),
(3, 1, 7, 17, 50.00),
(3, 1, 7, 18, 50.00),
(3, 1, 7, 19, 50.00),
(3, 1, 7, 20, 50.00),
(3, 1, 7, 21, 50.00),
(3, 1, 7, 22, 50.00),
(3, 1, 7, 23, 50.00),
(1, 0, 1, 0, 40.00),
(1, 0, 1, 1, 20.00),
(1, 0, 1, 2, 20.00),
(1, 0, 1, 3, 40.00),
(1, 0, 1, 4, 40.00),
(1, 0, 1, 5, 40.00),
(1, 0, 1, 6, 40.00),
(1, 0, 1, 7, 40.00),
(1, 0, 1, 8, 40.00),
(1, 0, 1, 9, 40.00),
(1, 0, 1, 10, 40.00),
(1, 0, 1, 11, 40.00),
(1, 0, 1, 12, 40.00),
(1, 0, 1, 13, 40.00),
(1, 0, 1, 14, 40.00),
(1, 0, 1, 15, 40.00),
(1, 0, 1, 16, 40.00),
(1, 0, 1, 17, 40.00),
(1, 0, 1, 18, 40.00),
(1, 0, 1, 19, 40.00),
(1, 0, 1, 20, 40.00),
(1, 0, 1, 21, 40.00),
(1, 0, 1, 22, 40.00),
(1, 0, 1, 23, 40.00),
(1, 0, 2, 0, 40.00),
(1, 0, 2, 1, 20.00),
(1, 0, 2, 2, 20.00),
(1, 0, 2, 3, 40.00),
(1, 0, 2, 4, 40.00),
(1, 0, 2, 5, 40.00),
(1, 0, 2, 6, 40.00),
(1, 0, 2, 7, 40.00),
(1, 0, 2, 8, 40.00),
(1, 0, 2, 9, 40.00),
(1, 0, 2, 10, 40.00),
(1, 0, 2, 11, 40.00),
(1, 0, 2, 12, 40.00),
(1, 0, 2, 13, 40.00),
(1, 0, 2, 14, 40.00),
(1, 0, 2, 15, 40.00),
(1, 0, 2, 16, 40.00),
(1, 0, 2, 17, 40.00),
(1, 0, 2, 18, 40.00),
(1, 0, 2, 19, 40.00),
(1, 0, 2, 20, 40.00),
(1, 0, 2, 21, 40.00),
(1, 0, 2, 22, 40.00),
(1, 0, 2, 23, 40.00),
(1, 0, 3, 0, 0.00),
(1, 0, 3, 1, 0.00),
(1, 0, 3, 2, 0.00),
(1, 0, 3, 3, 0.00),
(1, 0, 3, 4, 0.00),
(1, 0, 3, 5, 40.00),
(1, 0, 3, 6, 40.00),
(1, 0, 3, 7, 40.00),
(1, 0, 3, 8, 40.00),
(1, 0, 3, 9, 40.00),
(1, 0, 3, 10, 40.00),
(1, 0, 3, 11, 40.00),
(1, 0, 3, 12, 40.00),
(1, 0, 3, 13, 40.00),
(1, 0, 3, 14, 40.00),
(1, 0, 3, 15, 40.00),
(1, 0, 3, 16, 40.00),
(1, 0, 3, 17, 40.00),
(1, 0, 3, 18, 40.00),
(1, 0, 3, 19, 40.00),
(1, 0, 3, 20, 40.00),
(1, 0, 3, 21, 40.00),
(1, 0, 3, 22, 40.00),
(1, 0, 3, 23, 40.00),
(1, 0, 4, 0, 0.00),
(1, 0, 4, 1, 0.00),
(1, 0, 4, 2, 0.00),
(1, 0, 4, 3, 0.00),
(1, 0, 4, 4, 0.00),
(1, 0, 4, 5, 40.00),
(1, 0, 4, 6, 20.00),
(1, 0, 4, 7, 20.00),
(1, 0, 4, 8, 20.00),
(1, 0, 4, 9, 20.00),
(1, 0, 4, 10, 40.00),
(1, 0, 4, 11, 40.00),
(1, 0, 4, 12, 40.00),
(1, 0, 4, 13, 40.00),
(1, 0, 4, 14, 40.00),
(1, 0, 4, 15, 40.00),
(1, 0, 4, 16, 40.00),
(1, 0, 4, 17, 40.00),
(1, 0, 4, 18, 40.00),
(1, 0, 4, 19, 40.00),
(1, 0, 4, 20, 40.00),
(1, 0, 4, 21, 40.00),
(1, 0, 4, 22, 40.00),
(1, 0, 4, 23, 40.00),
(1, 0, 5, 0, 40.00),
(1, 0, 5, 1, 40.00),
(1, 0, 5, 2, 40.00),
(1, 0, 5, 3, 40.00),
(1, 0, 5, 4, 40.00),
(1, 0, 5, 5, 40.00),
(1, 0, 5, 6, 20.00),
(1, 0, 5, 7, 20.00),
(1, 0, 5, 8, 20.00),
(1, 0, 5, 9, 20.00),
(1, 0, 5, 10, 40.00),
(1, 0, 5, 11, 40.00),
(1, 0, 5, 12, 40.00),
(1, 0, 5, 13, 40.00),
(1, 0, 5, 14, 40.00),
(1, 0, 5, 15, 40.00),
(1, 0, 5, 16, 40.00),
(1, 0, 5, 17, 40.00),
(1, 0, 5, 18, 40.00),
(1, 0, 5, 19, 40.00),
(1, 0, 5, 20, 40.00),
(1, 0, 5, 21, 40.00),
(1, 0, 5, 22, 40.00),
(1, 0, 5, 23, 40.00),
(1, 0, 6, 0, 40.00),
(1, 0, 6, 1, 40.00),
(1, 0, 6, 2, 40.00),
(1, 0, 6, 3, 40.00),
(1, 0, 6, 4, 40.00),
(1, 0, 6, 5, 40.00),
(1, 0, 6, 6, 40.00),
(1, 0, 6, 7, 40.00),
(1, 0, 6, 8, 40.00),
(1, 0, 6, 9, 40.00),
(1, 0, 6, 10, 40.00),
(1, 0, 6, 11, 40.00),
(1, 0, 6, 12, 40.00),
(1, 0, 6, 13, 40.00),
(1, 0, 6, 14, 40.00),
(1, 0, 6, 15, 40.00),
(1, 0, 6, 16, 40.00),
(1, 0, 6, 17, 40.00),
(1, 0, 6, 18, 40.00),
(1, 0, 6, 19, 40.00),
(1, 0, 6, 20, 40.00),
(1, 0, 6, 21, 40.00),
(1, 0, 6, 22, 40.00),
(1, 0, 6, 23, 40.00),
(1, 0, 7, 0, 40.00),
(1, 0, 7, 1, 40.00),
(1, 0, 7, 2, 40.00),
(1, 0, 7, 3, 40.00),
(1, 0, 7, 4, 40.00),
(1, 0, 7, 5, 40.00),
(1, 0, 7, 6, 40.00),
(1, 0, 7, 7, 40.00),
(1, 0, 7, 8, 40.00),
(1, 0, 7, 9, 40.00),
(1, 0, 7, 10, 40.00),
(1, 0, 7, 11, 40.00),
(1, 0, 7, 12, 40.00),
(1, 0, 7, 13, 40.00),
(1, 0, 7, 14, 40.00),
(1, 0, 7, 15, 40.00),
(1, 0, 7, 16, 40.00),
(1, 0, 7, 17, 40.00),
(1, 0, 7, 18, 40.00),
(1, 0, 7, 19, 40.00),
(1, 0, 7, 20, 40.00),
(1, 0, 7, 21, 40.00),
(1, 0, 7, 22, 40.00),
(1, 0, 7, 23, 40.00),
(1, 1, 1, 0, 50.00),
(1, 1, 1, 1, 40.00),
(1, 1, 1, 2, 40.00),
(1, 1, 1, 3, 50.00),
(1, 1, 1, 4, 50.00),
(1, 1, 1, 5, 50.00),
(1, 1, 1, 6, 50.00),
(1, 1, 1, 7, 50.00),
(1, 1, 1, 8, 50.00),
(1, 1, 1, 9, 50.00),
(1, 1, 1, 10, 50.00),
(1, 1, 1, 11, 50.00),
(1, 1, 1, 12, 50.00),
(1, 1, 1, 13, 50.00),
(1, 1, 1, 14, 50.00),
(1, 1, 1, 15, 50.00),
(1, 1, 1, 16, 50.00),
(1, 1, 1, 17, 50.00),
(1, 1, 1, 18, 50.00),
(1, 1, 1, 19, 50.00),
(1, 1, 1, 20, 50.00),
(1, 1, 1, 21, 50.00),
(1, 1, 1, 22, 50.00),
(1, 1, 1, 23, 50.00),
(1, 1, 2, 0, 40.00),
(1, 1, 2, 1, 40.00),
(1, 1, 2, 2, 40.00),
(1, 1, 2, 3, 0.00),
(1, 1, 2, 4, 0.00),
(1, 1, 2, 5, 50.00),
(1, 1, 2, 6, 50.00),
(1, 1, 2, 7, 50.00),
(1, 1, 2, 8, 50.00),
(1, 1, 2, 9, 50.00),
(1, 1, 2, 10, 50.00),
(1, 1, 2, 11, 50.00),
(1, 1, 2, 12, 50.00),
(1, 1, 2, 13, 50.00),
(1, 1, 2, 14, 50.00),
(1, 1, 2, 15, 50.00),
(1, 1, 2, 16, 50.00),
(1, 1, 2, 17, 50.00),
(1, 1, 2, 18, 50.00),
(1, 1, 2, 19, 50.00),
(1, 1, 2, 20, 50.00),
(1, 1, 2, 21, 50.00),
(1, 1, 2, 22, 50.00),
(1, 1, 2, 23, 50.00),
(1, 1, 3, 0, 0.00),
(1, 1, 3, 1, 0.00),
(1, 1, 3, 2, 0.00),
(1, 1, 3, 3, 0.00),
(1, 1, 3, 4, 0.00),
(1, 1, 3, 5, 50.00),
(1, 1, 3, 6, 50.00),
(1, 1, 3, 7, 50.00),
(1, 1, 3, 8, 50.00),
(1, 1, 3, 9, 50.00),
(1, 1, 3, 10, 50.00),
(1, 1, 3, 11, 50.00),
(1, 1, 3, 12, 50.00),
(1, 1, 3, 13, 50.00),
(1, 1, 3, 14, 50.00),
(1, 1, 3, 15, 50.00),
(1, 1, 3, 16, 50.00),
(1, 1, 3, 17, 50.00),
(1, 1, 3, 18, 50.00),
(1, 1, 3, 19, 50.00),
(1, 1, 3, 20, 50.00),
(1, 1, 3, 21, 50.00),
(1, 1, 3, 22, 50.00),
(1, 1, 3, 23, 50.00),
(1, 1, 4, 0, 50.00),
(1, 1, 4, 1, 40.00),
(1, 1, 4, 2, 40.00),
(1, 1, 4, 3, 40.00),
(1, 1, 4, 4, 40.00),
(1, 1, 4, 5, 50.00),
(1, 1, 4, 6, 50.00),
(1, 1, 4, 7, 50.00),
(1, 1, 4, 8, 50.00),
(1, 1, 4, 9, 50.00),
(1, 1, 4, 10, 50.00),
(1, 1, 4, 11, 50.00),
(1, 1, 4, 12, 50.00),
(1, 1, 4, 13, 50.00),
(1, 1, 4, 14, 50.00),
(1, 1, 4, 15, 50.00),
(1, 1, 4, 16, 50.00),
(1, 1, 4, 17, 50.00),
(1, 1, 4, 18, 50.00),
(1, 1, 4, 19, 50.00),
(1, 1, 4, 20, 50.00),
(1, 1, 4, 21, 50.00),
(1, 1, 4, 22, 50.00),
(1, 1, 4, 23, 50.00),
(1, 1, 5, 0, 50.00),
(1, 1, 5, 1, 50.00),
(1, 1, 5, 2, 50.00),
(1, 1, 5, 3, 50.00),
(1, 1, 5, 4, 50.00),
(1, 1, 5, 5, 50.00),
(1, 1, 5, 6, 50.00),
(1, 1, 5, 7, 50.00),
(1, 1, 5, 8, 50.00),
(1, 1, 5, 9, 50.00),
(1, 1, 5, 10, 50.00),
(1, 1, 5, 11, 50.00),
(1, 1, 5, 12, 50.00),
(1, 1, 5, 13, 50.00),
(1, 1, 5, 14, 50.00),
(1, 1, 5, 15, 50.00),
(1, 1, 5, 16, 50.00),
(1, 1, 5, 17, 50.00),
(1, 1, 5, 18, 50.00),
(1, 1, 5, 19, 50.00),
(1, 1, 5, 20, 50.00),
(1, 1, 5, 21, 50.00),
(1, 1, 5, 22, 50.00),
(1, 1, 5, 23, 50.00),
(1, 1, 6, 0, 50.00),
(1, 1, 6, 1, 50.00),
(1, 1, 6, 2, 50.00),
(1, 1, 6, 3, 50.00),
(1, 1, 6, 4, 50.00),
(1, 1, 6, 5, 50.00),
(1, 1, 6, 6, 50.00),
(1, 1, 6, 7, 50.00),
(1, 1, 6, 8, 50.00),
(1, 1, 6, 9, 50.00),
(1, 1, 6, 10, 50.00),
(1, 1, 6, 11, 50.00),
(1, 1, 6, 12, 50.00),
(1, 1, 6, 13, 50.00),
(1, 1, 6, 14, 50.00),
(1, 1, 6, 15, 50.00),
(1, 1, 6, 16, 50.00),
(1, 1, 6, 17, 50.00),
(1, 1, 6, 18, 50.00),
(1, 1, 6, 19, 50.00),
(1, 1, 6, 20, 50.00),
(1, 1, 6, 21, 50.00),
(1, 1, 6, 22, 50.00),
(1, 1, 6, 23, 50.00),
(1, 1, 7, 0, 50.00),
(1, 1, 7, 1, 50.00),
(1, 1, 7, 2, 50.00),
(1, 1, 7, 3, 50.00),
(1, 1, 7, 4, 50.00),
(1, 1, 7, 5, 50.00),
(1, 1, 7, 6, 50.00),
(1, 1, 7, 7, 50.00),
(1, 1, 7, 8, 50.00),
(1, 1, 7, 9, 50.00),
(1, 1, 7, 10, 50.00),
(1, 1, 7, 11, 50.00),
(1, 1, 7, 12, 50.00),
(1, 1, 7, 13, 50.00),
(1, 1, 7, 14, 50.00),
(1, 1, 7, 15, 50.00),
(1, 1, 7, 16, 50.00),
(1, 1, 7, 17, 50.00),
(1, 1, 7, 18, 50.00),
(1, 1, 7, 19, 50.00),
(1, 1, 7, 20, 50.00),
(1, 1, 7, 21, 50.00),
(1, 1, 7, 22, 50.00),
(1, 1, 7, 23, 50.00);

-- --------------------------------------------------------

--
-- Table structure for table `attribute_roles`
--

CREATE TABLE `attribute_roles` (
  `role_id` int(11) NOT NULL AUTO_INCREMENT,
  `name` varchar(100) NOT NULL,
  PRIMARY KEY (`role_id`)
) ENGINE=InnoDB  DEFAULT CHARSET=latin1 AUTO_INCREMENT=15 ;

--
-- Dumping data for table `attribute_roles`
--

INSERT INTO `attribute_roles` (`role_id`, `name`) VALUES
(1, 'RACA Level A Training'),
(4, 'RACA Level B Training'),
(5, 'Armed Guard'),
(6, 'Junior Guard'),
(7, 'Intermediate Guard'),
(8, 'Advanced Guard'),
(9, 'RACA Level C Training'),
(10, 'Close Personal Protection'),
(11, 'Communication Specialist'),
(12, 'Patrol Driver'),
(13, 'Certificate III Security Operations'),
(14, 'Task Manager');

-- --------------------------------------------------------

--
-- Table structure for table `attribute_uniforms`
--

CREATE TABLE `attribute_uniforms` (
  `uniform_id` int(11) NOT NULL AUTO_INCREMENT,
  `name` varchar(100) NOT NULL,
  PRIMARY KEY (`uniform_id`)
) ENGINE=InnoDB  DEFAULT CHARSET=latin1 AUTO_INCREMENT=8 ;

--
-- Dumping data for table `attribute_uniforms`
--

INSERT INTO `attribute_uniforms` (`uniform_id`, `name`) VALUES
(1, 'Stand Issue Uniform'),
(2, 'Standard Black Uniform'),
(3, 'Uniform NOT Required'),
(4, 'Formal Suite'),
(5, 'Stand Issue & Hand Gun '),
(6, 'Stand Issue & Pistol Belt'),
(7, 'Casual Attire');

-- --------------------------------------------------------

--
-- Table structure for table `attribute_venues`
--

CREATE TABLE `attribute_venues` (
  `venue_id` int(11) NOT NULL AUTO_INCREMENT,
  `location_id` int(11) NOT NULL,
  `name` varchar(100) NOT NULL,
  `address` varchar(255) NOT NULL,
  `suburb` varchar(100) NOT NULL,
  `postcode` varchar(10) NOT NULL,
  PRIMARY KEY (`venue_id`)
) ENGINE=InnoDB  DEFAULT CHARSET=latin1 AUTO_INCREMENT=2 ;

--
-- Dumping data for table `attribute_venues`
--

INSERT INTO `attribute_venues` (`venue_id`, `location_id`, `name`, `address`, `suburb`, `postcode`) VALUES
(1, 28, 'Propagate Head Office', '20A Macquaire St', 'Prahran', '3181');

-- --------------------------------------------------------

--
-- Table structure for table `company_profile`
--

CREATE TABLE `company_profile` (
  `id` int(11) NOT NULL AUTO_INCREMENT,
  `company_logo` varchar(200) NOT NULL,
  `company_name` varchar(200) NOT NULL,
  `address` varchar(200) NOT NULL,
  `suburb` varchar(200) NOT NULL,
  `postcode` varchar(10) NOT NULL,
  `state` varchar(200) NOT NULL,
  `country` varchar(200) NOT NULL,
  `email` varchar(200) NOT NULL,
  `website` varchar(200) NOT NULL,
  `telephone` varchar(200) NOT NULL,
  `fax` varchar(200) NOT NULL,
  `website_account` varchar(200) NOT NULL,
  `abn_acn` varchar(20) NOT NULL,
  `bank_account_name` varchar(200) NOT NULL,
  `bank_account_no` varchar(200) NOT NULL,
  `bank_bsb` varchar(20) NOT NULL,
  `super_fund_name` varchar(200) NOT NULL,
  `super_product_id` varchar(200) NOT NULL,
  `super_fund_phone` varchar(200) NOT NULL,
  `super_fund_website` varchar(200) NOT NULL,
  `email_c_name` varchar(200) NOT NULL,
  `email_c_address` varchar(200) NOT NULL,
  `email_c_suburb` varchar(200) NOT NULL,
  `email_c_state` varchar(200) NOT NULL,
  `email_c_postcode` varchar(200) NOT NULL,
  `email_c_country` varchar(200) NOT NULL,
  `email_c_telephone` varchar(200) NOT NULL,
  `email_c_fax` varchar(200) NOT NULL,
  `email_c_email` varchar(200) NOT NULL,
  `email_c_website` varchar(200) NOT NULL,
  `email_s_facebook` varchar(200) NOT NULL,
  `email_s_twitter` varchar(200) NOT NULL,
  `email_s_linkedin` varchar(200) NOT NULL,
  `email_s_google` varchar(200) NOT NULL,
  `email_s_youtube` varchar(200) NOT NULL,
  `email_s_instagram` varchar(200) NOT NULL,
  `email_common_text` varchar(200) NOT NULL,
  `email_background_colour` varchar(200) NOT NULL,
  `email_font_colour` varchar(200) NOT NULL,
  `email_font` varchar(200) NOT NULL,
  PRIMARY KEY (`id`)
) ENGINE=InnoDB DEFAULT CHARSET=latin1 AUTO_INCREMENT=1 ;

-- --------------------------------------------------------

--
-- Table structure for table `countries`
--

CREATE TABLE `countries` (
  `country_id` int(11) NOT NULL AUTO_INCREMENT,
  `code` varchar(250) NOT NULL,
  `name` varchar(250) NOT NULL,
  PRIMARY KEY (`country_id`)
) ENGINE=MyISAM  DEFAULT CHARSET=latin1 AUTO_INCREMENT=238 ;

--
-- Dumping data for table `countries`
--

INSERT INTO `countries` (`country_id`, `code`, `name`) VALUES
(1, 'AF', 'Afghanistan'),
(2, 'AL', 'Albania'),
(3, 'DZ', 'Algeria'),
(4, 'AS', 'American Samoa'),
(5, 'AD', 'Andorra'),
(6, 'AO', 'Angola'),
(7, 'AI', 'Anguilla'),
(8, 'AQ', 'Antarctica'),
(9, 'AG', 'Antigua And Barbuda'),
(10, 'AR', 'Argentina'),
(11, 'AM', 'Armenia'),
(12, 'AW', 'Aruba'),
(13, 'AU', 'Australia'),
(14, 'AT', 'Austria'),
(15, 'AZ', 'Azerbaijan'),
(16, 'BS', 'Bahamas'),
(17, 'BH', 'Bahrain'),
(18, 'BD', 'Bangladesh'),
(19, 'BB', 'Barbados'),
(20, 'BY', 'Belarus'),
(21, 'BE', 'Belgium'),
(22, 'BZ', 'Belize'),
(23, 'BJ', 'Benin'),
(24, 'BM', 'Bermuda'),
(25, 'BT', 'Bhutan'),
(26, 'BO', 'Bolivia'),
(27, 'BA', 'Bosnia And Herzegovina'),
(28, 'BW', 'Botswana'),
(29, 'BV', 'Bouvet Island'),
(30, 'BR', 'Brazil'),
(31, 'BN', 'Brunei Darussalam'),
(32, 'BG', 'Bulgaria'),
(33, 'BF', 'Burkina Faso'),
(34, 'BI', 'Burundi'),
(35, 'KH', 'Cambodia'),
(36, 'CM', 'Cameroon'),
(37, 'CA', 'Canada'),
(38, 'CV', 'Cape Verde'),
(39, 'KY', 'Cayman Islands'),
(40, 'CF', 'Central African Republic'),
(41, 'TD', 'Chad'),
(42, 'CL', 'Chile'),
(43, 'CN', 'China'),
(44, 'CX', 'Christmas Island'),
(45, 'CC', 'Cocos (Keeling) Islands'),
(46, 'CO', 'Colombia'),
(47, 'KM', 'Comoros'),
(48, 'CG', 'Congo'),
(49, 'CD', 'Congo, The Dem. Rep. Of'),
(50, 'CK', 'Cook Islands'),
(51, 'CR', 'Costa Rica'),
(52, 'CI', 'Cote D''Ivoire'),
(53, 'HR', 'Croatia'),
(54, 'CU', 'Cuba'),
(55, 'CY', 'Cyprus'),
(56, 'CZ', 'Czech Republic'),
(57, 'DK', 'Denmark'),
(58, 'DJ', 'Djibouti'),
(59, 'DM', 'Dominica'),
(60, 'DO', 'Dominican Republic'),
(61, 'EC', 'Ecuador'),
(62, 'EG', 'Egypt'),
(63, 'SV', 'El Salvador'),
(64, 'GQ', 'Equatorial Guinea'),
(65, 'ER', 'Eritrea'),
(66, 'EE', 'Estonia'),
(67, 'ET', 'Ethiopia'),
(68, 'FK', 'Falkland Islands'),
(69, 'FO', 'Faroe Islands'),
(70, 'FJ', 'Fiji'),
(71, 'FI', 'Finland'),
(72, 'FR', 'France'),
(73, 'GF', 'French Guiana'),
(74, 'PF', 'French Polynesia'),
(75, 'TF', 'French Southern Territories'),
(76, 'GA', 'Gabon'),
(77, 'GM', 'Gambia'),
(78, 'GE', 'Georgia'),
(79, 'DE', 'Germany'),
(80, 'GH', 'Ghana'),
(81, 'GI', 'Gibraltar'),
(82, 'GR', 'Greece'),
(83, 'GL', 'Greenland'),
(84, 'GD', 'Grenada'),
(85, 'GP', 'Guadeloupe'),
(86, 'GU', 'Guam'),
(87, 'GT', 'Guatemala'),
(88, 'Gg', 'Guernsey'),
(89, 'GN', 'Guinea'),
(90, 'GW', 'Guinea-Bissau'),
(91, 'GY', 'Guyana'),
(92, 'HT', 'Haiti'),
(93, 'HN', 'Honduras'),
(94, 'HK', 'Hong Kong'),
(95, 'HU', 'Hungary'),
(96, 'IS', 'Iceland'),
(97, 'IN', 'India'),
(98, 'ID', 'Indonesia'),
(99, 'IR', 'Iran'),
(100, 'IQ', 'Iraq'),
(101, 'IE', 'Ireland'),
(102, 'IM', 'Isle Of Man'),
(103, 'IL', 'Israel'),
(104, 'IT', 'Italy'),
(105, 'JM', 'Jamaica'),
(106, 'JP', 'Japan'),
(107, 'JE', 'Jersey'),
(108, 'JO', 'Jordan'),
(109, 'KZ', 'Kazakhstan'),
(110, 'KE', 'Kenya'),
(111, 'KI', 'Kiribati'),
(112, 'KP', 'North Korea'),
(113, 'KR', 'South Korea'),
(114, 'KW', 'Kuwait'),
(115, 'KG', 'Kyrgyzstan'),
(116, 'LA', 'Laos'),
(117, 'LV', 'Latvia'),
(118, 'LB', 'Lebanon'),
(119, 'LS', 'Lesotho'),
(120, 'LR', 'Liberia'),
(121, 'LY', 'Libya'),
(122, 'LI', 'Liechtenstein'),
(123, 'LT', 'Lithuania'),
(124, 'LU', 'Luxembourg'),
(125, 'MO', 'Macao'),
(126, 'MK', 'Macedonia'),
(127, 'MG', 'Madagascar'),
(128, 'MW', 'Malawi'),
(129, 'MY', 'Malaysia'),
(130, 'MV', 'Maldives'),
(131, 'ML', 'Mali'),
(132, 'MT', 'Malta'),
(133, 'MH', 'Marshall Islands'),
(134, 'MQ', 'Martinique'),
(135, 'MR', 'Mauritania'),
(136, 'MU', 'Mauritius'),
(137, 'YT', 'Mayotte'),
(138, 'MX', 'Mexico'),
(139, 'FM', 'Micronesia'),
(140, 'MD', 'Moldova, Republic Of'),
(141, 'MC', 'Monaco'),
(142, 'MN', 'Mongolia'),
(143, 'MS', 'Montserrat'),
(144, 'MA', 'Morocco'),
(145, 'MZ', 'Mozambique'),
(146, 'MM', 'Myanmar'),
(147, 'NA', 'Namibia'),
(148, 'NR', 'Nauru'),
(149, 'NP', 'Nepal'),
(150, 'NL', 'Netherlands'),
(151, 'AN', 'Netherlands Antilles'),
(152, 'NC', 'New Caledonia'),
(153, 'NZ', 'New Zealand'),
(154, 'NI', 'Nicaragua'),
(155, 'NE', 'Niger'),
(156, 'NG', 'Nigeria'),
(157, 'NU', 'Niue'),
(158, 'NF', 'Norfolk Island'),
(159, 'MP', 'Northern Mariana Islands'),
(160, 'NO', 'Norway'),
(161, 'OM', 'Oman'),
(162, 'PK', 'Pakistan'),
(163, 'PW', 'Palau'),
(164, 'PS', 'Palestinian'),
(165, 'PA', 'Panama'),
(166, 'PG', 'Papua New Guinea'),
(167, 'PY', 'Paraguay'),
(168, 'PE', 'Peru'),
(169, 'PH', 'Philippines'),
(170, 'PN', 'Pitcairn'),
(171, 'PL', 'Poland'),
(172, 'PT', 'Portugal'),
(173, 'PR', 'Puerto Rico'),
(174, 'QA', 'Qatar'),
(175, 'RE', 'Reunion'),
(176, 'RO', 'Romania'),
(177, 'RU', 'Russian Federation'),
(178, 'RW', 'Rwanda'),
(179, 'SH', 'St. Helena'),
(180, 'KN', 'St. Kitts And Nevis'),
(181, 'LC', 'St. Lucia'),
(182, 'PM', 'St. Pierre And Miquelon'),
(183, 'VC', 'St. Vincent And Grenadines'),
(184, 'WS', 'Samoa'),
(185, 'SM', 'San Marino'),
(186, 'ST', 'Sao Tome And Principe'),
(187, 'SA', 'Saudi Arabia'),
(188, 'SN', 'Senegal'),
(189, 'CS', 'Serbia And Montenegro'),
(190, 'SC', 'Seychelles'),
(191, 'SL', 'Sierra Leone'),
(192, 'SG', 'Singapore'),
(193, 'SK', 'Slovakia'),
(194, 'SI', 'Slovenia'),
(195, 'SB', 'Solomon Islands'),
(196, 'SO', 'Somalia'),
(197, 'ZA', 'South Africa'),
(198, 'ES', 'Spain'),
(199, 'LK', 'Sri Lanka'),
(200, 'SD', 'Sudan'),
(201, 'SR', 'Suriname'),
(202, 'SJ', 'Svalbard And Jan Mayen'),
(203, 'SZ', 'Swaziland'),
(204, 'SE', 'Sweden'),
(205, 'CH', 'Switzerland'),
(206, 'SY', 'Syrian Arab Republic'),
(207, 'TW', 'Taiwan, Province Of China'),
(208, 'TJ', 'Tajikistan'),
(209, 'TZ', 'Tanzania'),
(210, 'TH', 'Thailand'),
(211, 'TL', 'Timor-Leste'),
(212, 'TG', 'Togo'),
(213, 'TK', 'Tokelau'),
(214, 'TO', 'Tonga'),
(215, 'TT', 'Trinidad And Tobago'),
(216, 'TN', 'Tunisia'),
(217, 'TR', 'Turkey'),
(218, 'TM', 'Turkmenistan'),
(219, 'TC', 'Turks And Caicos Islands'),
(220, 'TV', 'Tuvalu'),
(221, 'UG', 'Uganda'),
(222, 'UA', 'Ukraine'),
(223, 'AE', 'United Arab Emirates'),
(224, 'GB', 'United Kingdom'),
(225, 'US', 'United States'),
(226, 'UY', 'Uruguay'),
(227, 'UZ', 'Uzbekistan'),
(228, 'VU', 'Vanuatu'),
(229, 'VE', 'Venezuela'),
(230, 'VN', 'Viet Nam'),
(231, 'VG', 'Virgin Islands, British'),
(232, 'VI', 'Virgin Islands, U.S.'),
(233, 'WF', 'Wallis And Futuna'),
(234, 'EH', 'Western Sahara'),
(235, 'YE', 'Yemen'),
(236, 'ZM', 'Zambia'),
(237, 'ZW', 'Zimbabwe');

-- --------------------------------------------------------

--
-- Table structure for table `custom_forms`
--

CREATE TABLE `custom_forms` (
  `id` int(11) NOT NULL AUTO_INCREMENT,
  `type` varchar(255) NOT NULL,
  `label` varchar(255) NOT NULL,
  `name` varchar(255) NOT NULL,
  `placeholder` varchar(255) NOT NULL,
  `inline_element` enum('yes','no','not applicable') NOT NULL DEFAULT 'not applicable',
  `multi_select` enum('yes','no','not applicable') NOT NULL DEFAULT 'not applicable',
  `attributes` text NOT NULL,
  `order` tinyint(4) NOT NULL DEFAULT '0' COMMENT 'order of the form',
  `created` timestamp NOT NULL DEFAULT CURRENT_TIMESTAMP ON UPDATE CURRENT_TIMESTAMP,
  `modified` datetime NOT NULL,
  PRIMARY KEY (`id`)
) ENGINE=InnoDB  DEFAULT CHARSET=latin1 AUTO_INCREMENT=4 ;

--
-- Dumping data for table `custom_forms`
--

INSERT INTO `custom_forms` (`id`, `type`, `label`, `name`, `placeholder`, `inline_element`, `multi_select`, `attributes`, `order`, `created`, `modified`) VALUES
(1, 'textinput', 'label 1', 'label1', 'value 1', 'not applicable', 'not applicable', '', 0, '2014-02-17 07:37:56', '0000-00-00 00:00:00'),
(2, 'textinput', 'whatever', 'whatever', 'dadads', 'not applicable', 'not applicable', '', 2, '2014-02-17 07:37:56', '0000-00-00 00:00:00'),
(3, 'textarea', 'label 2', 'label2', '', 'not applicable', 'not applicable', '', 1, '2014-02-17 07:37:56', '0000-00-00 00:00:00');

-- --------------------------------------------------------

--
-- Table structure for table `export_fields`
--

CREATE TABLE `export_fields` (
  `order` int(11) NOT NULL AUTO_INCREMENT,
  `object` varchar(20) NOT NULL,
  `format` varchar(20) NOT NULL,
  `value` varchar(100) NOT NULL,
  `label` varchar(100) NOT NULL,
  PRIMARY KEY (`order`)
) ENGINE=InnoDB  DEFAULT CHARSET=latin1 AUTO_INCREMENT=7 ;

--
-- Dumping data for table `export_fields`
--

INSERT INTO `export_fields` (`order`, `object`, `format`, `value`, `label`) VALUES
(1, 'invoice', 'single', 'job_id', 'Job ID'),
(2, 'invoice', 'single', 'company_name', 'Client Name'),
(3, 'invoice', 'single', 'job_date', 'Date'),
(4, 'invoice', 'single', 'staff_name', 'Staff name'),
(5, 'invoice', 'single', 'start_time', 'Start Time'),
(6, 'invoice', 'single', 'finish_time', 'Finish Time');

-- --------------------------------------------------------

--
-- Table structure for table `export_templates`
--

CREATE TABLE `export_templates` (
  `export_id` int(11) NOT NULL AUTO_INCREMENT,
  `object` varchar(20) NOT NULL,
  `format` varchar(20) NOT NULL,
  `name` varchar(200) NOT NULL,
  PRIMARY KEY (`export_id`)
) ENGINE=InnoDB  DEFAULT CHARSET=latin1 AUTO_INCREMENT=9 ;

--
-- Dumping data for table `export_templates`
--

INSERT INTO `export_templates` (`export_id`, `object`, `format`, `name`) VALUES
(1, 'invoice', 'single', 'Default'),
(2, 'invoice', 'batched', 'Default'),
(3, 'payrun_tfn', 'single', 'Default'),
(4, 'payrun_tfn', 'batched', 'Default'),
(5, 'payrun_abn', 'single', 'Default'),
(6, 'payrun_abn', 'batched', 'Default'),
(7, 'staff', 'single', 'Default'),
(8, 'invoice', 'batched', 'Custom batched invoice');

-- --------------------------------------------------------

--
-- Table structure for table `export_template_data`
--

CREATE TABLE `export_template_data` (
  `field_id` int(11) NOT NULL AUTO_INCREMENT,
  `export_id` int(11) NOT NULL,
  `order` int(11) NOT NULL,
  `title` varchar(100) NOT NULL,
  `value` varchar(200) NOT NULL,
  PRIMARY KEY (`field_id`)
) ENGINE=InnoDB  DEFAULT CHARSET=latin1 AUTO_INCREMENT=16 ;

--
-- Dumping data for table `export_template_data`
--

INSERT INTO `export_template_data` (`field_id`, `export_id`, `order`, `title`, `value`) VALUES
(10, 1, 0, 'Job ID', '{job_id}'),
(11, 1, 2, 'Client Name', '{company_name}'),
(12, 1, 5, 'Work Date', '{job_date}'),
(13, 1, 1, 'Employee', '{staff_name}'),
(14, 1, 4, 'Start  At', '{start_time}'),
(15, 1, 3, 'Finish At', '{finish_time}');

-- --------------------------------------------------------

--
-- Table structure for table `invoices`
--

CREATE TABLE `invoices` (
  `invoice_id` bigint(20) NOT NULL AUTO_INCREMENT,
  `invoice_number` varchar(100) NOT NULL,
  `po_number` varchar(100) NOT NULL,
  `client_id` bigint(20) NOT NULL,
  `jobs` text NOT NULL,
  `title` varchar(250) NOT NULL,
  `gst` decimal(10,2) NOT NULL,
  `total_amount` decimal(10,2) NOT NULL,
  `status` int(11) NOT NULL COMMENT '0: created, 2: generated, 3: paid',
  `breakdown` tinyint(4) NOT NULL,
  `issued_by` bigint(20) NOT NULL,
  `issued_date` datetime NOT NULL,
  `due_date` datetime NOT NULL,
  `created_on` timestamp NOT NULL DEFAULT CURRENT_TIMESTAMP,
  `paid_on` datetime NOT NULL,
  PRIMARY KEY (`invoice_id`)
) ENGINE=InnoDB  DEFAULT CHARSET=latin1 AUTO_INCREMENT=30 ;

--
-- Dumping data for table `invoices`
--

INSERT INTO `invoices` (`invoice_id`, `invoice_number`, `po_number`, `client_id`, `jobs`, `title`, `gst`, `total_amount`, `status`, `breakdown`, `issued_by`, `issued_date`, `due_date`, `created_on`, `paid_on`) VALUES
(9, '', '', 31, 'a:2:{i:0;a:2:{s:5:"value";s:1:"6";s:5:"label";s:14:"First test job";}i:1;a:2:{s:5:"value";s:1:"7";s:5:"label";s:11:"Awesoem job";}}', 'Services Rended', 602.27, 6625.00, 3, 1, 1, '2014-02-27 12:04:15', '2014-03-27 00:00:00', '2014-02-27 01:04:15', '2014-02-28 10:36:51'),
(10, '', '', 33, 'a:1:{i:0;a:2:{s:5:"value";s:1:"8";s:5:"label";s:11:"new awesome";}}', 'Services Rended', 45.45, 500.00, 3, 0, 1, '2014-02-27 16:06:28', '2014-03-27 00:00:00', '2014-02-27 05:06:28', '2014-02-28 11:46:21'),
(16, '', '', 33, 'a:1:{i:0;a:2:{s:5:"value";s:1:"8";s:5:"label";s:11:"new awesome";}}', 'Services Rended', 45.45, 500.00, 2, 0, 1, '2014-02-27 19:01:33', '2014-03-29 19:01:33', '2014-02-27 08:01:33', '0000-00-00 00:00:00'),
(17, '', '', 33, 'a:1:{i:0;a:2:{s:5:"value";s:1:"8";s:5:"label";s:11:"new awesome";}}', 'Services Rended', 90.91, 1000.00, 2, 0, 1, '2014-02-27 19:02:28', '2014-03-29 19:02:28', '2014-02-27 08:02:28', '0000-00-00 00:00:00'),
(21, '', '', 33, 'a:1:{i:0;a:2:{s:5:"value";s:1:"8";s:5:"label";s:11:"new awesome";}}', 'Services Rended', 45.45, 500.00, 2, 0, 1, '2014-02-28 11:26:57', '2014-03-30 11:26:57', '2014-02-28 00:26:57', '0000-00-00 00:00:00'),
(25, '', '', 31, 'a:1:{i:0;a:2:{s:5:"value";s:1:"9";s:5:"label";s:26:"First offical job campaign";}}', 'Services Rended', 172.73, 1900.00, 2, 0, 1, '2014-02-28 11:46:02', '2014-03-30 11:46:02', '2014-02-28 00:46:02', '0000-00-00 00:00:00'),
(28, '', '', 31, 'a:1:{i:0;a:2:{s:5:"value";s:1:"9";s:5:"label";s:26:"First offical job campaign";}}', 'Services Rended', 43.18, 475.00, 2, 0, 1, '2014-02-28 14:00:57', '2014-03-30 14:00:57', '2014-02-28 03:00:57', '0000-00-00 00:00:00'),
(29, '', '', 31, 'a:1:{i:0;a:2:{s:5:"value";s:1:"9";s:5:"label";s:26:"First offical job campaign";}}', 'Services Rended', 259.09, 2850.00, 2, 1, 1, '2014-02-28 15:38:08', '2014-03-30 15:38:08', '2014-02-28 04:38:08', '0000-00-00 00:00:00');

-- --------------------------------------------------------

--
-- Table structure for table `invoice_items`
--

CREATE TABLE `invoice_items` (
  `item_id` bigint(20) NOT NULL AUTO_INCREMENT,
  `invoice_id` bigint(20) NOT NULL,
  `job_id` bigint(20) NOT NULL,
  `include_timesheets` tinyint(4) NOT NULL,
  `title` varchar(1000) NOT NULL,
  `tax` int(11) NOT NULL COMMENT '0: no, 1: yes, 2: tax free',
  `amount` decimal(10,2) NOT NULL,
  PRIMARY KEY (`item_id`)
) ENGINE=InnoDB  DEFAULT CHARSET=latin1 AUTO_INCREMENT=35 ;

--
-- Dumping data for table `invoice_items`
--

INSERT INTO `invoice_items` (`item_id`, `invoice_id`, `job_id`, `include_timesheets`, `title`, `tax`, `amount`) VALUES
(13, 9, 6, 1, 'First test job', 1, 1550.00),
(14, 9, 7, 1, 'Awesoem job', 1, 5075.00),
(15, 10, 8, 1, 'new awesome', 1, 500.00),
(21, 16, 8, 1, 'new awesome', 1, 500.00),
(22, 17, 8, 1, 'new awesome', 1, 1000.00),
(26, 21, 8, 1, 'new awesome', 1, 500.00),
(30, 25, 9, 1, 'First offical job campaign', 1, 1900.00),
(33, 28, 9, 1, 'First offical job campaign', 1, 475.00),
(34, 29, 9, 1, 'First offical job campaign', 1, 2850.00);

-- --------------------------------------------------------

--
-- Table structure for table `jobs`
--

CREATE TABLE `jobs` (
  `job_id` bigint(20) NOT NULL AUTO_INCREMENT,
  `status` tinyint(4) NOT NULL COMMENT '0: temporary, 1: created',
  `client_id` bigint(20) NOT NULL,
  `user_id` bigint(20) NOT NULL,
  `name` varchar(255) NOT NULL,
  `createdon` timestamp NOT NULL DEFAULT CURRENT_TIMESTAMP,
  PRIMARY KEY (`job_id`)
) ENGINE=InnoDB  DEFAULT CHARSET=latin1 AUTO_INCREMENT=10 ;

--
-- Dumping data for table `jobs`
--

INSERT INTO `jobs` (`job_id`, `status`, `client_id`, `user_id`, `name`, `createdon`) VALUES
(1, 0, 1, 1, 'Hello Festival', '2014-02-10 23:52:28'),
(2, 0, 1, 1, 'Hello Festival', '2014-02-10 23:59:12'),
(5, 0, 31, 1, 'First test job', '2014-02-14 04:53:05'),
(6, 1, 31, 1, 'First test job', '2014-02-14 04:56:34'),
(7, 1, 31, 1, 'Awesoem job', '2014-02-14 05:49:08'),
(8, 0, 33, 1, 'new awesome', '2014-02-20 07:50:27'),
(9, 0, 31, 1, 'First offical job campaign', '2014-02-27 08:10:50');

-- --------------------------------------------------------

--
-- Table structure for table `job_shifts`
--

CREATE TABLE `job_shifts` (
  `shift_id` bigint(20) NOT NULL AUTO_INCREMENT,
  `status` tinyint(4) NOT NULL COMMENT '-2: deleted, -1: rejected, 0: not assigned, 1: unconfirmed, 2: confirmed, 3: finished',
  `job_id` bigint(20) NOT NULL,
  `staff_id` bigint(20) NOT NULL DEFAULT '0',
  `job_date` date NOT NULL,
  `start_time` bigint(20) NOT NULL,
  `finish_time` bigint(20) NOT NULL,
  `break_time` text NOT NULL,
  `venue_id` int(11) NOT NULL,
  `role_id` int(11) NOT NULL,
  `uniform_id` int(11) NOT NULL,
  `payrate_id` int(11) NOT NULL,
  `payrate_type` varchar(10) NOT NULL,
  `created_on` timestamp NOT NULL DEFAULT CURRENT_TIMESTAMP,
  `modified_on` datetime NOT NULL,
  PRIMARY KEY (`shift_id`)
) ENGINE=InnoDB  DEFAULT CHARSET=latin1 AUTO_INCREMENT=72 ;

--
-- Dumping data for table `job_shifts`
--

INSERT INTO `job_shifts` (`shift_id`, `status`, `job_id`, `staff_id`, `job_date`, `start_time`, `finish_time`, `break_time`, `venue_id`, `role_id`, `uniform_id`, `payrate_id`, `payrate_type`, `created_on`, `modified_on`) VALUES
(27, 3, 6, 1, '2014-02-15', 1392426000, 1392462000, '[{"length":1800,"start_at":1392440400}]', 1, 14, 4, 3, '', '2014-02-14 04:57:49', '2014-02-17 12:26:36'),
(28, 3, 6, 21, '2014-02-15', 1392426000, 1392462000, '[{"length":1800,"start_at":1392440400}]', 1, 14, 4, 3, '', '2014-02-14 04:57:49', '2014-02-17 12:26:38'),
(29, 1, 6, 22, '2014-02-15', 1392426000, 1392462000, '[{"length":1800,"start_at":1392440400}]', 1, 14, 4, 3, '', '2014-02-14 04:57:50', '2014-02-14 16:01:21'),
(30, 1, 6, 13, '2014-02-15', 1392426000, 1392462000, '[{"length":1800,"start_at":1392440400}]', 1, 14, 4, 3, '', '2014-02-14 04:57:50', '2014-02-14 16:01:26'),
(31, 3, 7, 13, '2014-02-16', 1392501600, 1392534000, '[{"length":1800,"start_at":1392516000},{"length":1800,"start_at":1392526800}]', 1, 11, 4, 3, '', '2014-02-14 05:49:49', '2014-02-19 17:02:42'),
(32, 3, 7, 21, '2014-02-16', 1392501600, 1392534000, '[{"length":1800,"start_at":1392516000}]', 1, 11, 4, 3, '', '2014-02-14 05:49:49', '2014-02-17 12:26:42'),
(33, 3, 7, 12, '2014-02-16', 1392501600, 1392534000, '[{"length":1800,"start_at":1392516000}]', 1, 11, 4, 3, '', '2014-02-14 05:49:49', '2014-02-17 12:26:43'),
(34, 3, 7, 1, '2014-02-16', 1392501600, 1392534000, '[{"length":1800,"start_at":1392516000}]', 1, 11, 4, 3, '', '2014-02-14 05:49:49', '2014-02-19 17:02:45'),
(35, 0, 7, 0, '2014-02-16', 1392503400, 1392534000, '[{"length":1800,"start_at":1392516000},{"length":1800,"start_at":1392526800}]', 1, 13, 4, 3, '', '2014-02-14 05:49:49', '2014-02-19 17:01:15'),
(36, 3, 7, 22, '2014-02-22', 1393030800, 1393063200, '[{"length":1800,"start_at":1393050600}]', 1, 10, 4, 2, '', '2014-02-20 03:46:53', '2014-02-20 14:48:01'),
(37, 3, 7, 1, '2014-02-22', 1393030800, 1393063200, '[{"length":1800,"start_at":1393050600}]', 1, 10, 4, 2, '', '2014-02-20 03:46:53', '2014-02-20 15:00:05'),
(38, 3, 7, 11, '2014-02-22', 1393030800, 1393063200, '[{"length":1800,"start_at":1393050600}]', 1, 10, 4, 2, '', '2014-02-20 03:46:53', '2014-02-20 14:48:04'),
(39, 3, 7, 14, '2014-02-22', 1393030800, 1393063200, '[{"length":1800,"start_at":1393050600}]', 1, 10, 4, 2, '', '2014-02-20 03:46:53', '2014-02-20 14:48:06'),
(40, 3, 7, 27, '2014-02-22', 1393030800, 1393063200, '[{"length":1800,"start_at":1393050600}]', 1, 10, 4, 2, '', '2014-02-20 03:46:53', '2014-02-20 14:48:08'),
(41, 3, 7, 25, '2014-02-22', 1393030800, 1393063200, '[{"length":1800,"start_at":1393050600}]', 1, 10, 4, 2, '', '2014-02-20 03:46:53', '2014-02-20 14:48:10'),
(42, 3, 7, 24, '2014-02-22', 1393030800, 1393063200, '[{"length":1800,"start_at":1393050600}]', 1, 10, 4, 2, '', '2014-02-20 03:46:53', '2014-02-20 14:48:11'),
(43, 3, 7, 16, '2014-02-22', 1393030800, 1393063200, '[{"length":1800,"start_at":1393050600}]', 1, 10, 4, 2, '', '2014-02-20 03:46:53', '2014-02-20 14:48:13'),
(44, 0, 7, 0, '2014-02-23', 1393117200, 1393153200, '', 1, 12, 2, 1, '', '2014-02-20 03:50:51', '0000-00-00 00:00:00'),
(45, 0, 7, 0, '2014-02-23', 1393117200, 1393153200, '', 1, 12, 2, 1, '', '2014-02-20 03:50:51', '0000-00-00 00:00:00'),
(46, 0, 7, 0, '2014-02-23', 1393117200, 1393153200, '', 1, 12, 2, 1, '', '2014-02-20 03:50:51', '0000-00-00 00:00:00'),
(47, 3, 6, 1, '2014-03-01', 1393635600, 1393657200, '', 1, 5, 5, 3, '', '2014-02-20 04:46:18', '2014-02-20 15:46:39'),
(48, 3, 6, 21, '2014-03-01', 1393635600, 1393657200, '', 1, 5, 5, 3, '', '2014-02-20 04:46:18', '2014-02-20 15:46:40'),
(49, 3, 8, 22, '2014-02-23', 1393117200, 1393153200, '', 1, 13, 6, 3, '', '2014-02-20 07:50:47', '2014-02-27 19:12:26'),
(50, 3, 8, 12, '2014-02-23', 1393117200, 1393153200, '', 1, 13, 6, 3, '', '2014-02-20 07:50:47', '2014-02-20 18:51:20'),
(51, 3, 8, 11, '2014-02-23', 1393117200, 1393153200, '', 1, 13, 6, 3, '', '2014-02-20 07:50:47', '2014-02-20 18:51:23'),
(52, 3, 8, 1, '2014-02-23', 1393117200, 1393153200, '', 1, 13, 6, 3, '', '2014-02-20 07:50:47', '2014-02-20 18:51:25'),
(53, 3, 9, 11, '2014-02-28', 1393549200, 1393585200, '[{"length":1800,"start_at":1393567200}]', 1, 12, 7, 3, '', '2014-02-27 08:11:18', '2014-02-27 19:12:28'),
(54, 3, 9, 12, '2014-02-28', 1393549200, 1393585200, '[{"length":1800,"start_at":1393567200}]', 1, 12, 7, 3, '', '2014-02-27 08:11:18', '2014-02-27 19:12:30'),
(55, 3, 9, 10, '2014-02-28', 1393549200, 1393585200, '[{"length":1800,"start_at":1393567200}]', 1, 12, 7, 3, '', '2014-02-27 08:11:18', '2014-02-27 19:12:32'),
(56, 3, 9, 22, '2014-02-28', 1393549200, 1393585200, '[{"length":1800,"start_at":1393567200}]', 1, 12, 7, 3, '', '2014-02-27 08:11:18', '2014-02-27 19:12:34'),
(57, 3, 9, 15, '2014-02-28', 1393549200, 1393585200, '[{"length":1800,"start_at":1393567200}]', 1, 12, 7, 3, '', '2014-02-27 08:11:18', '2014-02-27 19:12:35'),
(58, 3, 9, 14, '2014-02-28', 1393549200, 1393585200, '[{"length":1800,"start_at":1393567200}]', 1, 12, 7, 3, '', '2014-02-27 08:11:18', '2014-02-27 19:12:37'),
(59, 0, 9, 0, '2014-02-28', 1393549200, 1393585200, '[{"length":1800,"start_at":1393567200}]', 1, 12, 7, 3, '', '2014-02-27 08:11:18', '0000-00-00 00:00:00'),
(60, 0, 9, 0, '2014-02-28', 1393549200, 1393585200, '[{"length":1800,"start_at":1393567200}]', 1, 12, 7, 3, '', '2014-02-27 08:11:18', '0000-00-00 00:00:00'),
(61, 0, 9, 0, '2014-02-28', 1393549200, 1393585200, '[{"length":1800,"start_at":1393567200}]', 1, 12, 7, 3, '', '2014-02-27 08:11:18', '0000-00-00 00:00:00'),
(62, 0, 9, 0, '2014-02-28', 1393549200, 1393585200, '[{"length":1800,"start_at":1393567200}]', 1, 12, 7, 3, '', '2014-02-27 08:11:18', '0000-00-00 00:00:00'),
(63, 0, 9, 0, '2014-02-28', 1393549200, 1393585200, '[{"length":1800,"start_at":1393567200}]', 1, 12, 7, 3, '', '2014-02-27 08:11:18', '0000-00-00 00:00:00'),
(64, 0, 9, 0, '2014-02-28', 1393549200, 1393585200, '[{"length":1800,"start_at":1393567200}]', 1, 12, 7, 3, '', '2014-02-27 08:11:18', '0000-00-00 00:00:00'),
(65, 0, 9, 0, '2014-02-28', 1393549200, 1393585200, '[{"length":1800,"start_at":1393567200}]', 1, 12, 7, 3, '', '2014-02-27 08:11:18', '0000-00-00 00:00:00'),
(66, 0, 9, 0, '2014-02-28', 1393549200, 1393585200, '[{"length":1800,"start_at":1393567200}]', 1, 12, 7, 3, '', '2014-02-27 08:11:18', '0000-00-00 00:00:00'),
(67, 0, 9, 0, '2014-02-28', 1393549200, 1393585200, '[{"length":1800,"start_at":1393567200}]', 1, 12, 7, 3, '', '2014-02-27 08:11:18', '0000-00-00 00:00:00'),
(68, 3, 6, 1, '2014-03-30', 1396141200, 1396162800, '[]', 1, 5, 5, 3, '', '2014-02-28 02:55:26', '0000-00-00 00:00:00'),
(69, 3, 6, 21, '2014-03-30', 1396141200, 1396162800, '[]', 1, 5, 5, 3, '', '2014-02-28 02:55:26', '0000-00-00 00:00:00'),
(70, 3, 6, 1, '2014-03-31', 1396227600, 1396249200, '[]', 1, 5, 5, 3, '', '2014-02-28 02:55:26', '0000-00-00 00:00:00'),
(71, 3, 6, 21, '2014-03-31', 1396227600, 1396249200, '[]', 1, 5, 5, 3, '', '2014-02-28 02:55:26', '0000-00-00 00:00:00');

-- --------------------------------------------------------

--
-- Table structure for table `job_shift_staff_apply`
--

CREATE TABLE `job_shift_staff_apply` (
  `shift_id` bigint(20) NOT NULL,
  `staff_id` bigint(20) NOT NULL,
  `applied_on` timestamp NOT NULL DEFAULT CURRENT_TIMESTAMP,
  `status` int(11) NOT NULL DEFAULT '0' COMMENT '1: accept, -1: reject',
  `responsed_on` datetime NOT NULL
) ENGINE=InnoDB DEFAULT CHARSET=latin1;

--
-- Dumping data for table `job_shift_staff_apply`
--

INSERT INTO `job_shift_staff_apply` (`shift_id`, `staff_id`, `applied_on`, `status`, `responsed_on`) VALUES
(14, 1, '2014-02-14 04:11:22', 0, '0000-00-00 00:00:00'),
(18, 1, '2014-02-14 04:11:23', 0, '0000-00-00 00:00:00'),
(27, 1, '2014-02-14 05:04:37', 0, '0000-00-00 00:00:00'),
(29, 1, '2014-02-14 05:04:38', 0, '0000-00-00 00:00:00'),
(30, 1, '2014-02-14 05:04:39', 0, '0000-00-00 00:00:00'),
(34, 1, '2014-02-14 05:50:42', 0, '0000-00-00 00:00:00'),
(35, 1, '2014-02-14 05:50:42', 0, '0000-00-00 00:00:00');

-- --------------------------------------------------------

--
-- Table structure for table `job_shift_timesheets`
--

CREATE TABLE `job_shift_timesheets` (
  `timesheet_id` bigint(20) NOT NULL AUTO_INCREMENT,
  `status` tinyint(4) NOT NULL COMMENT '0: pending, 1: submitted, 2: approved, 3: batched, 4: processing, 5: paid',
  `status_payrun_staff` tinyint(4) NOT NULL COMMENT '0: processing, 1: ready, 2: paid',
  `payrun_id` bigint(20) NOT NULL,
  `status_invoice_client` tinyint(4) NOT NULL COMMENT '0: processing, 1: ready, 2: paid',
  `invoice_id` bigint(20) NOT NULL,
  `job_id` bigint(20) NOT NULL,
  `shift_id` bigint(20) NOT NULL,
  `staff_id` bigint(20) NOT NULL,
  `client_id` bigint(20) NOT NULL,
  `job_date` date NOT NULL,
  `start_time` bigint(20) NOT NULL,
  `finish_time` bigint(20) NOT NULL,
  `break_time` text NOT NULL,
  `venue_id` int(11) NOT NULL,
  `role_id` int(11) NOT NULL,
  `uniform_id` int(11) NOT NULL,
  `payrate_id` int(11) NOT NULL,
  `total_minutes` decimal(10,2) NOT NULL,
  `total_amount_staff` decimal(10,2) NOT NULL,
  `total_amount_client` decimal(10,2) NOT NULL,
  `created_on` timestamp NOT NULL DEFAULT CURRENT_TIMESTAMP,
  `modified_on` datetime NOT NULL,
  `batched_on` datetime NOT NULL,
  `staff_paid_on` datetime NOT NULL,
  `client_paid_on` datetime NOT NULL,
  PRIMARY KEY (`timesheet_id`)
) ENGINE=InnoDB  DEFAULT CHARSET=latin1 AUTO_INCREMENT=34 ;

--
-- Dumping data for table `job_shift_timesheets`
--

INSERT INTO `job_shift_timesheets` (`timesheet_id`, `status`, `status_payrun_staff`, `payrun_id`, `status_invoice_client`, `invoice_id`, `job_id`, `shift_id`, `staff_id`, `client_id`, `job_date`, `start_time`, `finish_time`, `break_time`, `venue_id`, `role_id`, `uniform_id`, `payrate_id`, `total_minutes`, `total_amount_staff`, `total_amount_client`, `created_on`, `modified_on`, `batched_on`, `staff_paid_on`, `client_paid_on`) VALUES
(1, 3, 1, 0, 3, 9, 6, 27, 1, 31, '2014-02-15', 1392426000, 1392462000, '[{"length":1800,"start_at":1392440400}]', 1, 14, 4, 3, 570.00, 237.50, 475.00, '2014-02-17 01:26:36', '0000-00-00 00:00:00', '0000-00-00 00:00:00', '0000-00-00 00:00:00', '2014-02-28 10:36:51'),
(2, 3, 0, 0, 3, 9, 6, 28, 21, 31, '2014-02-15', 1392426000, 1392462000, '[{"length":1800,"start_at":1392440400}]', 1, 14, 4, 3, 570.00, 237.50, 475.00, '2014-02-17 01:26:38', '0000-00-00 00:00:00', '0000-00-00 00:00:00', '0000-00-00 00:00:00', '2014-02-28 10:36:51'),
(4, 3, 0, 0, 3, 9, 7, 32, 21, 31, '2014-02-16', 1392501600, 1392534000, '[{"length":1800,"start_at":1392516000}]', 1, 11, 4, 3, 510.00, 212.50, 425.00, '2014-02-17 01:26:42', '0000-00-00 00:00:00', '0000-00-00 00:00:00', '0000-00-00 00:00:00', '2014-02-28 10:36:51'),
(5, 3, 0, 0, 3, 9, 7, 33, 12, 31, '2014-02-16', 1392501600, 1392534000, '[{"length":1800,"start_at":1392516000}]', 1, 11, 4, 3, 510.00, 212.50, 425.00, '2014-02-17 01:26:43', '0000-00-00 00:00:00', '0000-00-00 00:00:00', '0000-00-00 00:00:00', '2014-02-28 10:36:51'),
(10, 3, 0, 0, 3, 9, 7, 31, 13, 31, '2014-02-16', 1392501600, 1392534000, '[{"length":1800,"start_at":1392516000},{"length":1800,"start_at":1392526800}]', 1, 11, 4, 3, 480.00, 200.00, 400.00, '2014-02-19 06:02:42', '0000-00-00 00:00:00', '0000-00-00 00:00:00', '0000-00-00 00:00:00', '2014-02-28 10:36:51'),
(11, 3, 1, 0, 3, 9, 7, 34, 1, 31, '2014-02-16', 1392501600, 1392534000, '[{"length":1800,"start_at":1392516000}]', 1, 11, 4, 3, 510.00, 212.50, 425.00, '2014-02-19 06:02:45', '0000-00-00 00:00:00', '0000-00-00 00:00:00', '0000-00-00 00:00:00', '2014-02-28 10:36:51'),
(12, 3, 0, 0, 3, 9, 7, 36, 22, 31, '2014-02-22', 1393030800, 1393063200, '[{"length":1800,"start_at":1393050600}]', 1, 10, 4, 2, 510.00, 212.50, 425.00, '2014-02-20 03:48:01', '0000-00-00 00:00:00', '0000-00-00 00:00:00', '0000-00-00 00:00:00', '2014-02-28 10:36:51'),
(14, 3, 1, 0, 3, 9, 7, 38, 11, 31, '2014-02-22', 1393030800, 1393063200, '[{"length":1800,"start_at":1393050600}]', 1, 10, 4, 2, 510.00, 212.50, 425.00, '2014-02-20 03:48:04', '0000-00-00 00:00:00', '0000-00-00 00:00:00', '0000-00-00 00:00:00', '2014-02-28 10:36:51'),
(15, 3, 0, 0, 3, 9, 7, 39, 14, 31, '2014-02-22', 1393030800, 1393063200, '[{"length":1800,"start_at":1393050600}]', 1, 10, 4, 2, 510.00, 212.50, 425.00, '2014-02-20 03:48:06', '0000-00-00 00:00:00', '0000-00-00 00:00:00', '0000-00-00 00:00:00', '2014-02-28 10:36:51'),
(16, 3, 0, 0, 3, 9, 7, 40, 27, 31, '2014-02-22', 1393030800, 1393063200, '[{"length":1800,"start_at":1393050600}]', 1, 10, 4, 2, 510.00, 212.50, 425.00, '2014-02-20 03:48:08', '0000-00-00 00:00:00', '0000-00-00 00:00:00', '0000-00-00 00:00:00', '2014-02-28 10:36:51'),
(17, 3, 0, 0, 3, 9, 7, 41, 25, 31, '2014-02-22', 1393030800, 1393063200, '[{"length":1800,"start_at":1393050600}]', 1, 10, 4, 2, 510.00, 212.50, 425.00, '2014-02-20 03:48:10', '0000-00-00 00:00:00', '0000-00-00 00:00:00', '0000-00-00 00:00:00', '2014-02-28 10:36:51'),
(18, 3, 0, 0, 3, 9, 7, 42, 24, 31, '2014-02-22', 1393030800, 1393063200, '[{"length":1800,"start_at":1393050600}]', 1, 10, 4, 2, 510.00, 212.50, 425.00, '2014-02-20 03:48:11', '0000-00-00 00:00:00', '0000-00-00 00:00:00', '0000-00-00 00:00:00', '2014-02-28 10:36:51'),
(19, 3, 0, 0, 3, 9, 7, 43, 16, 31, '2014-02-22', 1393030800, 1393063200, '[{"length":1800,"start_at":1393050600}]', 1, 10, 4, 2, 510.00, 212.50, 425.00, '2014-02-20 03:48:13', '0000-00-00 00:00:00', '0000-00-00 00:00:00', '0000-00-00 00:00:00', '2014-02-28 10:36:51'),
(20, 3, 1, 0, 3, 9, 7, 37, 1, 31, '2014-02-22', 1393030800, 1393063200, '[{"length":1800,"start_at":1393050600}]', 1, 10, 4, 2, 510.00, 212.50, 425.00, '2014-02-20 04:00:05', '0000-00-00 00:00:00', '0000-00-00 00:00:00', '0000-00-00 00:00:00', '2014-02-28 10:36:51'),
(21, 3, 1, 0, 3, 9, 6, 47, 1, 31, '2014-03-01', 1393635600, 1393657200, '', 1, 5, 5, 3, 360.00, 150.00, 300.00, '2014-02-20 04:46:39', '0000-00-00 00:00:00', '0000-00-00 00:00:00', '0000-00-00 00:00:00', '2014-02-28 10:36:51'),
(22, 3, 0, 0, 3, 9, 6, 48, 21, 31, '2014-03-01', 1393635600, 1393657200, '', 1, 5, 5, 3, 360.00, 150.00, 300.00, '2014-02-20 04:46:40', '0000-00-00 00:00:00', '0000-00-00 00:00:00', '0000-00-00 00:00:00', '2014-02-28 10:36:51'),
(24, 3, 0, 0, 1, 10, 8, 50, 12, 33, '2014-02-23', 1393117200, 1393153200, '', 1, 13, 6, 3, 600.00, 250.00, 500.00, '2014-02-20 07:51:20', '0000-00-00 00:00:00', '0000-00-00 00:00:00', '0000-00-00 00:00:00', '2014-02-28 11:46:21'),
(25, 3, 0, 0, 0, 17, 8, 51, 11, 33, '2014-02-23', 1393117200, 1393153200, '', 1, 13, 6, 3, 600.00, 250.00, 500.00, '2014-02-20 07:51:23', '0000-00-00 00:00:00', '0000-00-00 00:00:00', '0000-00-00 00:00:00', '0000-00-00 00:00:00'),
(26, 3, 1, 0, 0, 16, 8, 52, 1, 33, '2014-02-23', 1393117200, 1393153200, '', 1, 13, 6, 3, 600.00, 250.00, 500.00, '2014-02-20 07:51:25', '0000-00-00 00:00:00', '0000-00-00 00:00:00', '0000-00-00 00:00:00', '2014-02-27 19:02:03'),
(27, 3, 0, 0, 0, 21, 8, 49, 22, 33, '2014-02-23', 1393117200, 1393153200, '', 1, 13, 6, 3, 600.00, 250.00, 500.00, '2014-02-27 08:12:26', '0000-00-00 00:00:00', '0000-00-00 00:00:00', '0000-00-00 00:00:00', '0000-00-00 00:00:00'),
(28, 3, 0, 0, 1, 25, 9, 53, 11, 31, '2014-02-28', 1393549200, 1393585200, '[{"length":1800,"start_at":1393567200}]', 1, 12, 7, 3, 570.00, 237.50, 475.00, '2014-02-27 08:12:28', '0000-00-00 00:00:00', '0000-00-00 00:00:00', '0000-00-00 00:00:00', '0000-00-00 00:00:00'),
(29, 3, 0, 0, 1, 25, 9, 54, 12, 31, '2014-02-28', 1393549200, 1393585200, '[{"length":1800,"start_at":1393567200}]', 1, 12, 7, 3, 570.00, 237.50, 475.00, '2014-02-27 08:12:30', '0000-00-00 00:00:00', '0000-00-00 00:00:00', '0000-00-00 00:00:00', '0000-00-00 00:00:00'),
(30, 3, 1, 0, 1, 25, 9, 55, 10, 31, '2014-02-28', 1393549200, 1393585200, '[{"length":1800,"start_at":1393567200}]', 1, 12, 7, 3, 570.00, 237.50, 475.00, '2014-02-27 08:12:32', '0000-00-00 00:00:00', '0000-00-00 00:00:00', '0000-00-00 00:00:00', '0000-00-00 00:00:00'),
(31, 3, 0, 0, 1, 25, 9, 56, 22, 31, '2014-02-28', 1393549200, 1393585200, '[{"length":1800,"start_at":1393567200}]', 1, 12, 7, 3, 570.00, 237.50, 475.00, '2014-02-27 08:12:34', '0000-00-00 00:00:00', '0000-00-00 00:00:00', '0000-00-00 00:00:00', '0000-00-00 00:00:00'),
(32, 3, 0, 0, 2, 29, 9, 57, 15, 31, '2014-02-28', 1393549200, 1393585200, '[{"length":1800,"start_at":1393567200}]', 1, 12, 7, 3, 570.00, 237.50, 475.00, '2014-02-27 08:12:35', '0000-00-00 00:00:00', '0000-00-00 00:00:00', '0000-00-00 00:00:00', '0000-00-00 00:00:00'),
(33, 3, 0, 0, 2, 29, 9, 58, 14, 31, '2014-02-28', 1393549200, 1393585200, '[{"length":1800,"start_at":1393567200}]', 1, 12, 7, 3, 570.00, 237.50, 475.00, '2014-02-27 08:12:37', '0000-00-00 00:00:00', '0000-00-00 00:00:00', '0000-00-00 00:00:00', '0000-00-00 00:00:00');

-- --------------------------------------------------------

--
-- Table structure for table `modules_functions`
--

CREATE TABLE `modules_functions` (
  `id` int(11) NOT NULL AUTO_INCREMENT,
  `modules_mvc_id` int(11) NOT NULL,
  `name` varchar(255) NOT NULL,
  `access` varchar(255) NOT NULL,
  `description` text NOT NULL,
  `comment` text NOT NULL,
  `params` text NOT NULL,
  `attributes` text NOT NULL,
  `code` text NOT NULL,
  `created` timestamp NOT NULL DEFAULT CURRENT_TIMESTAMP ON UPDATE CURRENT_TIMESTAMP,
  `modified` datetime NOT NULL,
  PRIMARY KEY (`id`)
) ENGINE=InnoDB  DEFAULT CHARSET=latin1 AUTO_INCREMENT=273 ;

--
-- Dumping data for table `modules_functions`
--

INSERT INTO `modules_functions` (`id`, `modules_mvc_id`, `name`, `access`, `description`, `comment`, `params`, `attributes`, `code`, `created`, `modified`) VALUES
(1, 1, '', '', '', '', '', '[{"attr_name":"Controller:","attr_desc":"  Account\\n "},{"attr_name":"author:","attr_desc":"  namnd86@gmail.com\\n "}]', '', '2014-02-28 05:18:30', '0000-00-00 00:00:00'),
(2, 2, 'get_locations', 'public', 'ajax function to display custom location select field', '', '(via POST) location_id', '[{"attr_name":"return:","attr_desc":"\\t custom select field for location\\n\\t"}]', 'function get_locations()\n	{\n		$locations = $this->location_model->get_locations($this->input->post(''location_id''));\n		$location_id = $this->input->post(''location_id'');\n		$child_selected = $this->input->post(''child_selected'');\n		if ($this->input->post(''location_id'') && count($locations) > 0)\n		{\n			$array = array();\n			foreach($locations as $location)\n			{\n				$array[] = array(\n					''value'' => $location[''location_id''],\n					''label'' => $location[''name'']\n				);\n			}\n			echo modules::run(''common/field_select'', $array, ''location_id'', $child_selected);\n		}\n		\n	}\n	\n	\n	// begin roles', '2014-02-28 05:18:30', '0000-00-00 00:00:00'),
(3, 2, 'get_roles', 'public', 'Displayes all the available roles in the system. The user can then sort the data based on Name or Frequency.', '', 'Post data - gets sort paramater', '[{"attr_name":"return","attr_desc":"\\t Lists all roles\\n\\t"}]', 'function get_roles()\n	{\n		$params = $this->input->post(''params'',true);\n		$data[''roles''] = $this->role_model->get_roles($params);\n		$data[''params''] = $params;\n		$this->load->view(''roles/ajax_list_roles'', isset($data) ? $data : NULL);\n	}', '2014-02-28 05:18:30', '0000-00-00 00:00:00'),
(4, 2, 'add_role', 'public', 'Adds new role', '', 'Post data - name of the new role', '[{"attr_name":"return","attr_desc":"\\t \\n\\t"}]', 'function add_role()\n	{\n		$data[''name''] = $this->input->post(''name'',true);\n		$this->role_model->insert_role($data);\n		echo ''success'';\n	}', '2014-02-28 05:18:30', '0000-00-00 00:00:00'),
(5, 2, 'edit_role', 'public', 'Edit role', '', 'Post data - updated name of the role', '[{"attr_name":"return","attr_desc":"\\t \\n\\t"}]', 'function edit_role()\n	{\n		$data[''name''] = $this->input->post(''new_name'',true);\n		$edit_id = $this->input->post(''role_id'',true);\n		$this->role_model->update_role($edit_id, $data);\n		echo ''success'';\n	}', '2014-02-28 05:18:30', '0000-00-00 00:00:00'),
(6, 2, 'delete_role', 'public', 'Delete roles', 'Removes roles assigned to staff as well.', 'null', '[{"attr_name":"return","attr_desc":"\\t \\n\\t"},{"attr_name":"action_required","attr_desc":"\\t Create staff and role relationship table\\n\\t"}]', 'function delete_role()\n	{\n		$role_id = $this->input->post(''role_id'',true);\n		$this->role_model->delete_role($role_id);\n		echo ''success'';\n	}\n	\n	// end roles \n	\n	// begin venues', '2014-02-28 05:18:30', '0000-00-00 00:00:00'),
(7, 2, 'get_roles', 'public', 'Displayes all the available venues in the system. The user can then sort the data based on Name or Frequency.', '', 'Post data - gets sort paramater', '[{"attr_name":"return","attr_desc":"\\t Lists all roles\\n\\t"}]', 'function get_roles()\n	{\n		$params = $this->input->post(''params'',true);\n		$data[''roles''] = $this->role_model->get_roles($params);\n		$data[''params''] = $params;\n		$this->load->view(''roles/ajax_list_roles'', isset($data) ? $data : NULL);\n	}', '2014-02-28 05:18:30', '0000-00-00 00:00:00'),
(8, 2, 'add_role', 'public', 'Adds new venue', '', 'Post data - venue data, this includes name, address, suburb, postcode, location details', '[{"attr_name":"return","attr_desc":"\\t \\n\\t"}]', 'function add_role()\n	{\n		$data[''name''] = $this->input->post(''name'',true);\n		$this->role_model->insert_role($data);\n		echo ''success'';\n	}', '2014-02-28 05:18:30', '0000-00-00 00:00:00'),
(9, 2, 'edit_role', 'public', 'Edit Venue', '', 'Post data - updated name of the role', '[{"attr_name":"return","attr_desc":"\\t \\n\\t"}]', 'function edit_role()\n	{\n		$data[''name''] = $this->input->post(''new_name'',true);\n		$edit_id = $this->input->post(''role_id'',true);\n		$this->role_model->update_role($edit_id, $data);\n		echo ''success'';\n	}', '2014-02-28 05:18:30', '0000-00-00 00:00:00'),
(10, 2, 'delete_role', 'public', 'Delete roles', 'Removes roles assigned to staff as well.', 'null', '[{"attr_name":"return","attr_desc":"\\t \\n\\t"},{"attr_name":"action_required","attr_desc":"\\t Create staff and role relationship table\\n\\t"}]', 'function delete_role()\n	{\n		$role_id = $this->input->post(''role_id'',true);\n		$this->role_model->delete_role($role_id);\n		echo ''success'';\n	}\n	\n	// end roles \n	\n	// begin venues', '2014-02-28 05:18:30', '0000-00-00 00:00:00'),
(11, 2, 'load_current_locations', 'public', 'Load current locations while editing venues', '', 'null', '[{"attr_name":"return","attr_desc":"\\t \\n\\t"}]', 'function load_current_locations()\n	{\n		$location_parent_id = $this->input->post(''location_parent_id'',true);\n		$location_id = $this->input->post(''location_id'',true);\n		if($location_parent_id == 1 || $location_parent_id == 2){\n			$parent_selected = $location_id;\n			$child_selected = 0;\n		}else{\n			$parent_selected = $location_parent_id;	\n			$child_selected = $location_id;\n		}\n		echo modules::run(''attribute/location/field_select'',''parent_location_id_editing'',$parent_selected,$child_selected);	\n	}\n	\n	// end venue\n	\n	// begin uniform', '2014-02-28 05:18:30', '0000-00-00 00:00:00'),
(12, 2, 'get_uniforms', 'public', 'Displayes all the available uniform in the system. The user can then sort the data based on Name.', '', 'Post data - gets sort paramater', '[{"attr_name":"return","attr_desc":"\\t Lists all uniforms\\n\\t"}]', 'function get_uniforms()\n	{\n		$params = $this->input->post(''params'',true);\n		$data[''uniforms''] = $this->uniform_model->get_uniforms($params);\n		$this->load->view(''uniform/ajax_list_uniforms'', isset($data) ? $data : NULL);\n	}', '2014-02-28 05:18:30', '0000-00-00 00:00:00'),
(13, 2, 'add_uniform', 'public', 'Adds new uniform', '', 'Post data - New uniform details', '[{"attr_name":"return","attr_desc":"\\t \\n\\t"}]', 'function add_uniform()\n	{\n		$data = $this->input->post();\n		$this->uniform_model->insert_uniform($data);\n		echo ''success'';\n	}', '2014-02-28 05:18:30', '0000-00-00 00:00:00'),
(14, 2, 'edit_uniform', 'public', 'Edit Uniform', '', 'Post data - updated uniform data', '[{"attr_name":"return","attr_desc":"\\t \\n\\t"}]', 'function edit_uniform()\n	{\n		$data = $this->input->post();\n		$this->uniform_model->update_uniform($data[''uniform_id''], $data);\n		echo ''success'';\n	}', '2014-02-28 05:18:30', '0000-00-00 00:00:00'),
(15, 2, 'delete_uniform', 'public', 'Delete Uniform', 'Removes uniform', 'null', '[{"attr_name":"return","attr_desc":"\\t \\n\\t"}]', 'function delete_uniform()\n	{\n		$uniform_id = $this->input->post(''delete_id'',true);\n		$this->uniform_model->delete_uniform($uniform_id);\n		echo ''success'';\n	}\n	\n	//end uniform\n	\n	\n	//begin groups', '2014-02-28 05:18:30', '0000-00-00 00:00:00'),
(16, 2, 'get_roles', 'public', 'Displayes all the available groups in the system. The user can then sort the data based on Name or Frequency.', '', 'Post data - gets sort paramater', '[{"attr_name":"return","attr_desc":"\\t Lists all roles\\n\\t"}]', 'function get_roles()\n	{\n		$params = $this->input->post(''params'',true);\n		$data[''roles''] = $this->role_model->get_roles($params);\n		$data[''params''] = $params;\n		$this->load->view(''roles/ajax_list_roles'', isset($data) ? $data : NULL);\n	}', '2014-02-28 05:18:30', '0000-00-00 00:00:00'),
(17, 2, 'add_role', 'public', 'Adds new group', '', 'Post data - name of the new group', '[{"attr_name":"return","attr_desc":"\\t \\n\\t"}]', 'function add_role()\n	{\n		$data[''name''] = $this->input->post(''name'',true);\n		$this->role_model->insert_role($data);\n		echo ''success'';\n	}', '2014-02-28 05:18:30', '0000-00-00 00:00:00'),
(18, 2, 'add_role', 'public', 'Edit new group', '', 'Post data - name of the new group', '[{"attr_name":"return","attr_desc":"\\t \\n\\t"}]', 'function add_role()\n	{\n		$data[''name''] = $this->input->post(''name'',true);\n		$this->role_model->insert_role($data);\n		echo ''success'';\n	}', '2014-02-28 05:18:30', '0000-00-00 00:00:00'),
(19, 2, 'delete_group', 'public', 'Delete Group', 'Removes Group', 'null', '[{"attr_name":"return","attr_desc":"\\t \\n\\t"}]', 'function delete_group()\n	{\n		$group_id = $this->input->post(''delete_id'',true);\n		$this->group_model->delete_group($group_id);\n		echo ''success'';\n	} \n	//end groups\n	\n	\n}', '2014-02-28 05:18:30', '0000-00-00 00:00:00'),
(20, 3, '', '', '', '', '', '[{"attr_name":"Controller:","attr_desc":"  Attribute\\n "},{"attr_name":"author:","attr_desc":"  namnd86@gmail.com\\n "}]', '', '2014-02-28 05:18:30', '0000-00-00 00:00:00'),
(21, 4, '', '', '', '', '', '[{"attr_name":"Controller:","attr_desc":"  Common\\n "},{"attr_name":"author:","attr_desc":"  namnd86@gmail.com\\n "}]', '', '2014-02-28 05:18:30', '0000-00-00 00:00:00'),
(22, 5, '', '', '', '', '', '[{"attr_name":"Controller:","attr_desc":"  Common\\n "},{"attr_name":"author:","attr_desc":"  namnd86@gmail.com\\n "}]', '', '2014-02-28 05:18:30', '0000-00-00 00:00:00'),
(23, 6, '', '', '', '', '', '[{"attr_name":"Controller:","attr_desc":"  Common\\n "},{"attr_name":"author:","attr_desc":"  namnd86@gmail.com\\n "}]', '', '2014-02-28 05:18:30', '0000-00-00 00:00:00'),
(24, 7, '', '', '', '', '', '[{"attr_name":"Controller:","attr_desc":"  Attribute Pay Rate\\n "},{"attr_name":"author:","attr_desc":"  namnd86@gmail.com\\n "}]', '', '2014-02-28 05:18:30', '0000-00-00 00:00:00'),
(25, 7, 'build_payrate', 'public', 'This is a function to build the payrate table, to tune the speed of page loading', '', 'id', '[{"attr_name":"return","attr_desc":"     built table\\n\\t"}]', '', '2014-02-28 05:18:30', '0000-00-00 00:00:00'),
(26, 8, '', '', '', '', '', '[{"attr_name":"Controller:","attr_desc":"  Common\\n "},{"attr_name":"author:","attr_desc":"  namnd86@gmail.com\\n "}]', '', '2014-02-28 05:18:30', '0000-00-00 00:00:00'),
(27, 9, '', '', '', '', '', '[{"attr_name":"Controller:","attr_desc":"  Common\\n "},{"attr_name":"author:","attr_desc":"  kaushtuv\\n "}]', '', '2014-02-28 05:18:30', '0000-00-00 00:00:00'),
(28, 10, '', '', '', '', '', '[{"attr_name":"Controller:","attr_desc":"  Common\\n "},{"attr_name":"author:","attr_desc":"  namnd86@gmail.com\\n "}]', '', '2014-02-28 05:18:30', '0000-00-00 00:00:00'),
(29, 11, '', '', '', '', '', '[{"attr_name":"Controller:","attr_desc":"  Common\\n "},{"attr_name":"author:","attr_desc":"  namnd86@gmail.com\\n "}]', '', '2014-02-28 05:18:30', '0000-00-00 00:00:00'),
(30, 16, 'get_roles', 'public', 'This function queries the database and returns the list of roles based on the sort parameter. The roles are sorted in the ascending order of their name by default.', '', 'string(sort parameter)', '[{"attr_name":"return","attr_desc":"\\t Returns array of avaliable roles\\n\\t"}]', 'function get_roles($params = '''')\n	{\n		$sql = "select attribute_roles.*, (select count(staffs_roles_id) from staffs_roles where attribute_roles.role_id = staffs_roles.attribute_role_id) as frequency from attribute_roles";\n		if($params){\n			$sort_param = json_decode($params);	\n			$sql .= " order by $sort_param->sort_by $sort_param->sort_order";\n		}else{\n			$sql .= " order by name asc";\n		}\n		$query = $this->db->query($sql);\n		return $query->result_array();\n	}', '2014-02-28 05:18:30', '0000-00-00 00:00:00'),
(31, 19, 'get_roles', 'public', 'This function queries the database and returns the list of roles based on the sort parameter. The roles are sorted in the ascending order of their name by default.', '', 'string(sort parameter)', '[{"attr_name":"return","attr_desc":"\\t Returns array of avaliable roles\\n\\t"}]', '', '2014-02-28 05:18:30', '0000-00-00 00:00:00'),
(32, 20, '', '', '', '', '', '[{"attr_name":"Controller:","attr_desc":"  Auth\\n "},{"attr_name":"author:","attr_desc":"  namnd86@gmail.com\\n "}]', '', '2014-02-28 05:18:30', '0000-00-00 00:00:00'),
(33, 22, '', '', '', '', '', '[{"attr_name":"Controller:","attr_desc":"  Ajax\\n "},{"attr_name":"author:","attr_desc":"  namnd86@gmail.com\\n "}]', '', '2014-02-28 05:18:30', '0000-00-00 00:00:00'),
(34, 22, 'update_client', 'public', 'abstract function to update client profile', '', '(int) $user_id, (string) $tab', '[{"attr_name":"return:","attr_desc":"\\t (view) of different update form depends on selected tab\\n\\t"}]', 'function update_client($user_id, $tab)\n	{\n		$data[''client''] = $this->client_model->get_client($user_id);\n		$this->load->view(''edit_'' . $tab, isset($data) ? $data : NULL);\n	}', '2014-02-28 05:18:30', '0000-00-00 00:00:00'),
(35, 22, 'delete_client', 'public', 'Delete single client', '', '(via POST) user id', '', 'function delete_client()\n	{\n		$user_id = $this->input->post(''user_id'',true);\n		return $this->user_model->update_user($user_id,array(''status'' => 2));	\n	}', '2014-02-28 05:18:30', '0000-00-00 00:00:00'),
(36, 22, 'delete_multi_clients', 'public', 'Delete multiple clients', '', '(via POST) user id', '', 'function delete_multi_clients()\n	{\n		$user_ids = $this->input->post(''user_client_selected_user_id'');\n		return $this->user_model->delete_multi_users(implode('','',$user_ids));\n	}', '2014-02-28 05:18:30', '0000-00-00 00:00:00'),
(37, 22, 'update_status_multi_clients', 'public', 'Update rating for multiple clients', '', '(via POST) user id and new rating', '', 'function update_status_multi_clients()\n	{\n		$user_ids = $this->input->post(''user_client_selected_user_id'',true);\n		$new_status = $this->input->post(''new_multi_status'',true);\n		return $this->user_model->update_status_multi_users(implode('','',$user_ids),$new_status);\n	}\n	\n	\n}', '2014-02-28 05:18:30', '0000-00-00 00:00:00'),
(38, 23, '', '', '', '', '', '[{"attr_name":"Controller:","attr_desc":"  Client\\n "},{"attr_name":"author:","attr_desc":"  namnd86@gmail.com\\n "}]', '', '2014-02-28 05:18:30', '0000-00-00 00:00:00'),
(39, 23, 'field_select_status', 'public', 'custom select client status field', '', '- $field_name', '[{"attr_name":"-","attr_desc":"\\t\\t\\t $field_value (optional)\\n\\t"},{"attr_name":"-","attr_desc":"\\t\\t\\t $size (optional)\\n\\t"},{"attr_name":"return:","attr_desc":"\\t custom select client status field\\n\\t"}]', 'function field_select_status($field_name, $field_value=null, $size=null)\n	{\n		$array = array(\n			array(''value'' => CLIENT_ACTIVE, ''label'' => ''Active''),\n			array(''value'' => CLIENT_INACTIVE, ''label'' => ''Inactive'')\n		);\n		return modules::run(''common/field_select'', $array, $field_name, $field_value, $size);\n	}', '2014-02-28 05:18:30', '0000-00-00 00:00:00'),
(40, 26, 'field_select', 'public', 'custom select input field', '', '- $array: an array of field value/label pairs', '[{"attr_name":"-","attr_desc":"\\t\\t\\t $field_name: string of field name\\n\\t"},{"attr_name":"-","attr_desc":"\\t\\t\\t $field_value (optional): selected value of field\\n\\t"},{"attr_name":"-","attr_desc":"\\t\\t\\t $size (optional): size \\n\\t"},{"attr_name":"return:","attr_desc":"\\t custom view of select input field\\n\\t"}]', 'function field_select($array, $field_name, $field_value=null, $size=null, $title = true) {\n		$data = array(\n			''data'' => $array,\n			''field_name'' => $field_name,\n			''field_value'' => $field_value,\n			''size'' => $size,\n			''title'' => $title\n		);\n		$this->load->view(''field_select'', isset($data) ? $data : NULL);\n	}', '2014-02-28 05:18:31', '0000-00-00 00:00:00'),
(41, 26, 'field_select_states', 'public', 'custom select states field', '', '- $field_name: string of field name', '[{"attr_name":"-","attr_desc":"\\t\\t\\t $field_value (optional): selected state code\\n\\t"},{"attr_name":"-","attr_desc":"\\t\\t\\t $size (optional): size \\n\\t"},{"attr_name":"return:","attr_desc":"\\t custom view of select states field\\n\\t"}]', 'function field_select_states($field_name, $field_value=null, $size=null) {\n		$states = $this->common_model->get_states();\n		$array = array();\n		foreach($states as $state)\n		{\n			$array[] = array(\n				''value'' => $state[''code''],\n				''label'' => $state[''name'']\n			);\n		}\n		return $this->field_select($array, $field_name, $field_value, $size);\n	}', '2014-02-28 05:18:31', '0000-00-00 00:00:00'),
(42, 26, 'field_select_countries', 'public', 'custom select countries field', '', '- $field_name: string of field name', '[{"attr_name":"-","attr_desc":"\\t\\t\\t $field_value (optional): selected country code\\n\\t"},{"attr_name":"-","attr_desc":"\\t\\t\\t $size (optional): size \\n\\t"},{"attr_name":"return:","attr_desc":"\\t custom view of select states field\\n\\t"}]', 'function field_select_countries($field_name, $field_value=null, $size=null) {\n		$countries = $this->common_model->get_countries();\n		if ($field_value == null || $field_value=='''')\n		{\n			$field_value = ''AU'';\n		}\n		$array = array();\n		foreach($countries as $country)\n		{\n			$array[] = array(\n				''value'' => $country[''code''],\n				''label'' => $country[''name'']\n			);\n		}\n		return $this->field_select($array, $field_name, $field_value, $size);\n	}', '2014-02-28 05:18:31', '0000-00-00 00:00:00'),
(43, 26, 'field_select_genders', 'public', 'custom select genders field', '', '- $field_name: string of field name', '[{"attr_name":"-","attr_desc":"\\t\\t\\t $field_value (optional): selected gender value\\n\\t"},{"attr_name":"-","attr_desc":"\\t\\t\\t $size (optional): size\\n\\t"},{"attr_name":"return:","attr_desc":"\\t custom select gender field\\n\\t"}]', 'function field_select_genders($field_name, $field_value=null, $size=null) {\n		$array = array(\n			array(''value'' => GENDER_MALE, ''label'' => ''Male''),\n			array(''value'' => GENDER_FEMALE, ''label'' => ''Female'')\n		);\n		return $this->field_select($array, $field_name, $field_value, $size);\n	}', '2014-02-28 05:18:31', '0000-00-00 00:00:00'),
(44, 26, 'field_select_title', 'public', 'custom select title field', '', '- $field_name: string of field name', '[{"attr_name":"-","attr_desc":"\\t\\t\\t $field_value (optional): selected gender value\\n\\t"},{"attr_name":"-","attr_desc":"\\t\\t\\t $size (optional): size\\n\\t"},{"attr_name":"return:","attr_desc":"\\t custom select title field\\n\\t"}]', 'function field_select_title($field_name, $field_value=null, $size=null) {\n		$array = array(\n			array(''value'' => ''Mr'', ''label'' => ''Mr''),\n			array(''value'' => ''Miss'', ''label'' => ''Miss''),\n			array(''value'' => ''Mrs'', ''label'' => ''Mrs'')\n		);\n		return $this->field_select($array, $field_name, $field_value, $size);\n	}', '2014-02-28 05:18:31', '0000-00-00 00:00:00'),
(45, 26, 'field_rating', 'public', 'custom input field for rating', '', '- $field_name', '[{"attr_name":"-","attr_desc":"\\t\\t\\t $field_value (optional) \\n\\t"},{"attr_name":"return:","attr_desc":"     custom input field for rating \\n\\t"}]', 'function field_rating($field_name,$field_value=null,$selector=''basic'',$ajax_reload_container = ''wp-rating'',$user_id = 0,$ajax_update = false,$disabled=false) {\n		$data[''field_name''] = $field_name;\n		$data[''field_value''] = $field_value;\n		$data[''disabled''] = $disabled;\n		$data[''selector''] = $selector;\n		$data[''ajax_reload_container''] = $ajax_reload_container;\n		$data[''ajax_update''] = $ajax_update;\n		$data[''user_id''] = $user_id;\n		$this->load->view(''field_rating'', isset($data) ? $data : NULL);\n	}', '2014-02-28 05:18:31', '0000-00-00 00:00:00'),
(46, 26, 'dropdown_location', 'public', 'Show the location that only can be used in staff profile as we have multiselect element', '', '$field_name, $field_value=null; $field_name: name of that element such as location_id or id_location; $field_value: value if the location that need to show', '[{"attr_name":"return","attr_desc":"     loads the location select element\\t\\n\\t"}]', 'function dropdown_location($field_name, $field_value=null)\n	{\n\n		$data[''locations''] = $this->common_model->get_locations();\n		$data[''field_name''] = $field_name;\n		$data[''field_value''] = $field_value;\n		$this->load->view(''dropdown_location'', isset($data) ? $data : NULL);\n	}', '2014-02-28 05:18:31', '0000-00-00 00:00:00'),
(47, 26, 'dropdown_location_form', 'public', 'Show the location that can used in any forms that required location input. such as search staff form or add staff or add venue', '', '$field_name, $field_value=null; $field_name: name of that element such as location_id or id_location; $field_value: value if the location that need to show', '[{"attr_name":"return","attr_desc":"     loads the location select element\\t\\n\\t"}]', 'function dropdown_location_form($field_name, $field_value=null)\n	{\n		$data[''locations''] = $this->common_model->get_locations();\n		$data[''field_name''] = $field_name;\n		$data[''field_value''] = $field_value;\n		$this->load->view(''dropdown_location_form'', isset($data) ? $data : NULL);\n	}', '2014-02-28 05:18:31', '0000-00-00 00:00:00'),
(48, 26, '', '', 'To display profile picture based on user_id', '', '$field_name, $field_value=null; $field_name: name of that element such as location_id or id_location; $field_value: value if the location that need to show', '[{"attr_name":"return","attr_desc":"     loads the profile picture\\n\\t"}]', '', '2014-02-28 05:18:31', '0000-00-00 00:00:00'),
(49, 26, '', '', 'To display profile picture based on user_id while searching for staff while adding to a shift', '', '$field_name, $field_value=null; $field_name: name of that element such as location_id or id_location; $field_value: value if the location that need to show', '[{"attr_name":"return","attr_desc":"     loads the profile picture\\n\\t"}]', '', '2014-02-28 05:18:31', '0000-00-00 00:00:00'),
(50, 28, '', '', '', '', '', '[{"attr_name":"Controller:","attr_desc":"  Product\\n "},{"attr_name":"author:","attr_desc":"  namnd86@gmail.com\\n "}]', '', '2014-02-28 05:18:31', '0000-00-00 00:00:00'),
(51, 30, '', '', '', '', '', '[{"attr_name":"Controller:","attr_desc":"  Product\\n "},{"attr_name":"author:","attr_desc":"  namnd86@gmail.com\\n "}]', '', '2014-02-28 05:18:31', '0000-00-00 00:00:00'),
(52, 31, '', '', '', '', '', '[{"attr_name":"Controller:","attr_desc":"  Product\\n "},{"attr_name":"author:","attr_desc":"  namnd86@gmail.com\\n "}]', '', '2014-02-28 05:18:31', '0000-00-00 00:00:00'),
(53, 32, '', '', '', '', '', '[{"attr_name":"Controller:","attr_desc":"  Product\\n "},{"attr_name":"author:","attr_desc":"  namnd86@gmail.com\\n "}]', '', '2014-02-28 05:18:31', '0000-00-00 00:00:00'),
(54, 33, '', '', '', '', '', '[{"attr_name":"Controller:","attr_desc":"  Dashboard_staff\\n "},{"attr_name":"author:","attr_desc":"  namnd86@gmail.com\\n "}]', '', '2014-02-28 05:18:31', '0000-00-00 00:00:00'),
(55, 35, '', '', '', '', '', '[{"attr_name":"Controller:","attr_desc":"  Ajax\\n "},{"attr_name":"author:","attr_desc":"  namnd86@gmail.com\\n "}]', '', '2014-02-28 05:18:31', '0000-00-00 00:00:00'),
(56, 36, '', '', '', '', '', '[{"attr_name":"Controller:","attr_desc":"  Export\\n "},{"attr_name":"author:","attr_desc":"  namnd86@gmail.com\\n "}]', '', '2014-02-28 05:18:31', '0000-00-00 00:00:00'),
(57, 38, 'home', 'public', 'This is the landing page of the formbuiler module. This page provides the necessary UI to build custom forms for the user.', 'Build by taking reference from http://minikomi.github.io/Bootstrap-Form-Builder. However it should be noted that the similarity is only limited to the UI and the actual functions are custom build.', 'null', '[{"attr_name":"return","attr_desc":"\\t loads the view file home. which contains the UI elements to generate custom form elements.\\n\\t"},{"attr_name":"author","attr_desc":"\\t kaushtuv\\n\\t"}]', 'function home()\n	{\n		$this->load->view(''home'');	\n	}', '2014-02-28 05:18:31', '0000-00-00 00:00:00'),
(58, 38, 'existing_form_elements', 'public', 'Shows the existing form for custom attributes.', '', 'null', '[{"attr_name":"return","attr_desc":"\\t Loads existing form elements for custom attributes.\\n\\t"}]', 'function existing_form_elements()\n	{\n		$data[''existing_elements''] = $this->formbuilder_model->get_form_elements();\n		$this->load->view(''existing_form'',isset($data) ? $data : NULL);	\n	}', '2014-02-28 05:18:31', '0000-00-00 00:00:00'),
(59, 38, 'home', 'public', 'Add Form', '', 'null', '[{"attr_name":"return","attr_desc":"\\t null\\n\\t"}]', 'function home()\n	{\n		$this->load->view(''home'');	\n	}', '2014-02-28 05:18:31', '0000-00-00 00:00:00'),
(60, 38, '_insert_data', 'private', 'This function is used to parse the data posted form formbuilder interface and prepare the data for insertion. Once the data has been prepared it is then inserted into the database.', '', 'object(form_elements),string(type of element),string(state if the form element is inline, default = no)', '[{"attr_name":"return","attr_desc":"\\t does not return anything, simply adds the data to the database\\n\\t"}]', 'function _insert_data($decoded_obj,$type,$decoded_sort_order,$inline_multi = ''no'')\n	{\n		$decoded_array = (array)$decoded_obj;\n		//echo ''<pre>''.print_r($decoded_array,true).''</pre>'';exit(0);\n		\n		if($decoded_array && $type){\n			switch($type){\n				case ''textinput'':\n					foreach($decoded_array as $arr){\n						$data = array(\n							''type'' => $type,\n							''label'' => $arr->label,\n							''name'' => $arr->name,\n							''placeholder'' => $arr->placeholder,\n							''order'' => $this->_get_element_order($decoded_sort_order,$arr->name)\n							);	\n						$this->formbuilder_model->insert_form($data);\n					}\n				break;	\n				\n				case ''textarea'':\n					foreach($decoded_array as $arr){\n						$data = array(\n							''type'' => $type,\n							''label'' => $arr->label,\n							''name'' => $arr->name,\n							''order'' => $this->_get_element_order($decoded_sort_order,$arr->name)\n							);	\n						$this->formbuilder_model->insert_form($data);\n					}\n				break;\n				\n				case ''radio'':\n					foreach($decoded_array as $arr){\n						$data = array(\n							''type'' => $type,\n							''label'' => $arr[''attr'']->label,\n							''name'' => $arr[''attr'']->name,\n							''inline_element'' => $inline_multi,\n							''attributes'' => json_encode($arr[''values'']),\n							''order'' => $this->_get_element_order($decoded_sort_order,$arr[''attr'']->name)\n							);	\n						$this->formbuilder_model->insert_form($data);\n					}\n				break;\n				\n				case ''checkbox'':\n					foreach($decoded_array as $arr){\n						$data = array(\n							''type'' => $type,\n							''label'' => $arr[''attr'']->label,\n							''name'' => $arr[''attr'']->name,\n							''multi_select'' => ''yes'',\n							''inline_element'' => $inline_multi,\n							''attributes'' => json_encode($arr[''values'']),\n							''order'' => $this->_get_element_order($decoded_sort_order,$arr[''attr'']->name)\n							);	\n						$this->formbuilder_model->insert_form($data);\n					}\n				break;\n				\n				case ''select'':\n					foreach($decoded_array as $arr){\n						$data = array(\n							''type'' => $type,\n							''label'' => $arr[''attr'']->label,\n							''name'' => $arr[''attr'']->name,\n							''multi_select'' => $inline_multi,\n							''attributes'' => json_encode($arr[''values'']),\n							''order'' => $this->_get_element_order($decoded_sort_order,$arr[''attr'']->name)\n							);	\n						$this->formbuilder_model->insert_form($data);\n					}\n				break;\n				\n				case ''filebutton'':\n					foreach($decoded_array as $arr){\n						$data = array(\n							''type'' => $type,\n							''label'' => $arr->label,\n							''name'' => $arr->name,\n							''order'' => $this->_get_element_order($decoded_sort_order,$arr->name)\n							);	\n						$this->formbuilder_model->insert_form($data);\n					}\n				break;\n			}\n		}\n	}', '2014-02-28 05:18:31', '0000-00-00 00:00:00'),
(61, 38, '_get_element_order', 'private', 'This returns the order of the element', '', 'array(array of elements and their order),string(element name)', '[{"attr_name":"return","attr_desc":"\\t returns json decoded array that contains objects in inner levels\\n\\t"}]', 'function _get_element_order($order_array,$element_name)\n	{\n		if($order_array && $element_name){\n			foreach($order_array as $key => $val){\n					if($key == $element_name){\n						return $val;	\n					}\n			}\n		}\n		return 0;	\n	}', '2014-02-28 05:18:31', '0000-00-00 00:00:00'),
(62, 38, '_manual_jason_decode', 'private', 'This function is used to manually decode the json data. This was done as the php build in json_decode failed to decode the multi level json string.', '', 'json(form elements),enum(status if the data has multi dimension)', '[{"attr_name":"return","attr_desc":"\\t returns json decoded array that contains objects in inner levels\\n\\t"}]', 'function _manual_jason_decode($data,$multi = false)\n	{\n		$temp_arr = array();\n		$final_arr = array();\n		$count = 0;\n		$separator = $multi ? ''],'' : ''},'';\n		$post_fix = $multi ? '']'' : ''}'';\n		if($data){\n			if(!$multi){\n				$temp_arr = explode($separator,$data);\n				if(count($temp_arr) > 1){	\n					$temp_arr[0] = $temp_arr[0].$post_fix;\n				}\n				foreach($temp_arr as $arr){\n					$final_arr[$count] = json_decode($arr);	\n					$count++;	\n				}\n			}else{\n				$temp_arr = explode($separator,$data);\n				if(count($temp_arr) > 1){		\n					$temp_arr[0] = $temp_arr[0].$post_fix;	\n				}\n				$multi_arr = array();\n				foreach($temp_arr as $arr){\n					$multi_arr = json_decode($arr);\n					$inner_counter = 0;\n					$temp_multi_arr = array();\n					if($multi_arr){\n						foreach($multi_arr as $ma){\n							if($inner_counter == 0){\n								$temp_multi_arr[''attr''] = json_decode($ma); 	\n							}else{\n								$temp_multi_arr[''values''][$inner_counter] = json_decode($ma); 	\n							}\n							$inner_counter++;\n						}\n					}\n					$final_arr[$count] = $temp_multi_arr;\n					$count++;	\n				}\n			}\n		}\n		return $final_arr;\n		\n	}', '2014-02-28 05:18:31', '0000-00-00 00:00:00'),
(63, 38, '_manual_jason_decode', 'private', 'This function is used to manually decode the json data for sort order. This was done as the php build in json_decode failed to decode the multi level json string.', '', 'json(form elements)', '[{"attr_name":"return","attr_desc":"\\t returns json decoded array \\n\\t"}]', 'function _manual_jason_decode($data,$multi = false)\n	{\n		$temp_arr = array();\n		$final_arr = array();\n		$count = 0;\n		$separator = $multi ? ''],'' : ''},'';\n		$post_fix = $multi ? '']'' : ''}'';\n		if($data){\n			if(!$multi){\n				$temp_arr = explode($separator,$data);\n				if(count($temp_arr) > 1){	\n					$temp_arr[0] = $temp_arr[0].$post_fix;\n				}\n				foreach($temp_arr as $arr){\n					$final_arr[$count] = json_decode($arr);	\n					$count++;	\n				}\n			}else{\n				$temp_arr = explode($separator,$data);\n				if(count($temp_arr) > 1){		\n					$temp_arr[0] = $temp_arr[0].$post_fix;	\n				}\n				$multi_arr = array();\n				foreach($temp_arr as $arr){\n					$multi_arr = json_decode($arr);\n					$inner_counter = 0;\n					$temp_multi_arr = array();\n					if($multi_arr){\n						foreach($multi_arr as $ma){\n							if($inner_counter == 0){\n								$temp_multi_arr[''attr''] = json_decode($ma); 	\n							}else{\n								$temp_multi_arr[''values''][$inner_counter] = json_decode($ma); 	\n							}\n							$inner_counter++;\n						}\n					}\n					$final_arr[$count] = $temp_multi_arr;\n					$count++;	\n				}\n			}\n		}\n		return $final_arr;\n		\n	}', '2014-02-28 05:18:31', '0000-00-00 00:00:00'),
(64, 38, 'has_multiple_value', 'public', 'Checks if an attribute can have multiple value', '', '(string) name of the attribute', '[{"attr_name":"return","attr_desc":"\\t return true if an attribute can have multiple value otherwise it returns false\\n\\t"}]', 'function has_multiple_value($attribute_name)\n	{\n		$attribute_info = $this->formbuilder_model->get_attribute_info($attribute_name);\n		return  ($attribute_info->multi_select == ''yes'' ? true : false);\n\n	}\n\n}', '2014-02-28 05:18:31', '0000-00-00 00:00:00'),
(65, 39, 'get_attribute_info', 'public', 'Returns attribute info when name of the attribute is supplied', '', '(string) name of the attribute', '[{"attr_name":"return","attr_desc":"\\t returns attribute details\\n\\t"}]', 'function get_attribute_info($attribute_name)\n	{\n		return $this->db->where(''name'',$attribute_name)->get(''custom_forms'')->row();\n	}\n	\n	\n	\n	\n	\n	\n}', '2014-02-28 05:18:31', '0000-00-00 00:00:00'),
(66, 40, '', '', '', '', '', '[{"attr_name":"Controller:","attr_desc":"  Ajax\\n "},{"attr_name":"author:","attr_desc":"  namnd86@gmail.com\\n "}]', '', '2014-02-28 05:18:31', '0000-00-00 00:00:00'),
(67, 40, 'list_temp_invoices', 'public', 'ajax function to get the list of temporary client invoices', '', '(void)', '[{"attr_name":"return:","attr_desc":"\\t (html) list of temporary client invoices\\n\\t"}]', 'function list_temp_invoices() {\n		$data[''invoices''] = $this->invoice_model->get_invoiced_clients();\n		$this->load->view(''create/temporary_list_view'', isset($data) ? $data : NULL);\n	}', '2014-02-28 05:18:31', '0000-00-00 00:00:00'),
(68, 40, 'list_clients', 'public', 'ajax function to get the list of client with batched timesheets', '', '(void)', '[{"attr_name":"return:","attr_desc":"\\t (html) layout of list clients\\n\\t"}]', 'function list_clients() {\n		$data[''clients''] = $this->invoice_model->get_clients();\n		$this->load->view(''source/clients_list_view'', isset($data) ? $data : NULL);\n	}', '2014-02-28 05:18:31', '0000-00-00 00:00:00'),
(69, 40, 'load_client_jobs', 'public', 'ajax function to load all billable jobs of client', '', '(POST) user_id', '[{"attr_name":"return:","attr_desc":"\\t (html) layout of list of jobs by a client\\n\\t"}]', 'function load_client_jobs() {\n		$user_id = $this->input->post(''user_id'');\n		$data[''user_id''] = $user_id;\n		$data[''jobs''] = $this->invoice_model->get_client_jobs($user_id);\n		$this->load->view(''source/client_jobs_list_view'', isset($data) ? $data : NULL);\n	}', '2014-02-28 05:18:31', '0000-00-00 00:00:00'),
(70, 40, 'load_job_timesheets', 'public', 'ajax function to load all timesheets in a job', '', '(POST) job_id', '[{"attr_name":"return:","attr_desc":"\\t (html) layout of list of timesheets in a job\\n\\t"}]', 'function load_job_timesheets() {\n		$job_id = $this->input->post(''job_id'');\n		$job = $this->invoice_model->get_job($job_id);\n		$data[''job''] = $job;\n		$data[''client''] = modules::run(''client/get_client'', $job[''client_id'']);\n		$data[''timesheets''] = $this->invoice_model->get_timesheets($job_id);\n		$this->load->view(''source/client_job_timesheets_list'', isset($data) ? $data : NULL);\n	}', '2014-02-28 05:18:31', '0000-00-00 00:00:00'),
(71, 40, 'row_client_job', 'public', 'ajax function to load the row (tr) of client job', '', '', '[{"attr_name":"oaram:","attr_desc":"\\t (POST) job_id\\n\\t"},{"attr_name":"return:","attr_desc":"\\t (html) view of the row (tr)\\n\\t"}]', 'function row_client_job() {\n		$job_id = $this->input->post(''job_id'');\n		$data[''job''] = $this->invoice_model->get_job($job_id);\n		$data[''timesheets''] = $this->invoice_model->get_timesheets($job_id);\n		$this->load->view(''source/client_job_row_view'', isset($data) ? $data : NULL);\n	}', '2014-02-28 05:18:31', '0000-00-00 00:00:00'),
(72, 40, 'row_timesheet', 'public', 'ajax function to load the row (tr) of timesheet', '', '(POST) timesheet_id', '[{"attr_name":"return:","attr_desc":"\\t (html) view of the row (tr)\\n\\t"}]', 'function row_timesheet() {\n		echo modules::run(''invoice/row_timesheet'', $this->input->post(''timesheet_id''));\n	}', '2014-02-28 05:18:31', '0000-00-00 00:00:00'),
(73, 40, 'row_job', 'public', 'ajax function to load the row (tr) of job', '', '(POST) job_id', '[{"attr_name":"return:","attr_desc":"\\t (html) view of the row (tr)\\n\\t"}]', 'function row_job() {\n		echo modules::run(''invoice/row_job'', $this->input->post(''job_id''));\n	}', '2014-02-28 05:18:31', '0000-00-00 00:00:00'),
(74, 40, 'add_job_to_invoice', 'public', 'ajax function to add a job to the invoice', '', '(POST) job_id', '[{"attr_name":"return:","attr_desc":"\\t json encode of array of time sheet id\\n\\t"}]', 'function add_job_to_invoice() {\n		$job_id = $this->input->post(''job_id'');\n		$this->invoice_model->add_job_to_invoice($job_id);\n		if ($this->input->post(''apply_all'')) {\n			$timesheets = $this->invoice_model->get_timesheets($job_id);\n			$output = array();\n			foreach($timesheets as $timesheet) {\n				$output[] = $timesheet[''timesheet_id''];\n			}\n			echo json_encode($output);\n		}		\n	}', '2014-02-28 05:18:31', '0000-00-00 00:00:00'),
(75, 40, 'add_timesheet_to_invoice', 'public', 'ajax function to add a time sheet to the invoice', '', '(POST) timesheet_id', '[{"attr_name":"return:","attr_desc":"\\t (boolean)\\n\\t"}]', 'function add_timesheet_to_invoice() {\n		$timesheet_id = $this->input->post(''timesheet_id'');\n		$this->invoice_model->add_timesheet_to_invoice($timesheet_id);\n	}', '2014-02-28 05:18:31', '0000-00-00 00:00:00'),
(76, 40, 'remove_job_from_invoice', 'public', 'ajax function to remove a job from the invoice', '', '(POST) job_id', '[{"attr_name":"(boolean)","attr_desc":"\\t\\t\\t apply_all\\n\\t"},{"attr_name":"return:","attr_desc":"\\t json encode of array of time sheet id\\n\\t"}]', 'function remove_job_from_invoice() {\n		$job_id = $this->input->post(''job_id'');\n		$this->invoice_model->remove_job_from_invoice($job_id);\n		if ($this->input->post(''apply_all'')) {\n			$timesheets = $this->invoice_model->get_timesheets($job_id);\n			$output = array();\n			foreach($timesheets as $timesheet) {\n				$output[] = $timesheet[''timesheet_id''];\n			}\n			echo json_encode($output);\n		}\n	}', '2014-02-28 05:18:31', '0000-00-00 00:00:00'),
(77, 40, 'remove_timesheet_from_invoice', 'public', 'ajax function to remove a time sheet from the invoice', '', '(POST) timesheet_id', '[{"attr_name":"return:","attr_desc":"\\t (boolean)\\n\\t"}]', 'function remove_timesheet_from_invoice() {\n		$timesheet_id = $this->input->post(''timesheet_id'');\n		$this->invoice_model->remove_timesheet_from_invoice($timesheet_id);\n	}', '2014-02-28 05:18:31', '0000-00-00 00:00:00'),
(78, 40, 'list_items', 'public', 'ajax function to list all items of the invoice', '', '(POST) invoice_id', '[{"attr_name":"return:","attr_desc":"\\t (html) view of the items list\\n\\t"}]', 'function list_items() {\n		$invoice_id = $this->input->post(''invoice_id'');\n		$invoice = $this->invoice_model->get_invoice($invoice_id);\n		$data[''invoice''] = $invoice;\n		$data[''items''] = $this->invoice_model->get_invoice_items($invoice_id);\n		$this->load->view(''create/items_list'', isset($data) ? $data : NULL);\n	}', '2014-02-28 05:18:31', '0000-00-00 00:00:00'),
(79, 40, 'get_total', 'public', 'ajax function to get the total charge details', '', '(POST) invoice_id', '[{"attr_name":"return:","attr_desc":"\\t (html) view of the total charge details\\n\\t"}]', 'function get_total() {\n		$invoice_id = $this->input->post(''invoice_id'');\n		$total = 0;\n		$gst = 0;\n		$items = $this->invoice_model->get_invoice_items($invoice_id);\n		foreach($items as $item) {\n			$total += $item[''amount''];\n			if ($item[''tax'']) {\n				$gst += $item[''amount''] / 11;\n			}\n		}\n		$this->invoice_model->update_invoice($invoice_id, array(''gst'' => $gst,''total_amount'' => $total));\n		$data[''invoice''] = $this->invoice_model->get_invoice($invoice_id);\n		$data[''total''] = $total;\n		$data[''gst''] = $gst;\n		$this->load->view(''create/charge_details'', isset($data) ? $data : NULL);\n	}', '2014-02-28 05:18:31', '0000-00-00 00:00:00'),
(80, 40, 'add_item', 'public', 'add new item to the invoice', '', '(POST) array of data', '[{"attr_name":"return:","attr_desc":"\\t (void)\\n\\t"}]', 'function add_item() {\n		$data = $this->input->post();\n		if ($data[''tax''] == GST_ADD) {\n			$data[''amount''] = $data[''amount''] * 1.1;\n		}\n		$this->invoice_model->add_invoice_item($data);\n	}', '2014-02-28 05:18:31', '0000-00-00 00:00:00'),
(81, 40, 'check_breakdown', 'public', 'ajax function to check if the invoice can be break down or not', '', '(POST) invoice_id', '[{"attr_name":"return:","attr_desc":"\\t (string) \\"true\\" or \\"false\\"\\n\\t"}]', 'function check_breakdown() {\n		$invoice_id = $this->input->post(''invoice_id'');\n		$invoice = $this->invoice_model->get_invoice($invoice_id);\n		$jobs = unserialize($invoice[''jobs'']);\n		$items = $this->invoice_model->get_invoice_items($invoice_id);\n		foreach($items as $key => $item) {\n			if (!$item[''include_timesheets'']) {\n				unset($items[$key]);\n			}\n		}\n		if (count($items) == count($jobs)) {\n			echo ''true'';\n		} else {\n			echo ''false'';\n		}\n	}', '2014-02-28 05:18:31', '0000-00-00 00:00:00'),
(82, 40, 'show_breakdown', 'public', 'ajax function to enable/disable break down items of the invoice', '', '(POST) invoice_id', '[{"attr_name":"return:","attr_desc":"\\t (html) view of the break down item list\\n\\t"}]', 'function show_breakdown() {\n		$invoice_id = $this->input->post(''invoice_id'');\n		if ($this->input->post(''show'') == "true") {\n			$data[''items''] = $this->invoice_model->get_invoice_items($invoice_id);\n			$this->invoice_model->update_invoice($invoice_id, array(''breakdown'' => 1));\n			$this->load->view(''create/breakdown'', isset($data) ? $data : NULL);\n		} else {			\n			$this->invoice_model->update_invoice($invoice_id, array(''breakdown'' => 0));\n		}\n	}', '2014-02-28 05:18:31', '0000-00-00 00:00:00'),
(83, 40, 'delete_item', 'public', 'ajax function to delete an item from the invoice', '', '(POST) item_id', '[{"attr_name":"return:","attr_desc":"\\t (boolean) \\n\\t"}]', 'function delete_item() {\n		return $this->invoice_model->delete_invoice_item($this->input->post(''item_id''));\n	}', '2014-02-28 05:18:31', '0000-00-00 00:00:00'),
(84, 40, 'delete_invoice', 'public', 'ajax function to delete the invoice', '', '(POST) invoice_id', '[{"attr_name":"return:","attr_desc":"\\t (void)\\n\\t"}]', 'function delete_invoice() {\n		$invoice_id = $this->input->post(''invoice_id'');\n		$this->invoice_model->delete_invoice_items($invoice_id);\n		$this->invoice_model->delete_invoice($invoice_id);\n	}', '2014-02-28 05:18:31', '0000-00-00 00:00:00'),
(85, 40, 'search_invoices', 'public', 'ajax function to search invoices', '', '(POST) (array) of parameters', '[{"attr_name":"return:","attr_desc":"\\t (array) of invoice objects\\n\\t"}]', 'function search_invoices() {\n		$params = $this->input->post();\n		$data[''invoices''] = $this->invoice_model->search_invoices($params);\n		$this->load->view(''search/results_list_view'', isset($data) ? $data : NULL);\n	}', '2014-02-28 05:18:31', '0000-00-00 00:00:00'),
(86, 40, 'mark_as_paid', 'public', 'ajax function to mark an invoice as paid', '', '(POST) invoice_id', '[{"attr_name":"return:","attr_desc":"\\t (html) menu dropdown status of the invoice\\n\\t"}]', 'function mark_as_paid() {\n		$invoice_id = $this->input->post(''invoice_id'');\n		# Update invoice\n		$this->invoice_model->update_invoice($invoice_id, array(\n			''status'' => INVOICE_PAID,\n			''paid_on'' => date(''Y-m-d H:i:s'')\n		));\n		# Update timesheet\n		$this->invoice_model->mark_paid_timesheets($invoice_id);\n		echo modules::run(''invoice/menu_dropdown_status'', $invoice_id);\n	}', '2014-02-28 05:18:31', '0000-00-00 00:00:00'),
(87, 40, 'mark_as_unpaid', 'public', 'ajax function to mark an invoice as unpaid', '', '(POST) invoice_id', '[{"attr_name":"return:","attr_desc":"\\t (html) menu dropdown status of the invoice\\n\\t"}]', 'function mark_as_unpaid() {\n		$invoice_id = $this->input->post(''invoice_id'');\n		# Update invoice\n		$this->invoice_model->update_invoice($invoice_id, array(''status'' => INVOICE_GENERATED));\n		# Update timesheet\n		$this->invoice_model->mark_unpaid_timesheets($invoice_id);\n		echo modules::run(''invoice/menu_dropdown_status'', $invoice_id);\n	}\n}', '2014-02-28 05:18:31', '0000-00-00 00:00:00'),
(88, 41, '', '', '', '', '', '[{"attr_name":"Controller:","attr_desc":"  Invoice\\n "},{"attr_name":"author:","attr_desc":"  namnd86@gmail.com\\n "}]', '', '2014-02-28 05:18:31', '0000-00-00 00:00:00'),
(89, 41, 'main_view', 'public', 'load the main layout of the invoice page', '', '(void)', '[{"attr_name":"return:","attr_desc":"\\t (html) load main layout of the invoice page\\n\\t"}]', 'function main_view() {\n		$this->load->view(''main_view'', isset($data) ? $data : NULL);\n	}', '2014-02-28 05:18:31', '0000-00-00 00:00:00'),
(90, 41, 'create_view', 'public', 'view of create invoice tab', '', '(void)', '[{"attr_name":"return:","attr_desc":"\\t (html) load main layout of the create invoice tab\\n\\t"}]', 'function create_view() {\n		$this->load->view(''create_view'', isset($data) ? $data : NULL);\n	}', '2014-02-28 05:18:31', '0000-00-00 00:00:00'),
(91, 41, 'search_form', 'public', 'view of search invoice tab', '', '(void)', '[{"attr_name":"return:","attr_desc":"\\t (html) load search form of the search invoice tab\\n\\t"}]', 'function search_form() {\n		$this->load->view(''search_form'', isset($data) ? $data : NULL);\n	}', '2014-02-28 05:18:31', '0000-00-00 00:00:00'),
(92, 41, 'create', 'public', 'create the invoice record for a client', '', '(int) $user_id', '[{"attr_name":"return:","attr_desc":"\\t (void) redirect to (html) invoice page\\n\\t"}]', 'function create_view() {\n		$this->load->view(''create_view'', isset($data) ? $data : NULL);\n	}', '2014-02-28 05:18:31', '0000-00-00 00:00:00'),
(93, 41, 'edit', 'public', 'edit invoice page', '', '(int) $invoice_id', '[{"attr_name":"return:","attr_desc":"\\t (html) edit invoice page\\n\\t"}]', 'function edit($invoice_id) {\n		$invoice = $this->invoice_model->get_invoice($invoice_id);\n		# If invoice is generated, cannot edit anymore, go to view page\n		if ($invoice[''status''] == INVOICE_GENERATED) {\n			redirect(''invoice/view/'' . $invoice_id);\n		}\n		$data[''invoice''] = $invoice;\n		$data[''client''] = modules::run(''client/get_client'', $invoice[''client_id'']);\n		if ($invoice[''breakdown'']) {\n			$data[''items''] = $this->invoice_model->get_invoice_items($invoice_id);\n		}\n		$this->load->view(''create/edit_view'', isset($data) ? $data : NULL);\n	}', '2014-02-28 05:18:31', '0000-00-00 00:00:00'),
(94, 41, 'generate', 'public', 'generate the invoice and link timesheets to the invoice', '', '(int) $invoice_id', '[{"attr_name":"return:","attr_desc":"\\t (void) redirect to view invoice page\\n\\t"}]', 'function generate($invoice_id) {\n		$invoice = $this->invoice_model->get_invoice($invoice_id);\n		# Update invoice status\n		$user = $this->session->userdata(''user_data'');\n		$this->invoice_model->update_invoice($invoice_id, array(\n			''status'' => INVOICE_GENERATED,\n			''issued_by'' => $user[''user_id'']\n		));\n		$this->invoice_model->generate_invoice_timesheets($invoice[''client_id''], $invoice_id);\n		redirect(''invoice/view/'' . $invoice_id);\n	}', '2014-02-28 05:18:31', '0000-00-00 00:00:00'),
(95, 41, 'download', 'public', 'generate and download the pdf', '', '(int) $invoice_id', '[{"attr_name":"return:","attr_desc":"\\t (void)\\n\\t"}]', 'function download($invoice_id) {\n		# As PDF creation takes a bit of memory, we''re saving the created file in /uploads/pdf/\n		$filename = "invoice_" . $invoice_id;\n		$pdfFilePath = "./uploads/pdf/$filename.pdf";\n		\n		 \n		ini_set(''memory_limit'',''32M''); # boost the memory limit if it''s low \n		\n		$invoice = $this->invoice_model->get_invoice($invoice_id);\n		$data[''invoice''] = $invoice;\n		$data[''client''] = modules::run(''client/get_client'', $invoice[''client_id'']);\n		$data[''items''] = $this->invoice_model->get_invoice_items($invoice_id);\n		$html = $this->load->view(''create/download_view'', isset($data) ? $data : NULL, true); \n		\n				\n		$this->load->library(''pdf'');\n		$pdf = $this->pdf->load(); 			\n		$stylesheet = file_get_contents(''./assets/css/pdf.css'');\n		$pdf->WriteHTML($stylesheet,1);\n		$pdf->WriteHTML($html,2);\n		$pdf->Output($pdfFilePath, ''F''); // save to file \n		 \n		redirect("./uploads/pdf/$filename.pdf"); \n	}', '2014-02-28 05:18:31', '0000-00-00 00:00:00'),
(96, 41, 'view', 'public', 'view of the single invoice', '', '(int) $invoice_id', '[{"attr_name":"return:","attr_desc":"\\t (html) view invoice page \\n\\t"}]', 'function view($invoice_id) {\n		$invoice = $this->invoice_model->get_invoice($invoice_id);\n		$data[''invoice''] = $invoice;\n		$data[''client''] = modules::run(''client/get_client'', $invoice[''client_id'']);\n		$data[''items''] = $this->invoice_model->get_invoice_items($invoice_id);\n		$this->load->view(''create/generated_view'', isset($data) ? $data : NULL); \n	}', '2014-02-28 05:18:31', '0000-00-00 00:00:00'),
(97, 41, 'row_job', 'public', 'view of row of a job', '', '(int) $job_id', '[{"attr_name":"return:","attr_desc":"\\t (html) row (tr) of the job\\n\\t"}]', 'function row_job($job_id) {\n		$data[''job''] = $this->invoice_model->get_job($job_id);\n		$data[''timesheets''] = $this->invoice_model->get_timesheets($job_id);\n		$this->load->view(''source/job_row_view'', isset($data) ? $data : NULL);\n	}', '2014-02-28 05:18:31', '0000-00-00 00:00:00'),
(98, 41, 'row_timesheet', 'public', 'view of row of a timesheet', '', '(int) $timesheet_id', '[{"attr_name":"return:","attr_desc":"\\t (html) row (tr) of a job\\n\\t"}]', 'function row_timesheet($timesheet_id) {\n		$data[''timesheet''] = $this->invoice_model->get_timesheet($timesheet_id);\n		$this->load->view(''source/timesheet_row_view'', isset($data) ? $data : NULL);\n	}', '2014-02-28 05:18:31', '0000-00-00 00:00:00');
INSERT INTO `modules_functions` (`id`, `modules_mvc_id`, `name`, `access`, `description`, `comment`, `params`, `attributes`, `code`, `created`, `modified`) VALUES
(99, 41, 'get_job_timesheets', 'public', 'get invoiced timesheets of an invoiced job', '', '(int) $job_id', '[{"attr_name":"(int)","attr_desc":"\\t\\t\\t $status\\n\\t"},{"attr_name":"return:","attr_desc":"\\t (array) of time sheet objects\\n\\t"}]', 'function get_job_timesheets($job_id, $status) {\n		return $this->invoice_model->get_job_timesheets($job_id, $status);\n	}', '2014-02-28 05:18:31', '0000-00-00 00:00:00'),
(100, 41, 'field_select_status', 'public', 'custom field select status of invoice', '', '- $field_name: string of field name', '[{"attr_name":"-","attr_desc":"\\t\\t\\t $field_value (optional): selected value of field\\n\\t"},{"attr_name":"-","attr_desc":"\\t\\t\\t $size (optional): size \\n\\t"},{"attr_name":"return:","attr_desc":"\\t custom select input field\\n\\t"}]', 'function field_select_status($field_name, $field_value=null, $size=null) {\n		$array = array(\n			array(''value'' => INVOICE_GENERATED, ''label'' => ''Unpaid''),\n			array(''value'' => INVOICE_PAID, ''label'' => ''Paid'')\n		);\n		return modules::run(''common/field_select'', $array, $field_name, $field_value, $size);\n	}', '2014-02-28 05:18:31', '0000-00-00 00:00:00'),
(101, 41, 'menu_dropdown_status', 'public', 'generate the dropdown menu of invoice status', '', '(int) $invoice_id', '[{"attr_name":"return:","attr_desc":"\\t (html) dropdown menu of invoice status\\n\\t"}]', 'function menu_dropdown_status($invoice_id) {\n		$data[''invoice''] = $this->invoice_model->get_invoice($invoice_id);\n		$this->load->view(''search/menu_dropdown_status'', isset($data) ? $data : NULL);\n	}\n	\n}', '2014-02-28 05:18:31', '0000-00-00 00:00:00'),
(102, 42, 'add_client_invoice', 'public', 'create the client invoice', '', '(array) $data', '[{"attr_name":"return:","attr_desc":"\\t (int) invoice_id\\n\\t"}]', 'function add_client_invoice($data) {\n		$this->db->insert(''invoices'', $data);\n		return $this->db->insert_id();\n	}', '2014-02-28 05:18:31', '0000-00-00 00:00:00'),
(103, 42, 'add_invoice_item', 'public', 'add item to the invoice', '', '(array) $data', '[{"attr_name":"return:","attr_desc":"\\t (boolean)\\n\\t"}]', 'function add_invoice_item($data) {\n		$this->db->insert(''invoice_items'', $data);\n		return $this->db->insert_id();\n	}', '2014-02-28 05:18:31', '0000-00-00 00:00:00'),
(104, 42, 'get_job_timesheets', 'public', 'get invoiced time sheet of invoiced job', '', '(int) $job_id', '[{"attr_name":"(int)","attr_desc":"\\t\\t\\t $invoice_status\\n\\t"},{"attr_name":"return:","attr_desc":"\\t (array) of time sheet objects\\n\\t"}]', 'function get_job_timesheets($job_id, $invoice_status) {\n		$this->db->where(''job_id'', $job_id);\n		$this->db->where(''status'', TIMESHEET_BATCHED);\n		$this->db->where(''status_invoice_client >='', $invoice_status);\n		$query = $this->db->get(''job_shift_timesheets'');\n		return $query->result_array();\n	}', '2014-02-28 05:18:31', '0000-00-00 00:00:00'),
(105, 42, 'delete_invoice_item', 'public', 'delete an item from the invoice', '', '(int) $item_id', '[{"attr_name":"return:","attr_desc":"\\t (boolean)\\n\\t"}]', 'function delete_invoice_item($item_id) {\n		$this->db->where(''item_id'', $item_id);\n		return $this->db->delete(''invoice_items'');\n	}', '2014-02-28 05:18:31', '0000-00-00 00:00:00'),
(106, 42, 'delete_invoice_items', 'public', 'delete all items of an invoice', '', '(int) $invoice_id', '[{"attr_name":"return:","attr_desc":"\\t (boolean)\\n\\t"}]', 'function delete_invoice_items($invoice_id) {\n		$this->db->where(''invoice_id'', $invoice_id);\n		return $this->db->delete(''invoice_items'');\n	}', '2014-02-28 05:18:31', '0000-00-00 00:00:00'),
(107, 42, 'delete_invoice', 'public', 'delete the invoice itselft', '', '(int) $invoice_id', '[{"attr_name":"return:","attr_desc":"\\t (boolean)\\n\\t"}]', 'function delete_invoice_item($item_id) {\n		$this->db->where(''item_id'', $item_id);\n		return $this->db->delete(''invoice_items'');\n	}', '2014-02-28 05:18:31', '0000-00-00 00:00:00'),
(108, 42, 'get_invoice_items', 'public', 'get all items of an invoice', '', '(int) $invoice_id', '[{"attr_name":"return:","attr_desc":"\\t (array) of item objects\\n\\t"}]', 'function get_invoice_items($invoice_id) {\n		$this->db->where(''invoice_id'', $invoice_id);\n		$this->db->order_by(''job_id'', ''asc'');\n		$query = $this->db->get(''invoice_items'');\n		return $query->result_array();\n	}', '2014-02-28 05:18:31', '0000-00-00 00:00:00'),
(109, 42, 'update_invoice', 'public', 'update invoice object', '', '(int) $invoice_id', '[{"attr_name":"(array)","attr_desc":"\\t\\t\\t $data\\n\\t"},{"attr_name":"return:","attr_desc":"\\t (boolean)\\n\\t"}]', 'function update_invoice($invoice_id, $data) {\n		$this->db->where(''invoice_id'', $invoice_id);\n		return $this->db->update(''invoices'', $data);\n	}', '2014-02-28 05:18:31', '0000-00-00 00:00:00'),
(110, 42, 'get_invoice', 'public', 'get invoice object by id', '', '(int) $invoice_id', '[{"attr_name":"return:","attr_desc":"\\t (object) invoice\\n\\t"}]', 'function get_invoice_items($invoice_id) {\n		$this->db->where(''invoice_id'', $invoice_id);\n		$this->db->order_by(''job_id'', ''asc'');\n		$query = $this->db->get(''invoice_items'');\n		return $query->result_array();\n	}', '2014-02-28 05:18:31', '0000-00-00 00:00:00'),
(111, 42, 'get_client_invoice', 'public', 'get ready timesheet to be invoiced of a client', '', '(int) $user_id', '[{"attr_name":"return:","attr_desc":"\\t array of time sheet objects\\n\\t"}]', 'function get_client_invoice($user_id) {\n		$sql = "SELECT j.*, sum(js.total_amount_client) as `total_amount` FROM `job_shift_timesheets` js\n						LEFT JOIN `jobs` j ON js.job_id = j.job_id\n						WHERE js.status = " . TIMESHEET_BATCHED . "\n						AND js.status_invoice_client = " . INVOICE_READY . "\n						AND js.client_id = " . $user_id . "\n						GROUP BY js.job_id";\n		$query = $this->db->query($sql);\n		return $query->result_array();\n	}', '2014-02-28 05:18:31', '0000-00-00 00:00:00'),
(112, 42, 'get_invoiced_clients', 'public', 'get clients that has temporary invoices', '', '', '[{"attr_name":"return:","attr_desc":"\\t array of client objects\\n\\t"}]', 'function get_invoiced_clients() {\n		$sql = "SELECT uc.*, sum(j.total_amount_client) as `total_amount`, count(*) as `total_timesheets` FROM `job_shift_timesheets` j\n					LEFT JOIN `user_clients` uc ON j.client_id = uc.user_id\n					WHERE j.status = " . TIMESHEET_BATCHED . "\n					AND j.status_invoice_client = " . INVOICE_READY . "\n					GROUP BY j.client_id";\n		$query = $this->db->query($sql);\n		return $query->result_array();\n	}', '2014-02-28 05:18:31', '0000-00-00 00:00:00'),
(113, 42, 'get_clients', 'public', 'get list of clients that has timesheets can be billed', '', '', '[{"attr_name":"return:","attr_desc":"\\t (array) of client objects\\n\\t"}]', 'function get_clients() {\n		$sql_select_job_id = "SELECT job_id \n								FROM `job_shift_timesheets` \n								WHERE status = " . TIMESHEET_BATCHED . "\n								AND status_invoice_client <= " . INVOICE_READY . "\n								GROUP BY job_id";\n		$sql = "SELECT uc.*, count(*) as `total_jobs` FROM user_clients uc\n					LEFT JOIN jobs j ON j.client_id = uc.user_id\n					WHERE j.job_id IN ($sql_select_job_id) GROUP BY uc.user_id";\n		$query = $this->db->query($sql);\n		return $query->result_array();\n	}', '2014-02-28 05:18:31', '0000-00-00 00:00:00'),
(114, 42, 'get_client_jobs', 'public', 'get list of jobs that has timesheets can be billed', '', '', '[{"attr_name":"return:","attr_desc":"\\t (array) of job objects\\n\\t"}]', 'function get_client_jobs($user_id) {\n		$sql_select_job_id = "SELECT job_id \n								FROM `job_shift_timesheets` \n								WHERE status = " . TIMESHEET_BATCHED . "\n								AND status_invoice_client <= " . INVOICE_READY . "\n								GROUP BY job_id";\n		$sql = "SELECT * FROM jobs WHERE client_id = " . $user_id . " AND job_id IN ($sql_select_job_id)";\n		$query = $this->db->query($sql);\n		return $query->result_array();\n	}', '2014-02-28 05:18:31', '0000-00-00 00:00:00'),
(115, 42, 'get_job', 'public', 'get a job object by id', '', '(int) $job_id', '[{"attr_name":"return:","attr_desc":"\\t (object) of job\\n\\t"}]', 'function get_job_timesheets($job_id, $invoice_status) {\n		$this->db->where(''job_id'', $job_id);\n		$this->db->where(''status'', TIMESHEET_BATCHED);\n		$this->db->where(''status_invoice_client >='', $invoice_status);\n		$query = $this->db->get(''job_shift_timesheets'');\n		return $query->result_array();\n	}', '2014-02-28 05:18:31', '0000-00-00 00:00:00'),
(116, 42, 'get_timesheet', 'public', 'get a time sheet by id', '', '(int) $timesheet_id', '[{"attr_name":"return:","attr_desc":"\\t (object) of time sheet\\n\\t"}]', 'function get_timesheet($timesheet_id) {\n		$this->db->where(''timesheet_id'', $timesheet_id);\n		$this->db->where(''status'', TIMESHEET_BATCHED);\n		$query = $this->db->get(''job_shift_timesheets'');\n		return $query->first_row(''array'');\n	}', '2014-02-28 05:18:31', '0000-00-00 00:00:00'),
(117, 42, 'get_timesheets', 'public', 'get list of ready time sheets oj a job', '', '(int) $job_id', '[{"attr_name":"return:","attr_desc":"\\t (array) of time sheet objects\\n\\t"}]', 'function get_timesheets($job_id) {\n		$this->db->where(''job_id'', $job_id);\n		$this->db->where(''status'', TIMESHEET_BATCHED);\n		$this->db->where(''status_invoice_client <='', INVOICE_READY);\n		$query = $this->db->get(''job_shift_timesheets'');\n		return $query->result_array();\n	}', '2014-02-28 05:18:31', '0000-00-00 00:00:00'),
(118, 42, 'add_job_to_invoice', 'public', 'add all time sheets of the job to the invoice', '', '(int) $job_id', '[{"attr_name":"return:","attr_desc":"\\t (boolean)\\n\\t"}]', 'function add_job_to_invoice($job_id) {\n		$this->db->where(''job_id'', $job_id);\n		return $this->db->update(''job_shift_timesheets'', array(''status_invoice_client'' => INVOICE_READY));\n	}', '2014-02-28 05:18:31', '0000-00-00 00:00:00'),
(119, 42, 'remove_job_from_invoice', 'public', 'remove all time sheets of the job from the invoice', '', '(int) $job_id', '[{"attr_name":"return:","attr_desc":"\\t (boolean)\\n\\t"}]', 'function remove_job_from_invoice($job_id) {\n		$this->db->where(''job_id'', $job_id);\n		return $this->db->update(''job_shift_timesheets'', array(''status_invoice_client'' => INVOICE_PENDING));\n	}', '2014-02-28 05:18:31', '0000-00-00 00:00:00'),
(120, 42, 'add_timesheet_to_invoice', 'public', 'update the timesheet invoice status to ready', '', '(int) $timesheet_id', '[{"attr_name":"return:","attr_desc":"\\t (boolean)\\n\\t"}]', 'function add_timesheet_to_invoice($timesheet_id) {\n		$this->db->where(''timesheet_id'', $timesheet_id);\n		return $this->db->update(''job_shift_timesheets'', array(''status_invoice_client'' => INVOICE_READY));		\n	}', '2014-02-28 05:18:31', '0000-00-00 00:00:00'),
(121, 42, 'remove_timesheet_from_invoice', 'public', 'update the timesheet invoice status to pending', '', '(int) $timesheet_id', '[{"attr_name":"return:","attr_desc":"\\t (boolean)\\n\\t"}]', 'function remove_timesheet_from_invoice($timesheet_id) {\n		$this->db->where(''timesheet_id'', $timesheet_id);\n		return $this->db->update(''job_shift_timesheets'', array(''status_invoice_client'' => INVOICE_PENDING));\n	}', '2014-02-28 05:18:31', '0000-00-00 00:00:00'),
(122, 42, 'generate_invoice_timesheets', 'public', 'linked all timesheets to the invoice and update time sheets status to invoice generated', '', '(int) $client_id', '[{"attr_name":"(int)","attr_desc":"\\t\\t\\t $invoice_id\\n\\t"},{"attr_name":"return:","attr_desc":"\\t (boolean)\\n\\t"}]', 'function generate_invoice_timesheets($client_id, $invoice_id) {\n		$data = array(\n			''invoice_id'' => $invoice_id,\n			''status_invoice_client'' => INVOICE_GENERATED\n		);\n		$this->db->where(''client_id'', $client_id);\n		$this->db->where(''status_invoice_client'', INVOICE_READY);\n		$this->db->where(''invoice_id'', 0);		\n		return $this->db->update(''job_shift_timesheets'', $data);\n	}', '2014-02-28 05:18:31', '0000-00-00 00:00:00'),
(123, 42, 'mark_paid_timesheets', 'public', 'update timesheets of an invoice to paid status', '', '(int) $invoice_id', '[{"attr_name":"return:","attr_desc":"\\t (boolean)\\n\\t"}]', 'function mark_paid_timesheets($invoice_id) {\n		$data = array(\n			''status_invoice_client'' => INVOICE_PAID,\n			''client_paid_on'' => date(''Y-m-d H:i:s'')\n		);\n		$this->db->where(''invoice_id'', $invoice_id);\n		return $this->db->update(''job_shift_timesheets'', $data);\n	}', '2014-02-28 05:18:31', '0000-00-00 00:00:00'),
(124, 42, 'mark_unpaid_timesheets', 'public', 'update timesheets of an invoice to unpaid status', '', '(int) $invoice_id', '[{"attr_name":"return:","attr_desc":"\\t (boolean)\\n\\t"}]', 'function mark_unpaid_timesheets($invoice_id) {\n		$data = array(\n			''status_invoice_client'' => INVOICE_GENERATED\n		);\n		$this->db->where(''invoice_id'', $invoice_id);\n		return $this->db->update(''job_shift_timesheets'', $data);\n	}', '2014-02-28 05:18:31', '0000-00-00 00:00:00'),
(125, 42, 'search_invoices', 'public', 'search invoices by parameters', '', '(array)', '[{"attr_name":"return:","attr_desc":"\\t (array) of invoice objects\\n\\t"}]', 'function search_invoices($params) {\n		if (isset($params[''client_id'']) && $params[''client_id''] != 0 ) {\n			$this->db->where(''client_id'', $params[''client_id'']);\n		}\n		if (isset($params[''issued_by'']) && $params[''issued_by''] != 0) {\n			$this->db->where(''issued_by'', $params[''issued_by'']);\n		}\n		if (isset($params[''status'']) && $params[''status''] != 0) {\n			$this->db->where(''status'', $params[''status'']);\n		}\n		if (isset($params[''keywords'']) && $params[''keywords''] != '''') {\n			$this->db->like(''jobs'', $params[''keywords'']);\n		}\n		if (isset($params[''date_from'']) && $params[''date_from''] != '''') {\n			$date_from = date(''Y-m-d'', strtotime($params[''date_from'']));\n			$this->db->where(''issued_date >='', $date_from);\n		}\n		if (isset($params[''date_to'']) && $params[''date_to''] != '''') {\n			$date_to = date(''Y-m-d'', strtotime($params[''date_to'']));\n			$this->db->where(''issued_date <='', $date_to);\n		}\n		$this->db->where(''status > '', 0);\n		$query = $this->db->get(''invoices'');\n		return $query->result_array();\n	}\n}', '2014-02-28 05:18:31', '0000-00-00 00:00:00'),
(126, 43, '', '', 'ajax controller, provides ajax functions for Job module', '', '', '[{"attr_name":"author:","attr_desc":"\\t namnd86@gmail.com\\n "}]', '', '2014-02-28 05:18:31', '0000-00-00 00:00:00'),
(127, 43, 'search_jobs', 'public', 'ajax function to search job(s)', '', 'an array of search parameters (POST)', '[{"attr_name":"return:","attr_desc":"\\t view of list of jobs\\n\\t"}]', 'function search_jobs()\n	{\n		$data = $this->input->post();\n		$data[''jobs''] = $this->job_model->search_jobs($data);\n		$this->load->view(''jobs_search_results_view'', isset($data) ? $data : NULL);\n	}', '2014-02-28 05:18:31', '0000-00-00 00:00:00'),
(128, 43, 'create_shifts', 'public', 'ajax function to create shift(s) for a job', '', 'an array of shift parameters (POST)', '[{"attr_name":"return:","attr_desc":"\\t json encode of result\\n\\t"},{"attr_name":"-","attr_desc":"\\t\\t\\t failed: {ok: false, error_id: (string)}\\n\\t"},{"attr_name":"-","attr_desc":"\\t\\t\\t success: {ok: true, job_date: (string) YYYYDDMM\\n\\t"}]', 'function create_shifts()\n	{\n		$data = $this->input->post();\n		$filter_data = array();\n		$filter_data[''job_id''] = $data[''job_id''];\n		$filter_data[''job_date''] = date(''Y-m-d'', strtotime($data[''job_date'']));\n		\n		if (strtotime($data[''job_date'']) <= now())\n		{\n			# Job start date can not be in the past\n			echo json_encode(array(''ok'' => false, ''error_id'' => ''start_date''));\n			return;\n		}	\n		\n		$filter_data[''start_time''] = strtotime($data[''job_date'']);		\n		$filter_data[''finish_time''] = strtotime($data[''finish_time'']);\n				\n		\n		if ($filter_data[''finish_time''] <= $filter_data[''start_time''])\n		{\n			# Finish time can not be less than start time\n			echo json_encode(array(''ok'' => false, ''error_id'' => ''finish_time''));\n			return;\n		}\n		\n		if ($data[''break_length''] > 0)\n		{\n			$break_time = array(\n				''length'' => $data[''break_length''] * 60, # seconds\n				''start_at'' => strtotime($data[''break_start_at''])\n			);\n			\n			if ($break_time[''start_at''] <= $filter_data[''start_time''] || $break_time[''start_at''] >= $filter_data[''finish_time''])\n			{\n				echo json_encode(array(''ok'' => false, ''error_id'' => ''break_start_at''));\n				return;\n			}\n			$breaks = array();\n			$breaks[] = $break_time;\n			$filter_data[''break_time''] = json_encode($breaks);\n		}\n		if ($data[''venue''])\n		{\n			$venue = modules::run(''attribute/venue/get_venue_by_name'', $data[''venue'']);\n			if (!$venue)\n			{\n				echo json_encode(array(''ok'' => false, ''error_id'' => ''venue''));\n				return;\n			}\n			else\n			{\n				$filter_data[''venue_id''] = $venue[''venue_id''];\n			}\n		}\n		else\n		{\n			$filter_data[''venue_id''] = $data[''venue''];\n		}\n		\n		$filter_data[''role_id''] = $data[''role_id''];\n		$filter_data[''uniform_id''] = $data[''uniform_id''];\n		$filter_data[''payrate_id''] = $data[''payrate_id''];\n		#$filter_data[''payrate_type''] = $data[''payrate_type''];\n		\n		$count = $data[''count''];\n		if ($count < 1)\n		{\n			echo json_encode(array(''ok'' => false, ''error_id'' => ''count''));\n			return;\n		}\n		\n		for($i=0; $i < $count; $i++)\n		{\n			$this->job_shift_model->insert_job_shift($filter_data);\n		}\n		echo json_encode(array(''ok'' => true, ''job_date'' => $filter_data[''job_date'']));\n	}', '2014-02-28 05:18:31', '0000-00-00 00:00:00'),
(129, 43, 'sort_shifts', 'public', 'ajax function to set sort key & value when getting shifts', '', '(POST) ''key''', '[{"attr_name":"return:","attr_desc":"\\t (void)\\n\\t"}]', 'function sort_shifts()\n	{\n		$key = $this->input->post(''key'');\n		$shifts_sort_value = ''asc'';\n		$shifts_sort_key = $this->session->userdata(''shifts_sort_key'');\n		if ($shifts_sort_key == $key)\n		{\n			# Change sort value\n			$shifts_sort_value = $this->session->userdata(''shifts_sort_value'');\n			if ($shifts_sort_value == ''asc'')\n			{\n				$shifts_sort_value = ''desc'';\n			} else\n			{\n				$shifts_sort_value = ''asc'';\n			}\n		}\n		else\n		{\n			# Init sort key & value\n			$shifts_sort_key = $key;\n		}\n		$this->session->set_userdata(''shifts_sort_key'', $shifts_sort_key);\n		$this->session->set_userdata(''shifts_sort_value'', $shifts_sort_value);\n	}', '2014-02-28 05:18:31', '0000-00-00 00:00:00'),
(130, 43, 'load_day_shifts', 'public', 'ajax function to load list view of shifts by day', '', '(POST) (int) job_id, (string: YYYY-MM-DD) job_date', '[{"attr_name":"return:","attr_desc":"\\t list view (table) of shifts\\n\\t"}]', 'function load_day_shifts()\n	{\n		$job_id = $this->input->post(''job_id'');\n		# Get all dates of the job\n		$job_dates = $this->job_shift_model->get_job_dates($job_id);\n		\n		# Get selected date from POST request first\n		$date = $this->input->post(''date'');\n		\n		# Then check the session\n		if (!$date)\n		{\n			$date = $this->session->userdata(''job_date'');\n		}\n		\n		# Otherwise, get the very next day\n		if (!$date) {\n			foreach($job_dates as $job_date)\n			{\n				if (strtotime($job_date[''job_date'']) >= strtotime(date(''Y-m-d'', now())))\n				{\n					$date = $job_date[''job_date''];\n					break;\n				}\n			}\n		}\n		\n		$this->session->set_userdata(''job_date'', $date);\n		\n		$data[''total_date''] = count($job_dates);\n		\n		# Get previous and next days\n		$key = 0;\n		foreach($job_dates as $index => $value)\n		{\n			if ($value[''job_date''] == $date)\n			{\n				$key = $index;\n			}\n		}		\n		if ($key == 0) {\n			$right_index = 2;\n			$left_index = 0;\n		} else if ($key == count($job_dates) - 1) {\n			$right_index = $key;\n			$left_index = $key - 2;\n		} else {\n			$right_index = $key + 1;\n			$left_index = $key - 1;\n		}\n		\n		# Optimized job dates array\n		$op_job_dates = array();\n		foreach($job_dates as $index => $value)\n		{\n			if ($index >= $left_index && $index <= $right_index)\n			{\n				$op_job_dates[] = $value;\n			}\n		}\n		\n		$data[''job_id''] = $job_id;\n		$data[''job_dates''] = $op_job_dates;\n		$data[''job_shifts''] = $this->job_shift_model->get_job_shifts($job_id, $date,\n						$this->session->userdata(''shifts_sort_key''),\n						$this->session->userdata(''shifts_sort_value''));\n		$this->load->view(''shifts_day_view'', isset($data) ? $data : NULL);\n	}', '2014-02-28 05:18:31', '0000-00-00 00:00:00'),
(131, 43, 'load_month_view', 'public', 'ajax function to set calendar_view to month', '', '(POST) (int) ''date'' timestamp', '[{"attr_name":"return:","attr_desc":"\\t (string) YYYY-MM-DD\\n\\t"}]', 'function load_month_view()\n	{\n		$this->session->set_userdata(''calendar_view'', ''month'');\n		echo date(''Y-m-d'', $this->input->post(''date''));\n	}', '2014-02-28 05:18:31', '0000-00-00 00:00:00'),
(132, 43, 'load_week_view', 'public', 'ajax function to set calendar_view to week', '', '(POST) (int) ''date'' timestamp', '[{"attr_name":"return:","attr_desc":"\\t (string) YYYY-MM-DD\\n\\t"}]', 'function load_week_view()\n	{\n		$this->session->set_userdata(''calendar_view'', ''week'');\n		echo date(''Y-m-d'', $this->input->post(''date''));\n	}', '2014-02-28 05:18:31', '0000-00-00 00:00:00'),
(133, 43, 'load_job_calendar', 'public', 'ajax function to load calendar view (month/week) of shifts', '', '(POST) (int) ''job_id''', '[{"attr_name":"return:","attr_desc":"\\t (view) calendar view\\n\\t"}]', 'function load_job_calendar()\n	{\n		$job_id = $this->input->post(''job_id'');\n		$job_dates = $this->job_shift_model->get_job_dates($job_id);\n		$data[''custom_date''] = now();\n		if ($job_dates)\n		{\n			$data[''custom_date''] = strtotime($job_dates[0][''job_date'']);\n		}\n		if ($this->input->post(''date''))\n		{\n			$data[''custom_date''] = strtotime($this->input->post(''date''));\n		}\n		if ($data[''custom_date''] < now())\n		{\n			$data[''custom_date''] = now();\n		}\n		$data[''job_id''] = $job_id;\n		\n		if (!$this->session->userdata(''calendar_view'') || $this->session->userdata(''calendar_view'') == ''week'') {\n			$this->load->view(''shifts_week_view'', isset($data) ? $data : NULL);	\n		} \n		else if ($this->session->userdata(''calendar_view'') == ''month'') {\n			$out = array();\n			foreach($job_dates as $date)\n			{\n				$out[] = array(\n					''id'' => $this->job_shift_model->count_job_shifts($job_id, $date[''job_date'']),\n					''title'' => $job_id,\n					''url'' => $date[''job_date''],\n					''start'' => strtotime($date[''job_date'']) . ''000'',\n					''end'' => strtotime($date[''job_date'']) . ''000'',\n				);\n			}\n			$data[''events_source''] = json_encode($out);\n			$this->load->view(''shifts_month_view'', isset($data) ? $data : NULL);\n		}\n	}', '2014-02-28 05:18:31', '0000-00-00 00:00:00'),
(134, 43, 'load_shift_staff', 'public', 'ajax function to load view of assign staff to a shift', '', '(via POST) pk: (int) id of the shift', '[{"attr_name":"return:","attr_desc":"\\t (view) form to assign staff to the shift\\n\\t"}]', 'function load_shift_staff()\n	{\n		$shift_id = $this->input->post(''pk'');\n		$shift = $this->job_shift_model->get_job_shift($shift_id);\n		$data[''staff''] = modules::run(''staff/get_staff'', $shift[''staff_id'']);\n		$data[''shift''] = $shift;\n		$this->load->view(''shift_staff'', isset($data) ? $data : NULL);\n	}', '2014-02-28 05:18:31', '0000-00-00 00:00:00'),
(135, 43, 'search_staff_for_shift', 'public', 'ajax function to search staffs for a shift', '', '(via POST) query: (string) keyword for staff name', '[{"attr_name":"return:","attr_desc":"\\t (view) of list of searched staffs\\n\\t"}]', 'function search_staff_for_shift()\n	{\n		$query = $this->input->post(''query'');\n		$this->load->model(''staff/staff_model'');\n		$data[''staffs''] = $this->staff_model->search_staffs(array(''keyword'' => $query, ''limit'' => 6));\n		$this->load->view(''staffs_for_shift'', isset($data) ? $data : NULL);\n	}', '2014-02-28 05:18:31', '0000-00-00 00:00:00'),
(136, 43, 'update_shift_staff', 'public', 'ajax function to update staff assign / status to the shift', '', '(via POST)', '[{"attr_name":"-","attr_desc":"\\t\\t\\t shift_id\\n\\t"},{"attr_name":"-","attr_desc":"\\t\\t\\t shift_staff_id: (int) id of staff\\n\\t"},{"attr_name":"-","attr_desc":"\\t\\t\\t status: (int) 1 assigned \\/ 2 confirmed \\/ 3 rejected\\n\\t"},{"attr_name":"-","attr_desc":"\\t\\t\\t shift_staff: (string) staff first name and last name\\n\\t"},{"attr_name":"return:","attr_desc":"\\t json encode\\n\\t"}]', 'function update_shift_staff()\n	{\n		$data = $this->input->post();\n		$update_shift_data = array();\n		if ($data[''shift_staff''])\n		{\n			$staff = modules::run(''staff/get_staff'', $data[''shift_staff_id'']);\n			\n			if ($staff)\n			{\n				$update_shift_data = array(\n					''staff_id'' => $data[''shift_staff_id''],\n					''status'' => $data[''status'']\n				);\n			}\n			else {\n				echo json_encode(array(''ok'' => false, ''msg'' => ''Staff not found''));\n				return;\n			}\n		}\n		else {\n			$update_shift_data = array(\n				''staff_id'' => 0,\n				''status'' => 0\n			);\n		}\n		\n		$this->job_shift_model->update_job_shift($data[''shift_id''], $update_shift_data);\n		echo json_encode(array(\n			''ok'' => true, \n			''shift_id'' => $data[''shift_id''], \n			''value'' => ($data[''shift_staff'']) ? $data[''shift_staff''] : ''No Staff Assigned'',\n			''class_name'' => modules::run(''job/status_to_class'', $update_shift_data[''status''])\n		));\n	}', '2014-02-28 05:18:31', '0000-00-00 00:00:00'),
(137, 43, 'load_shift_breaks', 'public', 'ajax function to load all breaks of the shift', '', '(int) shift_id, via POST', '[{"attr_name":"return:","attr_desc":"\\t (view) form with shift break information filled in\\n\\t"}]', 'function load_shift_breaks()\n	{\n		$shift_id = $this->input->post(''pk'');\n		$shift = $this->job_shift_model->get_job_shift($shift_id);\n		$data[''breaks''] = json_decode($shift[''break_time'']);\n		$data[''shift_id''] = $shift_id;\n		$data[''shift''] = $shift;\n		$this->load->view(''shift_breaks'', isset($data) ? $data : NULL);\n	}', '2014-02-28 05:18:31', '0000-00-00 00:00:00'),
(138, 43, 'add_shift_break', 'public', 'ajax function to load form view to add new break to the shift', '', '(int) shift_id, via POST', '[{"attr_name":"return:","attr_desc":"\\t (view) form to enter new break for the shift\\n\\t"}]', 'function add_shift_break()\n	{\n		$shift_id = $this->input->post(''pk'');\n		$shift = $this->job_shift_model->get_job_shift($shift_id);\n		$data[''shift''] = $shift;\n		$this->load->view(''shift_add_break'', isset($data) ? $data : NULL);\n	}', '2014-02-28 05:18:31', '0000-00-00 00:00:00'),
(139, 43, 'update_job_shift_breaks', 'public', 'ajax function to update breaks of the shift', '', 'two arrays of breaks length and start time (via POST)', '[{"attr_name":"return:","attr_desc":"\\t json encode - if successful {ok: true, shift_id: (int), minutes: int}\\n\\t"},{"attr_name":"","attr_desc":"\\t\\t\\t\\t\\t\\t - if failed\\t{ok: false, number: error_number}\\n\\t"}]', 'function update_job_shift_breaks()\n	{\n		$length = $this->input->post(''break_length'');\n		$start_at = $this->input->post(''break_start_at'');\n		$job_shift = $this->job_shift_model->get_job_shift($this->input->post(''shift_id''));\n		\n		$breaks = array();\n		$total = 0;\n		foreach($length as $index => $value)\n		{\n			if ($value > 0)\n			{\n				$break_time = array(\n					''length'' => $value * 60,\n					''start_at'' => strtotime($start_at[$index])\n				);\n				\n				if ($break_time[''start_at''] <= $job_shift[''start_time''] || $break_time[''start_at''] >=$job_shift[''finish_time''])\n				{\n					echo json_encode(array(''ok'' => false, ''number'' => $index));\n					return;\n				}\n				$total += $value;\n				$breaks[] = $break_time;\n			}\n		}\n		\n		if ($this->job_shift_model->update_job_shift($job_shift[''shift_id''], array(''break_time'' => json_encode($breaks))))\n		{\n			if ($total > 0) {				\n				$minutes = $total . '' mins'';\n				echo json_encode(array(''ok'' => true, ''shift_id'' => $job_shift[''shift_id''],''minutes'' => $minutes));\n			}\n			else\n			{\n				echo json_encode(array(''ok'' => true, ''shift_id'' => $job_shift[''shift_id''],''minutes'' => 0));\n			}\n		}\n	}', '2014-02-28 05:18:31', '0000-00-00 00:00:00'),
(140, 43, 'delete_shifts', 'public', 'ajax function to delete shift(s)', '', 'an array of integers (via POST), which are primary keys of shifts', '[{"attr_name":"return:","attr_desc":"\\t json encode {job_id: (int) $job_id, job_date: (YYYY-MM-DD) $job_date}  \\n\\t"}]', 'function delete_shifts()\n	{\n		$shifts = $this->input->post(''shifts'');\n		$shift = null;\n		$result = array();\n		foreach($shifts as $shift_id)\n		{\n			$shift = $this->job_shift_model->get_job_shift($shift_id);\n			$this->job_shift_model->delete_job_shift($shift_id);\n		}\n		if ($shift)\n		{\n			$result[''job_id''] = $shift[''job_id''];\n			if (modules::run(''job/count_job_shifts'', $shift[''job_id''], strtotime($shift[''job_date''])) > 0)\n			{\n				$result[''job_date''] = $shift[''job_date''];\n			}\n		}		\n		echo json_encode($result);\n	}', '2014-02-28 05:18:31', '0000-00-00 00:00:00'),
(141, 43, 'load_shifts_copy', 'public', 'ajax function to load the calendar popup for copying shifts across', '', 'string of shift id 1~2~3~4 (via GET)', '[{"attr_name":"return:","attr_desc":"\\t calendar view\\n\\t"}]', 'function load_shifts_copy($s = '''')\n	{\n		$shifts = explode(''~'', $s);\n		\n		$data[''shift''] = $this->job_shift_model->get_job_shift($shifts[0]);\n		$data[''shifts''] = $shifts;		\n		$this->load->view(''shifts_copy'', isset($data) ? $data : NULL);\n	}', '2014-02-28 05:18:31', '0000-00-00 00:00:00'),
(142, 43, 'update_selected_day', 'public', 'ajax function to update selected day (to the sessions of array of all selected days) for copying shift function', '', 'null', '[{"attr_name":"return:","attr_desc":"\\t json encode {success: true\\/false, msg: ''''}\\n\\t"}]', 'function update_selected_day()\n	{\n		$ts = $this->input->post(''ts'');\n		$all_ts = $this->session->userdata(''all_ts'');\n		if (!$all_ts) {\n			$all_ts = array();\n		}\n		$key = array_search($ts, $all_ts);\n		if ($key !== false) {\n			unset($all_ts[$key]);\n		}\n		else\n		{\n			if ($ts > now())\n			{\n				$all_ts[] = $ts;\n			}\n			else\n			{				\n				echo json_encode(array(''success'' => false, ''msg'' => ''Cannot copy to date in the past''));\n				return;\n			}\n		}\n		\n		$this->session->set_userdata(''all_ts'', $all_ts);\n		echo json_encode(array(''success'' => true));	\n	}', '2014-02-28 05:18:31', '0000-00-00 00:00:00'),
(143, 43, 'clear_selected_days', 'public', 'ajax function to clear session of selected days for copy', '', '(none)', '[{"attr_name":"return:","attr_desc":"\\t (void)\\n\\t"}]', 'function clear_selected_days()\n	{\n		$this->session->unset_userdata(''all_ts'');\n	}', '2014-02-28 05:18:31', '0000-00-00 00:00:00'),
(144, 43, 'copy_selected_days', 'public', 'ajax function to copy selected shifts to selected days', '', 'array of shift id', '[{"attr_name":"return:","attr_desc":"\\t json encode {success: (boolean), msg: (string)}\\n\\t"}]', 'function copy_selected_days()\n	{\n		$all_ts = $this->session->userdata(''all_ts'');\n		if ($all_ts)\n		{\n			$shifts = $this->input->post(''shifts'');\n			foreach($all_ts as $ts)\n			{\n				foreach($shifts as $shift_id)\n				{\n					$shift = $this->job_shift_model->get_job_shift($shift_id);\n					$new_shift = $shift;\n					unset($new_shift[''shift_id'']);\n					unset($new_shift[''created_on'']);\n					unset($new_shift[''modified_on'']);\n					$new_shift[''job_date''] = date(''Y-m-d'', $ts);\n					$start_time = strtotime(date(''Y-m-d'', $ts) . '' '' . date(''H:i'', $shift[''start_time'']));\n					$finish_time = $start_time + $shift[''finish_time''] - $shift[''start_time''];\n					$new_shift[''start_time''] = $start_time;\n					$new_shift[''finish_time''] = $finish_time;\n					\n					$breaks = json_decode($shift[''break_time'']);\n					$new_breaks = array();\n					foreach($breaks as $break)\n					{\n						$new_breaks[] = array(\n							''length'' => $break->length,\n							''start_at'' => $start_time + $break->start_at - $shift[''start_time'']\n						);\n					}\n					$new_shift[''break_time''] = json_encode($new_breaks);\n					$this->job_shift_model->insert_job_shift($new_shift);\n				}				\n			}\n			$this->session->unset_userdata(''all_ts'');\n			echo json_encode(array(''success'' => true));\n		}\n		else\n		{\n			echo json_encode(array(''success'' => false, ''msg'' => ''No day selected''));\n		}		\n	}', '2014-02-28 05:18:31', '0000-00-00 00:00:00'),
(145, 44, '', '', 'Ajax controller for calenadar', '', '', '', '', '2014-02-28 05:18:31', '0000-00-00 00:00:00'),
(146, 45, '', '', 'Calendar controller', '', '', '', '', '2014-02-28 05:18:31', '0000-00-00 00:00:00'),
(147, 46, '', '', '', '', '', '[{"attr_name":"Controller:","attr_desc":"  Job\\n "},{"attr_name":"author:","attr_desc":"  namnd86@gmail.com\\n "}]', '', '2014-02-28 05:18:31', '0000-00-00 00:00:00'),
(148, 46, 'count_job_shifts', 'public', 'function to count number of shifts in a job, optionally in a specified date', '', '(int) $job_id, (int - timestamp) $job_date', '[{"attr_name":"return:","attr_desc":"\\t (int)\\n\\t"}]', 'function count_job_shifts($job_id, $job_date = null, $status = null)\n	{\n		if ($job_date)\n		{\n			$job_date = date(''Y-m-d'', $job_date);\n		}\n		echo $this->job_shift_model->count_job_shifts($job_id, $job_date, $status);\n	}', '2014-02-28 05:18:31', '0000-00-00 00:00:00'),
(149, 46, 'get_day_shifts', 'public', 'function to get list of shifts in a day', '', '(int) $job_id, (int - timestamp) $job_date', '[{"attr_name":"return:","attr_desc":"\\t (array)\\n\\t"}]', 'function get_day_shifts($job_id, $job_date)\n	{\n		$job_date = date(''Y-m-d'', $job_date);\n		$shifts = $this->job_shift_model->get_job_shifts($job_id, $job_date);\n		$ids = array();\n		foreach($shifts as $shift)\n		{\n			$ids[] = $shift[''shift_id''];\n		}\n		return $ids;\n	}', '2014-02-28 05:18:31', '0000-00-00 00:00:00'),
(150, 47, '', '', '', '', '', '[{"attr_name":"Controller:","attr_desc":"  Job\\n "},{"attr_name":"author:","attr_desc":"  namnd86@gmail.com\\n "}]', '', '2014-02-28 05:18:31', '0000-00-00 00:00:00'),
(151, 49, 'get_shift_by_year_and_month', 'public', 'Function to get shifts based on their status', '', 'int month, int year', '[{"attr_name":"return","attr_desc":"\\t Returns array of avaliable roles\\n\\t"}]', 'function get_shift_by_year_and_month($month,$year,$status = 0)\n	{		\n		$sql = "select job_date,count(*) as total_shifts from job_shifts where month(job_date) = ''".$month."'' and year(job_date) = ''".$year."''";\n		if($status == ''all''){\n			$sql .= " and status != -2 and status != -1";	\n		}else{\n			$sql .= " and status = ".$status;	\n		}\n		$sql .= " group by job_date order by job_date asc";\n		$shifts = $this->db->query($sql)->result();\n		return $shifts;\n		\n	}\n}', '2014-02-28 05:18:31', '0000-00-00 00:00:00'),
(152, 50, '', '', '', '', '', '[{"attr_name":"Controller:","attr_desc":"  Product\\n "},{"attr_name":"author:","attr_desc":"  namnd86@gmail.com\\n "}]', '', '2014-02-28 05:18:31', '0000-00-00 00:00:00'),
(153, 51, '', '', '', '', '', '[{"attr_name":"Controller:","attr_desc":"  Product\\n "},{"attr_name":"author:","attr_desc":"  namnd86@gmail.com\\n "}]', '', '2014-02-28 05:18:31', '0000-00-00 00:00:00'),
(154, 53, '', '', '', '', '', '[{"attr_name":"Controller:","attr_desc":"  Product\\n "},{"attr_name":"author:","attr_desc":"  namnd86@gmail.com\\n "}]', '', '2014-02-28 05:18:31', '0000-00-00 00:00:00'),
(155, 55, '', '', '', '', '', '[{"attr_name":"Controller:","attr_desc":"  Ajax\\n "},{"attr_name":"author:","attr_desc":"  namnd86@gmail.com\\n "}]', '', '2014-02-28 05:18:31', '0000-00-00 00:00:00'),
(156, 55, 'list_staffs', 'public', 'ajax function to get the list of staff with batched timesheets', '', '(void)', '[{"attr_name":"return:","attr_desc":"\\t (html) main layout of list pay runs \\n\\t"}]', 'function list_staffs() {\n		$data[''staffs''] = $this->payrun_model->get_staffs();\n		$this->load->view(''source/staffs_list_view'', isset($data) ? $data : NULL);\n	}', '2014-02-28 05:18:31', '0000-00-00 00:00:00'),
(157, 55, 'get_payrun_stats', 'public', 'ajax function to get the stats of pay run', '', '(void)', '[{"attr_name":"return:","attr_desc":"\\t (html) view of pay run stats\\n\\t"}]', 'function get_payrun_stats() {\n		$this->load->view(''stats'', isset($data) ? $data : NULL);\n	}', '2014-02-28 05:18:31', '0000-00-00 00:00:00'),
(158, 55, 'set_filter', 'public', 'ajax function to set filter for list pay runs and save to sessions', '', '(via POST)', '[{"attr_name":"-","attr_desc":"\\t\\t name\\n\\t"},{"attr_name":"-","attr_desc":"\\t\\t value\\n\\t"},{"attr_name":"return:","attr_desc":"\\t (void)\\n\\t"}]', 'function set_filter() {\n		$this->session->set_userdata(''prf_'' . $this->input->post(''name''), $this->input->post(''value''));\n	}', '2014-02-28 05:18:31', '0000-00-00 00:00:00'),
(159, 55, 'row_timesheets_staff', 'public', 'ajax function to display the row (tr) content of batched staff', '', '(via POST)', '[{"attr_name":"-","attr_desc":"\\t\\t (int) user_id\\n\\t"},{"attr_name":"-","attr_desc":"\\t\\t (boolean) expanded\\n\\t"},{"attr_name":"return:","attr_desc":"\\t (html) the row (tr) of batched staff\\n\\t"}]', 'function row_timesheets_staff() {\n		echo modules::run(''payrun/row_batched_staff'', $this->input->post(''user_id''), $this->input->post(''expanded''));\n	}', '2014-02-28 05:18:31', '0000-00-00 00:00:00'),
(160, 55, 'row_timesheet', 'public', 'ajax function to display the row (tr) content of single timesheet', '', '(via POST)', '[{"attr_name":"-","attr_desc":"\\t\\t (int) timesheet_id\\n\\t"},{"attr_name":"-","attr_desc":"\\t\\t (int) user_id\\n\\t"},{"attr_name":"return:","attr_desc":"\\t (html) the row (tr) of single timesheet\\n\\t"}]', 'function row_timesheets_staff() {\n		echo modules::run(''payrun/row_batched_staff'', $this->input->post(''user_id''), $this->input->post(''expanded''));\n	}', '2014-02-28 05:18:31', '0000-00-00 00:00:00'),
(161, 56, '', '', '', '', '', '[{"attr_name":"Controller:","attr_desc":"  Payrun\\n "},{"attr_name":"author:","attr_desc":"  namnd86@gmail.com\\n "}]', '', '2014-02-28 05:18:31', '0000-00-00 00:00:00'),
(162, 56, 'main_view', 'public', 'load the main layout of the payrun page', '', '(void)', '[{"attr_name":"return:","attr_desc":"\\t (void) load main layout of the payrun page\\n\\t"}]', 'function main_view() {\n		$this->load->view(''main_view'', isset($data) ? $data : NULL);\n	}', '2014-02-28 05:18:31', '0000-00-00 00:00:00'),
(163, 56, 'row_batched_staff', 'public', 'load the row (tr) of batched timesheets of a specified staff', '', '(int) $user_id', '[{"attr_name":"(boolean)","attr_desc":"\\t\\t\\t $expanded (default: false)\\n\\t"},{"attr_name":"return:","attr_desc":"\\t (html) row (tr) content of batched timesheets of a specified staff\\n\\t"}]', 'function row_batched_staff($user_id, $expanded = false) {\n		$timesheets = $this->payrun_model->get_staff_timesheets($user_id);\n		$data[''staff_timesheets''] = $timesheets;\n		$data[''staff''] = $this->staff_model->get_staff($user_id);\n		$data[''expanded''] = $expanded;\n		$checked = false;\n		$payrun_timesheets = $this->session->userdata(''payrun_timesheets'');\n		if (is_array($payrun_timesheets)) {\n			foreach($timesheets as $timesheet) {\n				if (in_array($timesheet[''timesheet_id''], $payrun_timesheets)) {\n					$checked = true;\n				}\n			}\n		}	\n		\n		$data[''checked''] = $checked;\n		return $this->load->view(''batched_staff_row'', isset($data) ? $data : NULL, true);\n	}', '2014-02-28 05:18:31', '0000-00-00 00:00:00'),
(164, 56, 'row_timesheet', 'public', 'load the row (tr) of single timesheet', '', '(int) $timesheet_id', '[{"attr_name":"(int)","attr_desc":"\\t\\t\\t $user_id\\n\\t"},{"attr_name":"return:","attr_desc":"\\t (html) row (tr) content of single timesheet\\n\\t"}]', 'function row_timesheet($timesheet_id, $user_id) {\n		$data[''timesheet''] = $this->payrun_model->get_timesheet($timesheet_id);\n		$data[''user_id''] = $user_id;\n		$payrun_timesheets = $this->session->userdata(''payrun_timesheets'');\n		$checked = false;\n		if (is_array($payrun_timesheets)) {\n			if (in_array($timesheet_id, $payrun_timesheets)) {\n				$checked = true;\n			}\n		}\n		$data[''checked''] = $checked;\n		$this->load->view(''timesheet_row'', isset($data) ? $data : NULL);\n	}', '2014-02-28 05:18:31', '0000-00-00 00:00:00'),
(165, 56, 'row_timesheets_staff', 'public', 'load the rows (tr) of all timesheets of a specified staff', '', '(int) $user_id', '[{"attr_name":"return:","attr_desc":"\\t (html) rows (tr) of all timesheets of a specified staff \\n\\t"}]', 'function row_timesheets_staff($user_id) \n	{\n		$timesheets = $this->payrun_model->get_staff_timesheets($user_id);\n		foreach($timesheets as $timesheet) {\n			$this->row_timesheet($timesheet[''timesheet_id''], $user_id);\n		}\n	}', '2014-02-28 05:18:31', '0000-00-00 00:00:00'),
(166, 56, 'menu_dropdown', 'public', 'generate the dropdown menu of pay run', '', '(string) $id', '[{"attr_name":"(string)","attr_desc":"\\t\\t\\t $label\\n\\t"},{"attr_name":"return:","attr_desc":"\\t (html) dropdown menu of pay run filter\\n\\t"}]', 'function menu_dropdown($id, $label) {\n		$data = array(\n			array(''value'' => '''', ''label'' => ''Any''),\n			array(''value'' => PAYRUN_READY, ''label'' => ''Yes'')\n		);\n		return modules::run(''common/menu_dropdown'', $data, $id, $label);\n	}', '2014-02-28 05:18:31', '0000-00-00 00:00:00'),
(167, 56, 'menu_dropdown_actions', 'public', 'generate the dropdown menu of actions', '', '(string) $id', '[{"attr_name":"(string)","attr_desc":"\\t\\t\\t $label\\n\\t"},{"attr_name":"return:","attr_desc":"\\t (html) dropdown menu of actions\\n\\t"}]', 'function menu_dropdown_actions($id, $label) {\n		$data = array(\n			array(''value'' => ''process'', ''label'' => ''Set Yes for Pay Run''),\n			array(''value'' => ''unprocess'', ''label'' => ''Set No for Pay Run''),\n			array(''value'' => ''archive'', ''label'' => ''Set as Paid & Archive''),\n			array(''value'' => ''revert'', ''label'' => ''Revert Selected'')\n		);\n		return modules::run(''common/menu_dropdown'', $data, $id, $label);\n	}', '2014-02-28 05:18:31', '0000-00-00 00:00:00'),
(168, 57, 'count_staff', 'public', 'count the number of staffs ready for pay run', '', '(int) $tfn (1: TFN, 2: ABN)', '[{"attr_name":"return:","attr_desc":"\\t (int) number of staffs\\n\\t"}]', 'function count_staff($tfn=0) {\n		$sql = "SELECT u.* FROM `job_shift_timesheets` j\n					LEFT JOIN `user_staffs` u ON j.staff_id = u.user_id\n					WHERE j.status = " . TIMESHEET_BATCHED . " \n					AND j.status_payrun_staff = " . PAYRUN_READY . " \n					AND u.f_employed = " . $tfn . " GROUP BY j.staff_id";\n		$query = $this->db->query($sql);\n		return $query->num_rows();\n	}', '2014-02-28 05:18:31', '0000-00-00 00:00:00'),
(169, 57, 'get_total_amount', 'public', 'get total amount ready for staff pay run', '', '(int) $tfn (1: TFN, 2: ABN)', '[{"attr_name":"return:","attr_desc":"\\t (decimal) total amount to pay\\n\\t"}]', 'function get_total_amount($tfn=0) {\n		$sql = "SELECT sum(j.total_amount_staff) as `total` FROM `job_shift_timesheets` j\n					LEFT JOIN `user_staffs` u ON j.staff_id = u.user_id\n					WHERE j.status = " . TIMESHEET_BATCHED . " \n					AND j.status_payrun_staff = " . PAYRUN_READY . " \n					AND u.f_employed = " . $tfn;\n		$query = $this->db->query($sql);\n		$result = $query->first_row(''array'');\n		if ($result && isset($result[''total''])) {\n			return $result[''total''];\n		}\n		return 0;\n	}', '2014-02-28 05:18:31', '0000-00-00 00:00:00'),
(170, 57, 'get_staffs', 'public', 'get all staffs have timesheets need to be paid', '', '(void)', '[{"attr_name":"return:","attr_desc":"\\t (array) of staff object\\n\\t"}]', 'function get_staffs() {\n		$sql = "SELECT u.* FROM `job_shift_timesheets` j\n					LEFT JOIN `users` u ON j.staff_id = u.user_id\n					LEFT JOIN `user_staffs` s ON j.staff_id = s.user_id\n					WHERE j.status = " . TIMESHEET_BATCHED;\n		\n		$prf_state = $this->session->userdata(''prf_state'');\n		if ($prf_state) {\n			$sql .= " AND u.state = ''" . $prf_state . "''";\n		}\n		$prf_tfn = $this->session->userdata(''prf_tfn'');\n		if ($prf_tfn != "") {\n			$sql .= " AND s.f_employed = ''" . $prf_tfn . "''";\n		}\n		$prf_status = $this->session->userdata(''prf_status'');\n		if ($prf_status != "") {\n			$sql .= " AND j.status_payrun_staff = ''" . $prf_status . "''";\n		}\n			\n		$sql .= " GROUP BY j.staff_id";\n		$query = $this->db->query($sql);\n		return $query->result_array();\n	}', '2014-02-28 05:18:31', '0000-00-00 00:00:00'),
(171, 57, 'get_timesheet', 'public', 'get batched timesheet', '', '(int) $timesheet_id', '[{"attr_name":"return:","attr_desc":"\\t (obj) timesheet object\\n\\t"}]', 'function get_timesheet($timesheet_id) {\n		$this->db->where(''timesheet_id'', $timesheet_id);\n		$this->db->where(''status'', TIMESHEET_BATCHED);\n		$query = $this->db->get(''job_shift_timesheets'');\n		return $query->first_row(''array'');\n	}', '2014-02-28 05:18:31', '0000-00-00 00:00:00'),
(172, 57, 'get_staff_timesheets', 'public', 'get all timesheets by a staff', '', '(int) $user_id', '[{"attr_name":"return:","attr_desc":"\\t (array) of timesheet objects\\n\\t"}]', 'function get_staff_timesheets($user_id)\n	{\n		$this->db->where(''staff_id'', $user_id);\n		$this->db->where(''status'', TIMESHEET_BATCHED);\n		\n		$prf_status = $this->session->userdata(''prf_status'');\n		if ($prf_status != "") {\n			$this->db->where(''status_payrun_staff'', $prf_status);\n		}\n		\n		$query = $this->db->get(''job_shift_timesheets'');\n		return $query->result_array();\n	}', '2014-02-28 05:18:31', '0000-00-00 00:00:00'),
(173, 57, 'process_staff_payruns', 'public', 'set all timesheets of a staff to be ready for pay run', '', '(int) $staff_id', '[{"attr_name":"return:","attr_desc":"\\t (boolean)\\n\\t"}]', 'function process_staff_payruns($staff_id) \n	{\n		$this->db->where(''staff_id'', $staff_id);\n		return $this->db->update(''job_shift_timesheets'', array(''status_payrun_staff'' => PAYRUN_READY));\n	}', '2014-02-28 05:18:31', '0000-00-00 00:00:00'),
(174, 57, 'process_payrun', 'public', 'set a timesheet to be ready for pay run', '', '(int) $timesheet_id', '[{"attr_name":"return:","attr_desc":"\\t (boolean)\\n\\t"}]', 'function process_payrun($timesheet_id)\n	{\n		$this->db->where(''timesheet_id'', $timesheet_id);\n		return $this->db->update(''job_shift_timesheets'', array(''status_payrun_staff'' => PAYRUN_READY));\n	}', '2014-02-28 05:18:31', '0000-00-00 00:00:00'),
(175, 57, 'unprocess_staff_payruns', 'public', 'set all timesheets of a staff to not be ready for pay run', '', '(int) $staff_id', '[{"attr_name":"return:","attr_desc":"\\t (boolean)\\n\\t"}]', 'function unprocess_staff_payruns($staff_id)\n	{\n		$this->db->where(''staff_id'', $staff_id);\n		return $this->db->update(''job_shift_timesheets'', array(''status_payrun_staff'' => PAYRUN_PENDING));\n	}', '2014-02-28 05:18:31', '0000-00-00 00:00:00'),
(176, 57, 'unprocess_payrun', 'public', 'set a timesheet to not be ready for pay run', '', '(int) $timesheet_id', '[{"attr_name":"return:","attr_desc":"\\t (boolean)\\n\\t"}]', 'function unprocess_payrun($timesheet_id)\n	{\n		$this->db->where(''timesheet_id'', $timesheet_id);\n		return $this->db->update(''job_shift_timesheets'', array(''status_payrun_staff'' => PAYRUN_PENDING));\n	}', '2014-02-28 05:18:31', '0000-00-00 00:00:00'),
(177, 57, 'revert_staff_payruns', 'public', 'revert all timesheets of a staff to previous status (not batched)', '', '(int) $staff_id', '[{"attr_name":"return:","attr_desc":"\\t (boolean)\\n\\t"}]', 'function revert_staff_payruns($staff_id)\n	{\n		$this->db->where(''staff_id'', $staff_id);\n		return $this->db->update(''job_shift_timesheets'', array(''status'' => TIMESHEET_APPROVED));\n	}', '2014-02-28 05:18:31', '0000-00-00 00:00:00'),
(178, 57, 'revert_payrun', 'public', 'revert a timesheet to previous status (not batched)', '', '(int) $timesheet_id', '[{"attr_name":"return:","attr_desc":"\\t (boolean)\\n\\t"}]', 'function revert_payrun($timesheet_id)\n	{\n		$this->db->where(''timesheet_id'', $timesheet_id);\n		return $this->db->update(''job_shift_timesheets'', array(''status'' => TIMESHEET_APPROVED));\n	}\n}', '2014-02-28 05:18:31', '0000-00-00 00:00:00'),
(179, 58, '', '', '', '', '', '[{"attr_name":"Controller:","attr_desc":"  Product\\n "},{"attr_name":"author:","attr_desc":"  namnd86@gmail.com\\n "}]', '', '2014-02-28 05:18:31', '0000-00-00 00:00:00'),
(180, 59, '', '', '', '', '', '[{"attr_name":"Controller:","attr_desc":"  Product\\n "},{"attr_name":"author:","attr_desc":"  namnd86@gmail.com\\n "}]', '', '2014-02-28 05:18:31', '0000-00-00 00:00:00'),
(181, 60, '', '', '', '', '', '[{"attr_name":"Controller:","attr_desc":"  Product\\n "},{"attr_name":"author:","attr_desc":"  namnd86@gmail.com\\n "}]', '', '2014-02-28 05:18:31', '0000-00-00 00:00:00'),
(182, 63, '', '', '', '', '', '[{"attr_name":"Controller:","attr_desc":"  Product\\n "},{"attr_name":"author:","attr_desc":"  namnd86@gmail.com\\n "}]', '', '2014-02-28 05:18:31', '0000-00-00 00:00:00'),
(183, 64, '', '', '', '', '', '[{"attr_name":"Controller:","attr_desc":"  Profile\\n "},{"attr_name":"author:","attr_desc":"  namnd86@gmail.com\\n "}]', '', '2014-02-28 05:18:31', '0000-00-00 00:00:00'),
(184, 66, '', '', '', '', '', '[{"attr_name":"Controller:","attr_desc":"  Product\\n "},{"attr_name":"author:","attr_desc":"  namnd86@gmail.com\\n "}]', '', '2014-02-28 05:18:31', '0000-00-00 00:00:00'),
(185, 68, '', '', '', '', '', '[{"attr_name":"Controller:","attr_desc":"  Resource\\n "},{"attr_name":"author:","attr_desc":"  namnd86@gmail.com\\n "}]', '', '2014-02-28 05:18:31', '0000-00-00 00:00:00');
INSERT INTO `modules_functions` (`id`, `modules_mvc_id`, `name`, `access`, `description`, `comment`, `params`, `attributes`, `code`, `created`, `modified`) VALUES
(186, 70, '', '', '', '', '', '[{"attr_name":"Controller:","attr_desc":"  Dashboard_staff\\n "},{"attr_name":"author:","attr_desc":"  namnd86@gmail.com\\n "}]', '', '2014-02-28 05:18:31', '0000-00-00 00:00:00'),
(187, 73, 'update_company', 'public', 'abstract function to call element of company profile', '', '(string) $tab', '[{"attr_name":"return:","attr_desc":"\\t (view) of different update form depends on selected tab\\n\\t"}]', 'function update_company($tab)\n	{\n		$data[''company''] = $this->setting_model->get_profile();				\n		$this->load->view(''edit_'' . $tab, isset($data) ? $data : NULL);\n	}', '2014-02-28 05:18:31', '0000-00-00 00:00:00'),
(188, 73, 'update_company_profile', 'public', 'abstract function to update company profile. When no company profile data, it will create otherwise it will update the data', '', 'POST', '', 'function update_company_profile()\n	{\n		$data = $this->input->post();\n		$company_data = array(\n			''company_name'' => $data[''company_name''],\n			''address'' => $data[''address''],\n			''suburb'' => $data[''suburb''],\n			''postcode'' => $data[''postcode''],\n			''state'' => $data[''state''],\n			''country'' => $data[''country''],			\n			''email'' => $data[''email''],			\n			''telephone'' => $data[''telephone''],\n			''fax'' => $data[''fax''],\n			''website_account'' => $data[''website_account''],\n			''abn_acn'' => $data[''abn_acn''],\n			''bank_account_name'' => $data[''bank_account_name''],\n			''bank_account_no'' => $data[''bank_account_no''],\n			''bank_bsb'' => $data[''bank_bsb''],\n			''super_fund_name'' => $data[''super_fund_name''],\n			''super_product_id'' => $data[''super_product_id''],\n			''super_fund_phone'' => $data[''super_fund_phone''],\n			''super_fund_website'' => $data[''super_fund_website''],\n			''email_c_name'' => $data[''company_name''],\n			''email_c_address'' => $data[''address''],\n			''email_c_suburb'' => $data[''suburb''],\n			''email_c_postcode'' => $data[''postcode''],\n			''email_c_state'' => $data[''state''],\n			''email_c_country'' => $data[''country''],			\n			''email_c_email'' => $data[''email''],			\n			''email_c_telephone'' => $data[''telephone''],\n			''email_c_fax'' => $data[''fax''],\n			''email_c_website'' => $data[''website_account''],\n		);\n		if($data[''company_id'']==0){			\n			$this->setting_model->create_company_profile($company_data);		\n		}\n		else\n		{\n			$this->setting_model->update_profile($data[''company_id''], $company_data);		\n		}\n	}', '2014-02-28 05:18:31', '0000-00-00 00:00:00'),
(189, 73, 'update_company_signature', 'public', 'abstract function to update company profile. When no company profile data, it will create otherwise it will update the data', '', 'POST', '', 'function update_company_signature()\n	{\n		$data = $this->input->post();\n		$company_data = array(			\n			''email_c_name'' => $data[''email_c_name''],\n			''email_c_address'' => $data[''email_c_address''],\n			''email_c_suburb'' => $data[''email_c_suburb''],\n			''email_c_postcode'' => $data[''email_c_postcode''],\n			''email_c_state'' => $data[''email_c_state''],\n			''email_c_country'' => $data[''email_c_country''],			\n			''email_c_email'' => $data[''email_c_email''],			\n			''email_c_telephone'' => $data[''email_c_telephone''],\n			''email_c_fax'' => $data[''email_c_fax''],\n			''email_c_website'' => $data[''email_c_website''],\n			''email_s_facebook'' => $data[''email_s_facebook''],\n			''email_s_twitter'' => $data[''email_s_twitter''],\n			''email_s_linkedin'' => $data[''email_s_linkedin''],\n			''email_s_google'' => $data[''email_s_google''],\n			''email_s_youtube'' => $data[''email_s_youtube''],\n			''email_s_instagram'' => $data[''email_s_instagram''],	\n			''email_background_colour'' => $data[''email_background_colour''],			\n			''email_font_colour'' => $data[''email_font_colour''],\n			''email_common_text'' => $data[''email_common_text'']			\n		);\n		if($data[''company_id'']==0){			\n			$this->setting_model->create_company_profile($company_data);		\n		}\n		else\n		{\n			$this->setting_model->update_profile($data[''company_id''], $company_data);		\n		}\n	}', '2014-02-28 05:18:31', '0000-00-00 00:00:00'),
(190, 73, 'upload_logo', 'public', 'Upload logo of the company. the image will be resized with ratio 150:150 stored on thumbnail folder. There is no thumbnail needed for upload logo', '', '(via POST) (int) company_id', '', 'function upload_logo()\n	{\n		\n		$company_id = $this->input->post(''company_id'');\n		\n		if($company_id==0){$comp_id=1;}else{$comp_id=$company_id;}\n		$path = "./uploads/company";\n		$dir = $path;\n		if(!is_dir($dir))\n		{\n		  mkdir($dir);\n		  chmod($dir,0777);\n		  $fp = fopen($dir.''/index.html'', ''w'');\n		  fwrite($fp, ''<html><head>Permission Denied</head><body><h3>Permission denied</h3></body></html>'');\n		  fclose($fp);\n		}\n		\n		$path = "./uploads/company/logo";\n		$dir = $path;\n		if(!is_dir($dir))\n		{\n		  mkdir($dir);\n		  chmod($dir,0777);\n		  $fp = fopen($dir.''/index.html'', ''w'');\n		  fwrite($fp, ''<html><head>Permission Denied</head><body><h3>Permission denied</h3></body></html>'');\n		  fclose($fp);\n		}\n		$path = "./uploads/company/logo";\n		$newfolder = md5($comp_id);\n		$dir = $path."/".$newfolder;\n		if(!is_dir($dir))\n		{\n		  mkdir($dir);\n		  chmod($dir,0777);\n		  $fp = fopen($dir.''/index.html'', ''w'');\n		  fwrite($fp, ''<html><head>Permission Denied</head><body><h3>Permission denied</h3></body></html>'');\n		  fclose($fp);\n		}		\n		$config[''upload_path''] = $dir;\n		$config[''allowed_types''] = ''gif|jpg|png'';\n		$config[''max_size'']	= ''4096''; // 4 MB\n		$config[''max_width'']  = ''2000'';\n		$config[''max_height'']  = ''2000'';\n		$config[''overwrite''] = FALSE;\n		$config[''remove_space''] = TRUE;\n	\n		$this->load->library(''upload'', $config);\n		\n				\n		\n		if ( ! $this->upload->do_upload())\n		{\n			$this->session->set_flashdata(''error_addphoto'',$this->upload->display_errors());			\n		}	\n		else\n		{\n			$data = array(''upload_data'' => $this->upload->data());\n			$file_name = $data[''upload_data''][''file_name''];\n			$width = $data[''upload_data''][''image_width''];\n			$height = $data[''upload_data''][''image_height''];\n			$photo = array(				\n				''company_logo'' => $file_name,\n				''modified'' => date(''Y-m-d H:i:s''),				\n			);\n			if($company_id==0){			\n				$company_id = $this->setting_model->create_company_profile($photo);		\n			}\n			else\n			{\n				$this->setting_model->update_profile($company_id, $photo);		\n			}\n			\n			\n			$dirs=$dir.''/thumbnail'';\n			if(!is_dir($dirs))\n			{\n			  mkdir($dirs);\n			  chmod($dirs,0777);\n			  $fp = fopen($dirs.''/index.html'', ''w'');\n			  fwrite($fp, ''<html><head>Permission Denied</head><body><h3>Permission denied</h3></body></html>'');\n			  fclose($fp);\n			}						\n			copy($dir.''/''.$file_name, $dirs."/".$file_name);\n			$target = $dirs."/".$file_name;\n			$this->imageResizer($target,$target,150,150);	\n			\n			\n		}\n	}', '2014-02-28 05:18:31', '0000-00-00 00:00:00'),
(191, 73, 'imageResizer', 'public', 'Resize Image from uploaded logo. this will resize based on ratio parameter which is in this case 150:150', '', 'image, url target, width and height ratio image', '', 'function imageResizer($image_u,$target, $width, $height) {        \n        list($width_orig, $height_orig) = getimagesize($image_u);\n		$myImage = imagecreatefromjpeg($image_u);\n        $ratio_orig = $width_orig/$height_orig;\n\n        if ($width/$height > $ratio_orig) {\n          $width = $height*$ratio_orig;\n        } else {\n          $height = $width/$ratio_orig;\n        }\n\n        // This resamples the image\n        $image_p = imagecreatetruecolor($width, $height);\n        $image = imagecreatefromjpeg($image_u);\n        imagecopyresampled($image_p, $image, 0, 0, 0, 0, $width, $height, $width_orig, $height_orig);\n\n        // Output the image\n        imagejpeg($image_p, $target, 100);\n    }', '2014-02-28 05:18:31', '0000-00-00 00:00:00'),
(192, 73, 'load_picture', 'public', 'show the company logo picture', '', '(via POST) (int) company_id', '', 'function load_picture($company_id)\n	{\n		$company_id = $this->input->post(''company_id'',true);\n		$data[''company''] = $this->setting_model->get_profile();				\n		\n		$this->load->view(''setting/list_photo'', isset($data) ? $data : NULL);\n	}', '2014-02-28 05:18:31', '0000-00-00 00:00:00'),
(193, 73, 'delete_logo', 'public', 'Delete the currently logo and will be replaced with the default logo staff master', '', '(via POST) (int) company_id', '', 'function delete_logo($company_id)\n	{\n		$company_id = $this->input->post(''company_id'');\n		$photo = array(				\n				''company_logo'' => '''',\n				''modified'' => date(''Y-m-d H:i:s''),				\n		);\n		if($company_id!=0){	$this->setting_model->update_profile($company_id, $photo);}\n	}', '2014-02-28 05:18:31', '0000-00-00 00:00:00'),
(194, 73, 'get_template_footer', 'public', 'Get Email Footer Template', '', '(via POST) Background color and Font color', '', 'function get_template_footer()\n	{\n		$company = $this->setting_model->get_profile();\n		if($_POST){\n			$color = $this->input->post(''color'');\n			$font_color = $this->input->post(''font_color'');\n		}\n		else\n		{\n			$color = $company[''email_background_colour''];\n			$font_color = $company[''email_font_colour''];\n		}\n		\n		\n		$data[''color''] = $color;\n		$data[''font_color''] = $font_color;\n		$data[''company''] = $company;\n		$this->load->view(''setting/email_footer_template'', isset($data) ? $data : NULL);	\n	}', '2014-02-28 05:18:31', '0000-00-00 00:00:00'),
(195, 73, 'send_email_template', 'public', 'Function to send email the templaete email', '', '', '', 'function send_email_template()\n	{\n		\n		$config = Array(\n			''protocol'' => ''smtp'',\n			''smtp_host'' => ''ssl://smtp.googlemail.com'',\n			''smtp_port'' => 465,\n			''smtp_user'' => ''propagate.au@gmail.com'', // change it to yours\n			''smtp_pass'' => ''morem0n3y'', // change it to yours\n			''mailtype'' => ''html'',\n			''charset'' => ''iso-8859-1'',\n			''wordwrap'' => TRUE\n		);\n		\n		$message = ''Test message'';		\n		$message_footer = modules::run(''setting/ajax/get_template_footer'');\n		$message=$message.$message_footer;\n		$this->load->library(''email'', $config);\n		$this->email->set_newline("\\r\\n");\n		$this->email->from(''propagate.au@gmail.com''); // change it to yours\n		$this->email->to(''rseptiane@gmail.com'');// change it to yours\n		$this->email->subject(''Testing Email from localhost'');\n		$this->email->message($message);\n		if($this->email->send())\n		{\n		echo ''Email sent.'';\n		}\n		else\n		{\n			show_error($this->email->print_debugger());\n		}\n		\n	}\n	\n	\n	\n}', '2014-02-28 05:18:31', '0000-00-00 00:00:00'),
(196, 74, '', '', '', '', '', '[{"attr_name":"Controller:","attr_desc":"  Setting\\n "}]', '', '2014-02-28 05:18:31', '0000-00-00 00:00:00'),
(197, 74, 'company', 'public', 'function to call the view of one of company profile', '', '', '[{"attr_name":"return:","attr_desc":"\\t view based on tab\\n\\t"}]', 'function company()\n	{\n		$company = $this->setting_model->get_profile();		\n		$data[''states''] = $this->user_model->get_states();\n		$data[''company''] = $company;\n		$this->load->view(''company_profile'', isset($data) ? $data : NULL);\n	}', '2014-02-28 05:18:31', '0000-00-00 00:00:00'),
(198, 74, 'update_profile', 'public', 'function to update company profile', '', '', '[{"attr_name":"return:","attr_desc":"\\t view based on tab\\n\\t"}]', 'function update_profile()\n	{\n		$company = $this->setting_model->get_profile();\n		$company_email = $this->setting_model->get_profile_email_template();\n		if ($this->input->post())\n		{\n			$data = $this->input->post();\n			$this->setting_model->update_profile(1, array(\n				''company_name'' => $data[''company_name''],\n				''company_address'' => $data[''company_address''], \n				''company_suburb'' => $data[''company_suburb''],\n				''company_postcode'' => $data[''company_postcode''],\n				''company_state'' => $data[''company_state''],\n				''company_country'' => $data[''company_country''],\n				''company_email'' => $data[''company_email''],\n				''company_website'' => $data[''company_website''],\n				''company_phone'' => $data[''company_phone''],\n				''company_fax'' => $data[''company_fax''],\n				''company_abn'' => $data[''company_abn''],\n				''company_account_name'' => $data[''company_account_name''],\n				''company_account_no'' => $data[''company_account_no''],\n				''company_bsb'' => $data[''company_bsb''],\n				''super_name'' => $data[''super_name''],\n				''super_product_id'' => $data[''super_product_id''],\n				''super_fund_phone'' => $data[''super_fund_phone''],\n				''super_fund_website'' => $data[''super_fund_website''],\n			));\n		}\n		$data[''states''] = $this->user_model->get_states();\n		$data[''company''] = $company;		\n		$this->load->view(''company_profile'', isset($data) ? $data : NULL);\n	}', '2014-02-28 05:18:31', '0000-00-00 00:00:00'),
(199, 74, 'create_pdf', 'public', 'function to create pdf for invoice - templating stage', '', '', '[{"attr_name":"return:","attr_desc":"\\t .pdf \\n\\t"}]', 'function create_pdf()\n	{\n		//http://davidsimpson.me/2013/05/19/using-mpdf-with-codeigniter/\n		// As PDF creation takes a bit of memory, we''re saving the created file in /uploads/pdf/\n		$filename="invoice1";\n		$pdfFilePath = "./uploads/pdf/$filename.pdf";\n		\n		$data[''page_title''] = ''Hello world''; // pass data to the view\n		 \n		if (file_exists($pdfFilePath) == FALSE)\n		{\n			ini_set(''memory_limit'',''32M''); // boost the memory limit if it''s low \n			$html = $this->load->view(''pdf_report'', $data, true); // render the view into HTML					\n			$this->load->library(''pdf'');\n			$pdf = $this->pdf->load(); 			\n			$stylesheet = file_get_contents(''./assets/css/pdf.css'');\n			$pdf->WriteHTML($stylesheet,1);\n			$pdf->WriteHTML($html,2);\n			$pdf->Output($pdfFilePath, ''F''); // save to file \n		}\n		 \n		redirect("./uploads/pdf/$filename.pdf"); \n	}\n	\n}', '2014-02-28 05:18:31', '0000-00-00 00:00:00'),
(200, 76, '', '', '', '', '', '[{"attr_name":"Controller:","attr_desc":"  Ajax\\n "},{"attr_name":"author:","attr_desc":"  namnd86@gmail.com\\n "}]', '', '2014-02-28 05:18:32', '0000-00-00 00:00:00'),
(201, 76, 'update_staff', 'public', 'abstract function to update staff profile', '', '(int) $user_id, (string) $tab', '[{"attr_name":"return:","attr_desc":"\\t (view) of different update form depends on selected tab\\n\\t"}]', 'function update_staff($user_id, $tab)\n	{\n		$data[''staff''] = $this->staff_model->get_staff($user_id);		\n		$this->load->view(''edit_'' . $tab, isset($data) ? $data : NULL);\n	}', '2014-02-28 05:18:32', '0000-00-00 00:00:00'),
(202, 76, 'get_staffs_roles', 'public', 'Displayes all the available roles in the system and the roles that has been asigned to the staff.', '', 'Post data - sort parameter and user id (staff id)', '[{"attr_name":"return","attr_desc":"\\t Lists all roles with roles that has been assigned to staffs checked\\n\\t"}]', 'function get_staffs_roles()\n	{\n		$params = $this->input->post(''params'',true);\n		$data[''roles''] = $this->role_model->get_roles($params);\n		$data[''params''] = $params;\n		$this->load->view(''ajax_list_roles_staff_profile'', isset($data) ? $data : NULL);\n	}', '2014-02-28 05:18:32', '0000-00-00 00:00:00'),
(203, 76, 'update_roles', 'public', 'ajax function to add or delete roles', '', '(via POST)', '[{"attr_name":"-","attr_desc":"\\t\\t\\t (int) user_id\\n\\t"},{"attr_name":"-","attr_desc":"\\t\\t\\t (int) role_id\\n\\t"}]', 'function update_roles()\n	{\n		$user_id = $this->input->post(''staff_id'');\n		$role_id = $this->input->post(''role_id'');\n		if($this->staff_model->update_staff_role($user_id,$role_id)){\n			echo ''success'';	\n		}\n	}', '2014-02-28 05:18:32', '0000-00-00 00:00:00'),
(204, 76, 'add_location', 'public', 'ajax function to add location of staff', '', '(via POST)', '[{"attr_name":"-","attr_desc":"\\t\\t\\t (int) location_parent_id\\n\\t"},{"attr_name":"-","attr_desc":"\\t\\t\\t (int) location_id\\n\\t"},{"attr_name":"-","attr_desc":"\\t\\t\\t (int) user_id\\n\\t"},{"attr_name":"return:","attr_desc":"\\t json encode array {ok: (true\\/false)}\\n\\t"}]', 'function add_location() {		\n		$parent_id = $this->input->post(''location_parent_id'');\n		if (!$parent_id) {\n			echo json_encode(array(''ok'' => false));\n			return;\n		}\n		$location_id = $this->input->post(''location_id'');\n		\n		$data = array();\n		$location = array();		\n		\n		if (!$location_id) { # Select all locations within location_parent_id\n			$all = modules::run(''attribute/location/get_locations'', $parent_id);\n			foreach($all as $a) {\n				$location[] = $a[''location_id''];\n			}\n		}\n		else\n		{\n			$location[] = $location_id;\n		}\n		$data[$parent_id] = $location;\n		\n		\n		# Now merging with current locations data\n		$staff = $this->staff_model->get_staff($this->input->post(''user_id''));\n		$locations = json_decode($staff[''locations'']);\n		\n		if (count($locations) > 0) foreach($locations as $o_parent_id => $o_childrens)\n		{\n			if ($o_parent_id != $parent_id) # Adding old parent locations\n			{\n				$data[$o_parent_id] = $o_childrens;\n			}\n			else\n			{\n				if (!$location_id)\n				{\n					$data[$parent_id] = $location;\n				}\n				else if (!in_array($location_id, $o_childrens))\n				{\n					$data[$parent_id] = array_merge($o_childrens, $location);\n				}\n				else\n				{\n					$data[$parent_id] = $o_childrens;\n				}\n			}\n		}\n		\n		$this->staff_model->update_staff($staff[''user_id''], array(''locations'' => json_encode($data)));\n		echo json_encode(array(''ok'' => true));\n	}', '2014-02-28 05:18:32', '0000-00-00 00:00:00'),
(205, 76, 'remove_location', 'public', 'ajax function to remove location of staff', '', '(via POST)', '[{"attr_name":"-","attr_desc":"\\t\\t\\t (int) parent_id\\n\\t"},{"attr_name":"-","attr_desc":"\\t\\t\\t (int) location_id\\n\\t"},{"attr_name":"-","attr_desc":"\\t\\t\\t (int) user_id\\n\\t"},{"attr_name":"return:","attr_desc":"\\t (void)\\n\\t"}]', 'function remove_location() {\n		var_dump($this->input->post());\n		$staff = $this->staff_model->get_staff($this->input->post(''user_id''));\n		$parent_id = $this->input->post(''parent_id'');\n		$location_id = $this->input->post(''location_id'');\n		$locations = json_decode($staff[''locations'']);\n		\n		$data = array();\n		if (!$location_id)\n		{\n			foreach($locations as $o_parent_id => $childrens)\n			{\n				if ($o_parent_id != $parent_id)\n				{\n					$data[$o_parent_id] = $childrens;\n				}\n			}\n		}\n		else\n		{\n			foreach($locations as $o_parent_id => $childrens)\n			{\n				$new_locations = array();\n				foreach($childrens as $child)\n				{\n					if ($child != $location_id) {\n						$new_locations[] = $child;\n					}\n				}\n				$data[$o_parent_id] = $new_locations;\n			}\n			\n		}\n		$this->staff_model->update_staff($staff[''user_id''], array(''locations'' => json_encode($data)));\n	}', '2014-02-28 05:18:32', '0000-00-00 00:00:00'),
(206, 76, 'load_locations', 'public', 'ajax function to load staff locations view', '', '(via POST) (int) user_id', '[{"attr_name":"return:","attr_desc":"\\t (view) staff locations\\n\\t"}]', 'function load_locations()\n	{\n		$staff = $this->staff_model->get_staff($this->input->post(''user_id''));\n		$data[''staff''] = $staff;\n		$data[''locations''] = json_decode($staff[''locations'']);\n		$this->load->view(''staff_locations'', isset($data) ? $data : NULL);\n	}', '2014-02-28 05:18:32', '0000-00-00 00:00:00'),
(207, 76, 'load_availability', 'public', 'ajax function to load staff availability view. If staff doesn''t have availability, the funcition will create avaiability record as available all days all times', '', '(via POST) (int) user_id', '[{"attr_name":"return:","attr_desc":"\\t (view) staff availability\\n\\t"}]', 'function load_availability()\n	{\n		$user_id = $this->input->post(''user_id'');\n		$availability = $this->staff_model->get_availability($user_id);\n		if(count($availability)<=0){\n			$this->initiate_availability($user_id);\n			$availability = $this->staff_model->get_availability($user_id);\n		}\n		$data[''user_id''] = $user_id;\n		$data[''availability''] = $availability;\n		$this->load->view(''staff/availability_table_view'', isset($data) ? $data : NULL);\n	}', '2014-02-28 05:18:32', '0000-00-00 00:00:00'),
(208, 76, 'initiate_availability', 'public', 'initiate value of staff availability time, if there is no data yet. It will be initiated as available all days and all times', '', '(via parameter) (int) user_id', '', 'function initiate_availability($user_id)\n	{\n		$values = '''';			\n		for($day=1; $day <=7; $day++) {\n			for($hour=0; $hour <=23; $hour++) {\n				$values .= ''(''.$user_id.'',''.$day.'',''.$hour.'',1),''; 		\n			}\n		}  \n		$values = rtrim($values,'','');\n		$sql = "INSERT INTO `user_staff_availability` (`user_id`, `day`, `hour`, `value`) VALUES ".$values;\n		$this->db->query($sql);\n	}', '2014-02-28 05:18:32', '0000-00-00 00:00:00'),
(209, 76, 'update_availability', 'public', 'update value of staff availability time', '', '(via POST) (int) user_id,name,value', '', 'function update_availability()\n	{\n		$value = $this->input->post(''value_avail'');\n		$name = $this->input->post(''name'');\n		$fields = explode(''-'', $name);		\n		$day = $fields[1];\n		$hour = $fields[2];\n		$this->staff_model->update_available_data($this->input->post(''user_id''), $day, $hour, $value);\n	}', '2014-02-28 05:18:32', '0000-00-00 00:00:00'),
(210, 76, 'get_staffs_roles', 'public', 'Displayes all the available groups in the system and the roles that has been asigned to the staff.', '', 'Post data - sort parameter and user id (staff id)', '[{"attr_name":"return","attr_desc":"\\t Lists all roles with roles that has been assigned to staffs checked\\n\\t"}]', 'function get_staffs_roles()\n	{\n		$params = $this->input->post(''params'',true);\n		$data[''roles''] = $this->role_model->get_roles($params);\n		$data[''params''] = $params;\n		$this->load->view(''ajax_list_roles_staff_profile'', isset($data) ? $data : NULL);\n	}', '2014-02-28 05:18:32', '0000-00-00 00:00:00'),
(211, 76, 'update_groups', 'public', 'ajax function to add or delete groups', '', '(via POST)', '[{"attr_name":"-","attr_desc":"\\t\\t\\t (int) user_id\\n\\t"},{"attr_name":"-","attr_desc":"\\t\\t\\t (int) group_id\\n\\t"}]', 'function update_groups()\n	{\n		$user_id = $this->input->post(''staff_id'');\n		$group_id = $this->input->post(''group_id'');\n		if($this->staff_model->update_staff_group($user_id,$group_id)){\n			echo ''success'';	\n		}\n	}', '2014-02-28 05:18:32', '0000-00-00 00:00:00'),
(212, 76, 'load_picture', 'public', 'show the profile picture and gallery', '', '(via POST) (int) user_id', '', 'function load_picture()\n	{\n		$user_id = $this->input->post(''user_id'',true);\n		$photos = $this->staff_model->get_all_photos($user_id);\n		$hero_photo = $this->staff_model->get_hero($user_id);	\n		$data[''hero_photo''] = $hero_photo;\n		$data[''photos''] = $photos;\n		$data[''user_id''] = $user_id;\n		//error_reporting(E_ALL);\n		\n		$this->load->view(''staff/list_photo'', isset($data) ? $data : NULL);\n	}', '2014-02-28 05:18:32', '0000-00-00 00:00:00'),
(213, 76, 'update_custom_attributes', 'public', 'Update custom attribute of a staff', '', '(via POST) custom attributes data', '', 'function update_custom_attributes()\n	{\n		$post_data = $this->input->post();\n		$user_id = $this->input->post(''user_staff_id'',true);\n		//delete existing data\n		$this->staff_model->delete_staff_custom_attributes($user_id);\n		foreach($post_data as $key => $val){\n			if($key != ''user_staff_id''){\n				//for checkbox and multi select \n				if(modules::run(''formbuilder/has_multiple_value'',$key)){\n					$custom_attr = array(\n										''user_id'' => $user_id,\n										''attribute_name'' => $key,\n										''attributes'' => json_encode($val)\n									);\n				}else{\n					$custom_attr = array(\n										''user_id'' => $user_id,\n										''attribute_name'' => $key,\n										''attributes'' => $val\n									);	\n				}\n				$this->staff_model->insert_staff_custom_attributes($custom_attr);\n			}\n		}\n		echo ''success'';\n	}', '2014-02-28 05:18:32', '0000-00-00 00:00:00'),
(214, 76, 'set_hero', 'public', 'Set hero image', '', '(via POST) user_staff_picture_id', '', 'function set_hero_photo()\n	{\n		$user_staff_picture_id = $this->input->post(''user_staff_picture_id'',true);\n		$user_id = $this->input->post(''user_id'',true);\n		$this->staff_model->uset_hero($user_id);\n		echo $this->staff_model->update_user_staff_picture($user_staff_picture_id,array(''hero''=> 1));\n	}', '2014-02-28 05:18:32', '0000-00-00 00:00:00'),
(215, 76, 'set_hero', 'public', 'Set hero image', '', '(via POST) user id', '', 'function set_hero_photo()\n	{\n		$user_staff_picture_id = $this->input->post(''user_staff_picture_id'',true);\n		$user_id = $this->input->post(''user_id'',true);\n		$this->staff_model->uset_hero($user_id);\n		echo $this->staff_model->update_user_staff_picture($user_staff_picture_id,array(''hero''=> 1));\n	}', '2014-02-28 05:18:32', '0000-00-00 00:00:00'),
(216, 76, 'reload_staff_edit_page_avatar', 'public', 'Reloads profile avatars whenever an update to profile image is made', '', '(via POST) user id', '[{"attr_name":"return:","attr_desc":"\\t Reloads staff profile avatars\\n\\t"}]', 'function reload_staff_edit_page_avatar()\n	{\n		$staff_user_id = $this->input->post(''user_id'',true);\n		echo modules::run(''common/profile_picture'','''',$staff_user_id);\n	}', '2014-02-28 05:18:32', '0000-00-00 00:00:00'),
(217, 76, 'delete_photo', 'public', 'Delete staff photo', '', '(via POST) photo id', '', 'function delete_photo()\n	{\n		$photo_id = $this->input->post(''photo_id'',true);\n		$photo = $this->staff_model->get_user_staff_photo_by_photo_id($photo_id);\n		$path = ''./uploads/staff/profile/''.md5($photo->user_id);\n		$sub_folders = array(''thumbnail'',''thumbnail2'');\n		$file_name = $photo->name;\n		modules::run(''staff/delete_files'',$path,$file_name,$sub_folders);\n		if($this->staff_model->delete_photo($photo_id)){\n			echo ''success'';\n		}else{\n			echo ''failed'';\n		}\n	}', '2014-02-28 05:18:32', '0000-00-00 00:00:00'),
(218, 76, 'update_ratings', 'public', 'Update rating', '', '(via POST) field name of the rating to populate back, user id, ajax reload container, new rating', '', 'function update_ratings()\n	{\n		$field_name = $this->input->post(''field_name'',true);\n		$user_id = $this->input->post(''user_id'',true);\n		$ajax_reload_container = $this->input->post(''ajax_reload_container'',true);\n		$selector = $this->input->post(''selector'',true);\n		$new_rating = $this->input->post(''new_rating'',true);\n		$data = array(''rating'' => $new_rating);\n		$this->staff_model->update_staff($user_id,$data);\n		\n		echo modules::run(''common/field_rating'', $field_name, $new_rating,$selector,$ajax_reload_container,$user_id,true,false);\n	}', '2014-02-28 05:18:32', '0000-00-00 00:00:00'),
(219, 76, 'delete_staff', 'public', 'Delete single staff', '', '(via POST) user id', '', 'function delete_staff()\n	{\n		$user_id = $this->input->post(''user_id'',true);\n		return $this->user_model->update_user($user_id,array(''status'' => 2));	\n	}', '2014-02-28 05:18:32', '0000-00-00 00:00:00'),
(220, 76, 'delete_staff', 'public', 'Delete multiple staff', '', '(via POST) user id', '', 'function delete_staff()\n	{\n		$user_id = $this->input->post(''user_id'',true);\n		return $this->user_model->update_user($user_id,array(''status'' => 2));	\n	}', '2014-02-28 05:18:32', '0000-00-00 00:00:00'),
(221, 76, 'update_rating_multi_staffs', 'public', 'Update rating for multiple staff', '', '(via POST) user id and new rating', '', 'function update_rating_multi_staffs()\n	{\n		$user_ids = $this->input->post(''user_staff_selected_user_id'',true);\n		$new_rating = $this->input->post(''multi_rating'',true);\n		return $this->staff_model->update_rating_multi_staffs(implode('','',$user_ids),$new_rating);\n	}', '2014-02-28 05:18:32', '0000-00-00 00:00:00'),
(222, 76, 'update_status_multi_staffs', 'public', 'Update status for multiple staff', '', '(via POST) user id and new stats', '', 'function update_status_multi_staffs()\n	{\n		$user_ids = $this->input->post(''user_staff_selected_user_id'',true);\n		$new_status = $this->input->post(''new_multi_status'',true);\n		return $this->user_model->update_status_multi_users(implode('','',$user_ids),$new_status);\n	}\n}', '2014-02-28 05:18:32', '0000-00-00 00:00:00'),
(223, 77, '', '', '', '', '', '[{"attr_name":"Controller:","attr_desc":"  Job\\n "},{"attr_name":"author:","attr_desc":"  namnd86@gmail.com\\n "}]', '', '2014-02-28 05:18:32', '0000-00-00 00:00:00'),
(224, 77, 'search_staffs', 'private', 'function to load search staffs form', '', '(POST) array of search parameters', '[{"attr_name":"return:","attr_desc":"\\t (void) load search staffs form\\n\\t"}]', 'private function search_staffs()\n	{\n		$data[''weekdays''] = array(\n							array(''value'' => 1, ''label'' => ''Monday''),\n							array(''value'' => 2, ''label'' => ''Tuesday''),\n							array(''value'' => 3, ''label'' => ''Wednesday''),\n							array(''value'' => 4, ''label'' => ''Thursday''),\n							array(''value'' => 5, ''label'' => ''Friday''),\n							array(''value'' => 6, ''label'' => ''Saturday''),\n							array(''value'' => 7, ''label'' => ''Sunday'')\n							);\n		$data[''age_groups''] = array(\n							array(''value'' => ''0-17'', ''label'' => ''Under 18 Years Old''),\n							array(''value'' => ''18-25'', ''label'' => ''18 - 25 Years Old''),\n							array(''value'' => ''26-35'', ''label'' => ''26 - 35 Years Old''),\n							array(''value'' => ''36-100'', ''label'' => ''35+ Years Old'')\n							);\n		$this->load->view(''search_form'', isset($data) ? $data : NULL);\n	}', '2014-02-28 05:18:32', '0000-00-00 00:00:00'),
(225, 77, 'field_select_status', 'public', 'custom select staff status field', '', '- $field_name', '[{"attr_name":"-","attr_desc":"\\t\\t\\t $field_value (optional)\\n\\t"},{"attr_name":"-","attr_desc":"\\t\\t\\t $size (optional)\\n\\t"},{"attr_name":"return:","attr_desc":"\\t custom select staff status field\\n\\t"}]', 'function field_select_status($field_name, $field_value=null, $size=null)\n	{\n		$array = array(\n			array(''value'' => STAFF_ACTIVE, ''label'' => ''Active''),\n			array(''value'' => STAFF_PENDING, ''label'' => ''Pending''),\n			array(''value'' => STAFF_INACTIVE, ''label'' => ''Inactive'')\n		);\n		\n		return modules::run(''common/field_select'', $array, $field_name, $field_value, $size);\n	}', '2014-02-28 05:18:32', '0000-00-00 00:00:00'),
(226, 77, 'check_staff_has_role', 'public', 'Checks if a staff has been assigned this role.', '', 'null', '[{"attr_name":"return","attr_desc":"\\t Returns is based on the return_bool value. If it is true or empty it return true or false, if it is false it \\n\\t"}]', 'function check_staff_has_role($staff_user_id,$role_id)\n	{\n		$has = $this->staff_model->staff_has_role($staff_user_id,$role_id);\n		if($has){\n			return true;\n		}else{\n			return false;\n		}\n	}', '2014-02-28 05:18:32', '0000-00-00 00:00:00'),
(227, 77, 'check_staff_has_role', 'public', 'Checks if a staff has been assigned this role.', '', 'null', '[{"attr_name":"return","attr_desc":"\\t Returns is based on the return_bool value. If it is true or empty it return true or false, if it is false it \\n\\t"}]', 'function check_staff_has_role($staff_user_id,$role_id)\n	{\n		$has = $this->staff_model->staff_has_role($staff_user_id,$role_id);\n		if($has){\n			return true;\n		}else{\n			return false;\n		}\n	}', '2014-02-28 05:18:32', '0000-00-00 00:00:00'),
(228, 77, 'get_availability_data', 'public', 'function to return value of availability of user based on day and time', '', '(via parameter) (int) user_id, day, hour', '[{"attr_name":"return:","attr_desc":"\\t (int) value of staff availability\\n\\t"}]', 'function get_availability_data($user_id, $day, $hour)\n	{\n		return $this->staff_model->get_availability_data($user_id, $day, $hour);\n	}', '2014-02-28 05:18:32', '0000-00-00 00:00:00'),
(229, 77, 'get_total_staffs', 'public', 'Returns total staff based on status. If status is not passed it returns the total staffs', '', 'string, int status', '[{"attr_name":"return:","attr_desc":"\\t (int) total staff\\n\\t"}]', 'function get_total_staffs($status='''')\n	{\n		return $this->staff_model->get_total_staffs_count($status);\n	}', '2014-02-28 05:18:32', '0000-00-00 00:00:00'),
(230, 77, 'get_staff_custom_attribute', 'public', 'Get custom attribute of a staff member if it has been set', '', '(int) user id of staff, (string) the name of the custom attribute', '[{"attr_name":"return:","attr_desc":"\\t (int) total staff\\n\\t"}]', 'function get_staff_custom_attribute($staff_user_id,$attribute_name)\n	{\n		//first get attribute type\n		$has_multiple_value = modules::run(''formbuilder/has_multiple_value'',$attribute_name);\n		$staff_attribute = $this->staff_model->get_staff_custom_attribute($staff_user_id,$attribute_name);\n		$data[''has_multi''] = false;\n		if($staff_attribute){\n			if($has_multiple_value){\n				$data[''attributes''] = json_decode($staff_attribute->attributes);\n				$data[''staffs_custom_attributes_id''] = $staff_attribute->staffs_custom_attributes_id;\n				$data[''has_multi''] = true;\n			}else{\n				$data[''attributes''] = $staff_attribute->attributes;	\n				$data[''staffs_custom_attributes_id''] = $staff_attribute->staffs_custom_attributes_id;\n			}\n		}else{\n			$data[''attributes''] = '''';\n			$data[''staffs_custom_attributes_id''] = '''';	\n		}\n		return $data;\n	}', '2014-02-28 05:18:32', '0000-00-00 00:00:00'),
(231, 77, 'upload_custom_document', 'public', 'Uploads document that has been created using the custom attributes.', '', '(file) data is posted', '[{"attr_name":"return:","attr_desc":"\\t redirect to staff profile \\n\\t"}]', 'function upload_custom_document()\n	{\n		$user_staff_id = $this->input->post(''user_staff_id'',true);\n		$salt = ''custom_files''.$user_staff_id;\n		$file_path = ''./uploads/staff/custom_attributes'';\n		//create folder\n		$folder_name = $this->_create_folders(''./uploads/staff/custom_attributes'',$salt);\n		$this->load->library(''upload'');\n		foreach($_FILES as $key => $val){\n			if ($_FILES[$key][''name'']){\n			//image upload\n			$config[''upload_path''] = $file_path."/".$folder_name;	\n			$config[''allowed_types''] = ''gif|jpg|png|jpeg|doc|docx|pdf'';\n			$config[''max_size'']	= ''4096''; // 4 MB\n			$config[''max_width'']  = ''4000'';\n			$config[''max_height'']  = ''4000'';\n			$config[''overwrite''] = FALSE;\n			$config[''remove_space''] = TRUE;\n			\n			$this->upload->initialize($config);\n			if (!$this->upload->do_upload($key)) {\n					//image upload filed abort file upload\n					$data[''upload_error''] = $this->upload->display_errors();\n					$valid_upload = false;\n				}\n				else\n				{\n					$data = array(''upload_data'' => $this->upload->data());\n					$file_name = $data[''upload_data''][''file_name''];\n	\n					//update database\n					$custom_file = array(\n										''user_id'' => $user_staff_id,\n										''attribute_name'' => $key,\n										''attributes'' => $file_name,\n										''file_upload'' => ''yes''\n									);										\n					$this->staff_model->insert_staff_custom_attributes($custom_file);\n				}\n			}\n		}\n		$this->session->set_flashdata(''load_document_tab'',true);\n		redirect(''staff/edit/''.$user_staff_id);\n	}', '2014-02-28 05:18:32', '0000-00-00 00:00:00'),
(232, 77, 'delete_custom_document', 'public', 'Delete custom documents', '', 'int(staff custom attribute id)', '[{"attr_name":"return:","attr_desc":"\\t redirect to staff profile \\n\\t"}]', 'function delete_custom_document($staffs_custom_attributes_id)\n	{\n		$file_details = $this->staff_model->get_staff_custom_attribute_by_id($staffs_custom_attributes_id);\n		$file_name = $file_details->attributes;	\n		$staff_user_id = $file_details->user_id;\n		$folder =  md5(''custom_files''.$staff_user_id);\n		$this->_delete_document($folder,$file_name);\n		$this->staff_model->delete_staff_custom_attributes_by_id($staffs_custom_attributes_id);\n		$this->session->set_flashdata(''load_document_tab'',true);\n		redirect(''staff/edit/''.$staff_user_id);\n	}', '2014-02-28 05:18:32', '0000-00-00 00:00:00'),
(233, 77, '_create_folders', 'private', 'Creates folder for documents', '', '(string) path of the folder, (string) salt, (array) array of subfolders if applicable', '[{"attr_name":"return:","attr_desc":"\\t returns the folder name to the control that called this function\\n\\t"}]', 'function _create_folders($path,$salt,$subfolders = null)\n	{	\n		//create staff specific folders\n		if($path && $salt){\n			$newfolder = md5($salt);\n			$dir = $path."/".$newfolder;\n			if(!is_dir($dir))\n			{\n			  mkdir($dir);\n			  chmod($dir,0777);\n			  $fp = fopen($dir.''/index.html'', ''w'');\n			  fwrite($fp, ''<html><head>Permission Denied</head><body><h3>Permission denied</h3></body></html>'');\n			  fclose($fp);\n			}\n			\n			$sub_dir = '''';\n			if($subfolders){\n				foreach($subfolders as $folder){\n					$sub_dir = $dir.''/''.$folder;	\n					if(!is_dir($sub_dir))\n					{\n					  mkdir($sub_dir);\n					  chmod($sub_dir,0777);\n					  $fp = fopen($sub_dir.''/index.html'', ''w'');\n					  fwrite($fp, ''<html><head>Permission Denied</head><body><h3>Permission denied</h3></body></html>'');\n					  fclose($fp);\n					}		\n				}\n			}\n			return $newfolder;\n		}\n		\n	}', '2014-02-28 05:18:32', '0000-00-00 00:00:00'),
(234, 77, '_delete_document', 'private', 'Deletes custom documents', '', '(string) folder name, (string) file name', '[{"attr_name":"return:","attr_desc":"\\t null\\n\\t"}]', 'function _delete_document($folder,$document_name)\n	{\n		if($document_name && $folder){\n			$main_path = "./uploads/staff/custom_attributes/".$folder;\n			//delete doc\n			if(file_exists($main_path.''/''.$document_name)){\n				unlink($main_path.''/''.$document_name);\n			}\n		}\n	}', '2014-02-28 05:18:32', '0000-00-00 00:00:00'),
(235, 77, '', 'public', 'Returns the gender of the staff', '', '(int) user id', '[{"attr_name":"name:get_staff_gender","attr_desc":"\\t\\n\\t"},{"attr_name":"returns","attr_desc":"\\t (string) m or f\\n\\t"}]', '', '2014-02-28 05:18:32', '0000-00-00 00:00:00'),
(236, 77, 'delete_files', 'private', 'Deletes file from server', '', '(string) path to the main folder, (string) name of the file, (array) sub folder names', '[{"attr_name":"return:","attr_desc":"\\t null\\n\\t"}]', 'function delete_files($path,$file_name,$sub_folders = array())\n	{\n		if(file_exists($path.''/''.$file_name)){\n			unlink($path.''/''.$file_name);\n		}\n		if($sub_folders){\n			foreach($sub_folders as $folder){\n				if(file_exists($path.''/''.$folder.''/''.$file_name)){\n					unlink($path.''/''.$folder.''/''.$file_name);\n				}	\n			}\n		}\n	}', '2014-02-28 05:18:32', '0000-00-00 00:00:00'),
(237, 77, 'custom_attributes_for_staff_profile', 'public', 'Shows the existing form for custom attributes in staff profile.', '', '(int) user id of staff', '[{"attr_name":"return","attr_desc":"\\t Loads existing form elements for custom attributes in staff profile.\\n\\t"}]', 'function custom_attributes_for_staff_profile($staff_user_id)\n	{\n		$data[''existing_elements''] = $this->formbuilder_model->get_form_elements(true);\n		$data[''user_id''] = $staff_user_id;\n		$this->load->view(''custom_attributes_for_staff_profile'',isset($data) ? $data : NULL);	\n	}', '2014-02-28 05:18:32', '0000-00-00 00:00:00'),
(238, 77, 'custom_file_uploads_for_staff_profile', 'public', 'Shows the existing form for custom attributes in staff profile.', '', '(int) user id of staff', '[{"attr_name":"return","attr_desc":"\\t Loads existing file upload form elements for custom attributes in staff profile.\\n\\t"}]', 'function custom_file_uploads_for_staff_profile($staff_user_id)\n	{\n		$data[''existing_elements''] = $this->formbuilder_model->get_form_elements(false);\n		$data[''user_id''] = $staff_user_id;\n		$this->load->view(''custom_upload_fields_for_staff_profile'',isset($data) ? $data : NULL);	\n	}', '2014-02-28 05:18:32', '0000-00-00 00:00:00'),
(239, 77, 'custom_attributes', 'public', 'Shows the existing form for custom attributes.', '', 'null', '[{"attr_name":"return","attr_desc":"\\t Loads existing form elements for custom attributes.\\n\\t"}]', 'function custom_attributes_for_staff_profile($staff_user_id)\n	{\n		$data[''existing_elements''] = $this->formbuilder_model->get_form_elements(true);\n		$data[''user_id''] = $staff_user_id;\n		$this->load->view(''custom_attributes_for_staff_profile'',isset($data) ? $data : NULL);	\n	}', '2014-02-28 05:18:32', '0000-00-00 00:00:00'),
(240, 77, 'get_custom_attrs', 'public', 'This function gets all the posted value from the search staff page then filters and returns only the custom attributes search parameters to the calling method.', '', '(via POST) gets posted data from the search staff page', '[{"attr_name":"return","attr_desc":"\\t Returns the custom attributes only values from all the posted data \\n\\t"}]', 'function get_custom_attrs($search_params)\n	{\n		$custom_attrs = array();\n		$normal_prefix = ''custom_attrs_'';\n		$file_prefix = ''custom_file_'';\n		if($search_params){\n			foreach($search_params as $key => $val){\n				if($val){\n					if(substr($key,0,strlen($normal_prefix)) == $normal_prefix){\n						$new_key = substr($key, strlen($normal_prefix));\n						$custom_attrs[''normal_elements''][$new_key] = $val;	\n					}\n					if(substr($key,0,strlen($file_prefix)) == $file_prefix){\n						$new_key = substr($key, strlen($file_prefix));\n						$custom_attrs[''file_uploads''][$new_key] = $val;	\n					}\n				}\n			}	\n		}\n		return $custom_attrs;\n	\n	}', '2014-02-28 05:18:32', '0000-00-00 00:00:00'),
(241, 77, 'send_email', 'public', 'Test function to send email from localhost', '', '', '', 'function send_email()\n	{\n		$config = Array(\n		  ''protocol'' => ''smtp'',\n		  ''smtp_host'' => ''ssl://smtp.googlemail.com'',\n		  ''smtp_port'' => 465,\n		  ''smtp_user'' => ''your@gmail.com'', // change it to yours\n		  ''smtp_pass'' => ''yourpassword'', // change it to yours\n		  ''mailtype'' => ''html'',\n		  ''charset'' => ''iso-8859-1'',\n		  ''wordwrap'' => TRUE\n		);\n		\n		$message = ''Test message'';\n		$this->load->library(''email'', $config);\n		$this->email->set_newline("\\r\\n");\n		$this->email->from(''kaushtuvgurung@gmail.com''); // change it to yours\n		$this->email->to(''rseptiane@gmail.com'');// change it to yours\n		$this->email->subject(''Testing Email from localhost'');\n		$this->email->message($message);\n		if($this->email->send()){\n		  echo ''Email sent.'';\n		}else{\n			show_error($this->email->print_debugger());\n		}\n	}\n	\n}', '2014-02-28 05:18:32', '0000-00-00 00:00:00'),
(242, 78, '', '', '', '', '', '[{"attr_name":"Controller:","attr_desc":"  Profile\\n "},{"attr_name":"author:","attr_desc":"  namnd86@gmail.com\\n "}]', '', '2014-02-28 05:18:32', '0000-00-00 00:00:00'),
(243, 79, 'get_total_staffs_count', 'public', 'Returns total staff based on status. If status is not passed it returns the total staffs', '', 'string, int status', '[{"attr_name":"return:","attr_desc":"\\t (int) total staff count\\n\\t"}]', 'function get_total_staffs_count($status='''')\n	{\n		$sql = ''select count(staff_id) as total from user_staffs'';\n		if($status){\n			$sql .= '''';	\n		}\n		$total = $this->db->query($sql)->row();\n		if($total){\n			return $total->total;	\n		}\n		return 0;\n	}', '2014-02-28 05:18:32', '0000-00-00 00:00:00'),
(244, 79, 'staff_has_role', 'public', 'Checks if a staff has been assigned this role.', '', 'null', '[{"attr_name":"return","attr_desc":"\\t Returns true if this role has been assigned to staff and vice versa\\n\\t"}]', 'function staff_has_role($staff_user_id,$role_id)\n	{\n		$query = $this->db->where(''user_id'',$staff_user_id)->where(''attribute_role_id'',$role_id)->get(''staffs_roles'')->row();\n		if($query){\n			return true;	\n		}\n		return false;\n		\n	}', '2014-02-28 05:18:32', '0000-00-00 00:00:00'),
(245, 79, 'get_role_frequency', 'public', 'This function returns the frequency of the role. It returns the number of times this role has been assigned to staffs.', '', 'null', '[{"attr_name":"return","attr_desc":"\\t Return the number of times this roles has been assigned to staffs.\\n\\t"}]', 'function get_role_frequency($role_id)\n	{\n		$sql = "SELECT count(staffs_roles_id) as total FROM `staffs_roles` WHERE `attribute_role_id` = ".$role_id;\n		$total = $this->db->query($sql)->row_array();\n		if($total){\n			return $total[''total''];	\n		}\n		return 0;\n	}', '2014-02-28 05:18:32', '0000-00-00 00:00:00'),
(246, 79, 'update_staff_role', 'public', 'Update staff role. Adds or deletes role based on user input', '', '(int) role_id, (int) user_staff_id', '[{"attr_name":"return:","attr_desc":"\\t null\\n\\t"}]', 'function update_staff_role($user_staff_id,$role_id)\n	{\n		$staff_has_role = $this->staff_has_role($user_staff_id,$role_id);\n		if($staff_has_role){\n			return $this->delete_staff_role($user_staff_id,$role_id);\n		}else{\n			return $this->add_staff_role($user_staff_id,$role_id);\n		}\n	}', '2014-02-28 05:18:32', '0000-00-00 00:00:00'),
(247, 79, 'add_staff_role', 'public', 'Assign role to a staff', '', '(int) role_id, (int) user_staff_id', '[{"attr_name":"return:","attr_desc":"\\t null\\n\\t"}]', 'function add_staff_role($user_staff_id,$role_id)\n	{\n		$data = array(\n					''user_id'' => $user_staff_id,\n					''attribute_role_id'' => $role_id\n				);\n		$this->db->insert(''staffs_roles'', $data);\n		return $this->db->insert_id();\n	}', '2014-02-28 05:18:32', '0000-00-00 00:00:00'),
(248, 79, 'delete_staff_role', 'public', 'Delete role from the staff', '', '(int) role_id, (int) user_staff_id', '[{"attr_name":"return:","attr_desc":"\\t null\\n\\t"}]', 'function delete_staff_role($user_staff_id,$role_id)\n	{\n		$sql = "delete from staffs_roles where user_id = ".$user_staff_id." and attribute_role_id = ".$role_id;\n		return $this->db->query($sql);\n	}', '2014-02-28 05:18:32', '0000-00-00 00:00:00'),
(249, 79, 'staff_has_role', 'public', 'Checks if a staff has been assigned this role.', '', 'null', '[{"attr_name":"return","attr_desc":"\\t Returns true if this role has been assigned to staff and vice versa\\n\\t"}]', 'function staff_has_role($staff_user_id,$role_id)\n	{\n		$query = $this->db->where(''user_id'',$staff_user_id)->where(''attribute_role_id'',$role_id)->get(''staffs_roles'')->row();\n		if($query){\n			return true;	\n		}\n		return false;\n		\n	}', '2014-02-28 05:18:32', '0000-00-00 00:00:00'),
(250, 79, 'update_staff_group', 'public', 'Update staff group. Adds or deletes group based on user input', '', '(int) group_id, (int) user_staff_id', '[{"attr_name":"return:","attr_desc":"\\t null\\n\\t"}]', 'function update_staff_group($user_staff_id,$group_id)\n	{\n		$staff_has_group = $this->staff_has_group($user_staff_id,$group_id);\n		if($staff_has_group){\n			return $this->delete_staff_group($user_staff_id,$group_id);\n		}else{\n			return $this->add_staff_group($user_staff_id,$group_id);\n		}\n	}', '2014-02-28 05:18:32', '0000-00-00 00:00:00'),
(251, 79, 'add_staff_group', 'public', 'Assign group to a staff', '', '(int) group_id, (int) user_staff_id', '[{"attr_name":"return:","attr_desc":"\\t null\\n\\t"}]', 'function add_staff_group($user_staff_id,$group_id)\n	{\n		$data = array(\n					''user_id'' => $user_staff_id,\n					''attribute_group_id'' => $group_id\n				);\n		$this->db->insert(''staffs_groups'', $data);\n		return $this->db->insert_id();\n	}', '2014-02-28 05:18:32', '0000-00-00 00:00:00'),
(252, 79, 'delete_staff_group', 'public', 'Delete group from the staff', '', '(int) group_id, (int) user_staff_id', '[{"attr_name":"return:","attr_desc":"\\t null\\n\\t"}]', 'function delete_staff_group($user_staff_id,$group_id)\n	{\n		$sql = "delete from staffs_groups where user_id = ".$user_staff_id." and attribute_group_id = ".$group_id;\n		return $this->db->query($sql);\n	}', '2014-02-28 05:18:32', '0000-00-00 00:00:00'),
(253, 79, 'delete_staff_custom_attributes', 'public', 'Delete custom attributes of a staff', '', '(int) user id of staff', '[{"attr_name":"return:","attr_desc":"\\t null\\n\\t"}]', 'function delete_staff_custom_attributes($user_staff_id)\n	{\n		$sql = "delete from staffs_custom_attributes where file_upload = ''no'' and user_id = ".$user_staff_id;\n		return $this->db->query($sql);\n	}', '2014-02-28 05:18:32', '0000-00-00 00:00:00'),
(254, 79, 'insert_staff_custom_attributes', 'public', 'Add custom attributes of staff.', '', '(int) user id of staff', '[{"attr_name":"return:","attr_desc":"\\t null\\n\\t"}]', 'function insert_staff_custom_attributes($data)\n	{\n		$this->db->insert(''staffs_custom_attributes'',$data);\n	}', '2014-02-28 05:18:32', '0000-00-00 00:00:00'),
(255, 79, 'get_staff_custom_attribute', 'public', 'Get staff customa attribute from user id and attribute name', '', 'int(user id), (string) attribute name', '[{"attr_name":"return:","attr_desc":"\\t null\\n\\t"}]', 'function get_staff_custom_attribute($user_id,$attribute_name)\n	{\n		return $this->db->where(''user_id'',$user_id)->where(''attribute_name'',$attribute_name)->get(''staffs_custom_attributes'')->row();\n	}', '2014-02-28 05:18:32', '0000-00-00 00:00:00'),
(256, 79, 'delete_staff_custom_attributes_by_id', 'public', 'Delete custom attributes of a staff by delete_staff_custom_attributes_by_id', '', '(int) delete_staff_custom_attributes_by_id', '[{"attr_name":"return:","attr_desc":"\\t null\\n\\t"}]', 'function delete_staff_custom_attributes_by_id($staffs_custom_attributes_id)\n	{\n		$sql = "delete from staffs_custom_attributes where staffs_custom_attributes_id = ".$staffs_custom_attributes_id;\n		return $this->db->query($sql);\n	}', '2014-02-28 05:18:32', '0000-00-00 00:00:00');
INSERT INTO `modules_functions` (`id`, `modules_mvc_id`, `name`, `access`, `description`, `comment`, `params`, `attributes`, `code`, `created`, `modified`) VALUES
(257, 79, 'delete_staff_custom_attributes_by_id', 'public', 'Delete custom attributes of a staff by delete_staff_custom_attributes_by_id', '', '(int) delete_staff_custom_attributes_by_id', '[{"attr_name":"return:","attr_desc":"\\t null\\n\\t"}]', 'function delete_staff_custom_attributes_by_id($staffs_custom_attributes_id)\n	{\n		$sql = "delete from staffs_custom_attributes where staffs_custom_attributes_id = ".$staffs_custom_attributes_id;\n		return $this->db->query($sql);\n	}', '2014-02-28 05:18:32', '0000-00-00 00:00:00'),
(258, 79, 'uset_hero', 'public', 'Unset hero image', '', '(int) user id', '', 'function uset_hero($user_id)\n	{\n		$this->db->where(''user_id'',$user_id)->update(''user_staff_picture'',array(''hero'' => 0));\n	}', '2014-02-28 05:18:32', '0000-00-00 00:00:00'),
(259, 79, 'update_rating_multi_staffs', 'public', 'Update rating of multiple staff at once', '', '(int) user ids of staff and new rating', '', 'function update_rating_multi_staffs($user_ids,$new_rating)\n	{\n		$sql = "UPDATE user_staffs SET rating = ".$new_rating." WHERE user_id IN (".$user_ids.")";\n		return $this->db->query($sql);\n	}\n}', '2014-02-28 05:18:32', '0000-00-00 00:00:00'),
(260, 80, '', '', '', '', '', '[{"attr_name":"Controller:","attr_desc":"  Job\\n "},{"attr_name":"author:","attr_desc":"  namnd86@gmail.com\\n "}]', '', '2014-02-28 05:18:32', '0000-00-00 00:00:00'),
(261, 81, '', '', '', '', '', '[{"attr_name":"Controller:","attr_desc":"  Job\\n "},{"attr_name":"author:","attr_desc":"  namnd86@gmail.com\\n "}]', '', '2014-02-28 05:18:32', '0000-00-00 00:00:00'),
(262, 82, '', '', '', '', '', '[{"attr_name":"Controller:","attr_desc":"  Job\\n "},{"attr_name":"author:","attr_desc":"  namnd86@gmail.com\\n "}]', '', '2014-02-28 05:18:32', '0000-00-00 00:00:00'),
(263, 82, 'menu_dropdown_actions', 'public', 'generate the dropdown menu of actions', '', '(string) $id', '[{"attr_name":"(string)","attr_desc":"\\t\\t\\t $label\\n\\t"},{"attr_name":"return:","attr_desc":"\\t (html) dropdown menu of actions\\n\\t"}]', 'function menu_dropdown_actions($id, $label) {\n		$data = array(\n			array(''value'' => ''batch'', ''label'' => ''Batch Selected''),\n			array(''value'' => ''revert'', ''label'' => ''Revert Selected''),\n			array(''value'' => ''delete'', ''label'' => ''Delete Selected'')\n		);\n		return modules::run(''common/menu_dropdown'', $data, $id, $label);\n	}', '2014-02-28 05:18:32', '0000-00-00 00:00:00'),
(264, 83, '', '', '', '', '', '[{"attr_name":"Controller:","attr_desc":"  Job\\n "},{"attr_name":"author:","attr_desc":"  namnd86@gmail.com\\n "}]', '', '2014-02-28 05:18:32', '0000-00-00 00:00:00'),
(265, 84, 'get_timesheets', '', '', '', '', '[{"attr_name":"return:","attr_desc":"\\t\\n\\t"}]', 'function get_timesheets($sort_params = '''') {\n		$params = '''';\n		if($sort_params){\n			$params = json_decode($sort_params);	\n		}\n		$sql = "SELECT t.*, j.name as job_name, j.client_id, v.name as venue_name, r.name as role_name\n				FROM `job_shift_timesheets` t\n					LEFT JOIN `attribute_venues` v ON v.venue_id = t.venue_id\n					LEFT JOIN `attribute_roles` r ON r.role_id = t.role_id\n					LEFT JOIN `jobs` j ON j.job_id = t.job_id\n				WHERE t.status < 3";\n		if($params){\n			$sql .= " order by $params->sort_by $params->sort_order";	\n		}\n		$query = $this->db->query($sql);\n		return $query->result_array();\n	}', '2014-02-28 05:18:32', '0000-00-00 00:00:00'),
(266, 86, '', '', '', '', '', '[{"attr_name":"Controller:","attr_desc":"  Product\\n "},{"attr_name":"author:","attr_desc":"  namnd86@gmail.com\\n "}]', '', '2014-02-28 05:18:32', '0000-00-00 00:00:00'),
(267, 87, '', '', '', '', '', '[{"attr_name":"Controller:","attr_desc":"  Product\\n "},{"attr_name":"author:","attr_desc":"  namnd86@gmail.com\\n "}]', '', '2014-02-28 05:18:32', '0000-00-00 00:00:00'),
(268, 88, '', '', '', '', '', '[{"attr_name":"Controller:","attr_desc":"  Product\\n "},{"attr_name":"author:","attr_desc":"  namnd86@gmail.com\\n "}]', '', '2014-02-28 05:18:32', '0000-00-00 00:00:00'),
(269, 89, 'delete_multi_users', 'public', 'Delete multiple staffs', '', '(int) user ids of staff', '', 'function delete_multi_users($user_ids)\n	{\n		$sql = "UPDATE users SET status = 2 WHERE user_id IN (".$user_ids.")";\n		return $this->db->query($sql);\n	}', '2014-02-28 05:18:32', '0000-00-00 00:00:00'),
(270, 89, 'update_rating_multi_staffs', 'public', 'Update multiple users''s status at once', '', '(int) user ids of user and new status', '', '', '2014-02-28 05:18:32', '0000-00-00 00:00:00'),
(271, 90, '', '', '', '', '', '[{"attr_name":"Controller:","attr_desc":"  Product\\n "},{"attr_name":"author:","attr_desc":"  namnd86@gmail.com\\n "}]', '', '2014-02-28 05:18:32', '0000-00-00 00:00:00'),
(272, 92, '', '', '', '', '', '[{"attr_name":"Controller:","attr_desc":"  Work\\/Ajax\\n "},{"attr_name":"author:","attr_desc":"  namnd86@gmail.com\\n "}]', '', '2014-02-28 05:18:32', '0000-00-00 00:00:00');

-- --------------------------------------------------------

--
-- Table structure for table `modules_mvc`
--

CREATE TABLE `modules_mvc` (
  `id` int(11) NOT NULL AUTO_INCREMENT,
  `project_modules_id` int(11) NOT NULL,
  `mvc_type` enum('controllers','models','views') NOT NULL,
  `name` varchar(255) NOT NULL,
  `description` text NOT NULL,
  `comment` text NOT NULL,
  `created` timestamp NOT NULL DEFAULT CURRENT_TIMESTAMP ON UPDATE CURRENT_TIMESTAMP,
  `modified` datetime NOT NULL,
  PRIMARY KEY (`id`)
) ENGINE=InnoDB  DEFAULT CHARSET=latin1 AUTO_INCREMENT=95 ;

--
-- Dumping data for table `modules_mvc`
--

INSERT INTO `modules_mvc` (`id`, `project_modules_id`, `mvc_type`, `name`, `description`, `comment`, `created`, `modified`) VALUES
(1, 1, 'controllers', 'Account', 'Description has not been added to this class', '', '2014-02-28 05:18:30', '0000-00-00 00:00:00'),
(2, 2, 'controllers', 'Ajax', 'Ajax controller for attributes.', 'The custom attributes is not included in this module. It is located under the module - formbuilder', '2014-02-28 05:18:30', '0000-00-00 00:00:00'),
(3, 2, 'controllers', 'Attribute', 'Description has not been added to this class', '', '2014-02-28 05:18:30', '0000-00-00 00:00:00'),
(4, 2, 'controllers', 'Availability', 'Description has not been added to this class', '', '2014-02-28 05:18:30', '0000-00-00 00:00:00'),
(5, 2, 'controllers', 'Group', 'Description has not been added to this class', '', '2014-02-28 05:18:30', '0000-00-00 00:00:00'),
(6, 2, 'controllers', 'Location', 'Description has not been added to this class', '', '2014-02-28 05:18:30', '0000-00-00 00:00:00'),
(7, 2, 'controllers', 'Payrate', 'Description has not been added to this class', '', '2014-02-28 05:18:30', '0000-00-00 00:00:00'),
(8, 2, 'controllers', 'Role', 'Description has not been added to this class', '', '2014-02-28 05:18:30', '0000-00-00 00:00:00'),
(9, 2, 'controllers', 'Staff_attribute', 'Description has not been added to this class', '', '2014-02-28 05:18:30', '0000-00-00 00:00:00'),
(10, 2, 'controllers', 'Uniform', 'Description has not been added to this class', '', '2014-02-28 05:18:30', '0000-00-00 00:00:00'),
(11, 2, 'controllers', 'Venue', 'Description has not been added to this class', '', '2014-02-28 05:18:30', '0000-00-00 00:00:00'),
(12, 2, 'models', 'Availability_model', 'Description has not been added to this class', '', '2014-02-28 05:18:30', '0000-00-00 00:00:00'),
(13, 2, 'models', 'Group_model', 'Description has not been added to this class', '', '2014-02-28 05:18:30', '0000-00-00 00:00:00'),
(14, 2, 'models', 'Location_model', 'Description has not been added to this class', '', '2014-02-28 05:18:30', '0000-00-00 00:00:00'),
(15, 2, 'models', 'Payrate_model', 'Description has not been added to this class', '', '2014-02-28 05:18:30', '0000-00-00 00:00:00'),
(16, 2, 'models', 'Role_model', 'Role Model. Handles database operation regarding the attribute Role.', '', '2014-02-28 05:18:30', '0000-00-00 00:00:00'),
(17, 2, 'models', 'Staff_attribute_model', 'Description has not been added to this class', '', '2014-02-28 05:18:30', '0000-00-00 00:00:00'),
(18, 2, 'models', 'Uniform_model', 'Description has not been added to this class', '', '2014-02-28 05:18:30', '0000-00-00 00:00:00'),
(19, 2, 'models', 'Venue_model', 'Description has not been added to this class', '', '2014-02-28 05:18:30', '0000-00-00 00:00:00'),
(20, 3, 'controllers', 'Auth', 'Description has not been added to this class', '', '2014-02-28 05:18:30', '0000-00-00 00:00:00'),
(21, 3, 'models', 'Auth_model', 'Description has not been added to this class', '', '2014-02-28 05:18:30', '0000-00-00 00:00:00'),
(22, 4, 'controllers', 'Ajax', 'Description has not been added to this class', '', '2014-02-28 05:18:30', '0000-00-00 00:00:00'),
(23, 4, 'controllers', 'Client', 'Description has not been added to this class', '', '2014-02-28 05:18:30', '0000-00-00 00:00:00'),
(24, 4, 'models', 'Client_model', 'Description has not been added to this class', '', '2014-02-28 05:18:30', '0000-00-00 00:00:00'),
(25, 5, 'controllers', 'Ajax', 'Common ajax controller', '', '2014-02-28 05:18:30', '0000-00-00 00:00:00'),
(26, 5, 'controllers', 'Common', 'controller to handle common module such as field_select and can be used in any views/modules', '', '2014-02-28 05:18:31', '0000-00-00 00:00:00'),
(27, 5, 'models', 'Common_model', 'Description has not been added to this class', '', '2014-02-28 05:18:31', '0000-00-00 00:00:00'),
(28, 6, 'controllers', 'Config', 'Description has not been added to this class', '', '2014-02-28 05:18:31', '0000-00-00 00:00:00'),
(29, 6, 'models', 'Config_model', 'Description has not been added to this class', '', '2014-02-28 05:18:31', '0000-00-00 00:00:00'),
(30, 7, 'controllers', 'Admin', 'Description has not been added to this class', '', '2014-02-28 05:18:31', '0000-00-00 00:00:00'),
(31, 8, 'controllers', 'Admin', 'Description has not been added to this class', '', '2014-02-28 05:18:31', '0000-00-00 00:00:00'),
(32, 8, 'controllers', 'Dashboard', 'Description has not been added to this class', '', '2014-02-28 05:18:31', '0000-00-00 00:00:00'),
(33, 8, 'controllers', 'Dashboard_staff', 'Description has not been added to this class', '', '2014-02-28 05:18:31', '0000-00-00 00:00:00'),
(34, 8, 'models', 'Dashboard_model', 'Description has not been added to this class', '', '2014-02-28 05:18:31', '0000-00-00 00:00:00'),
(35, 9, 'controllers', 'Ajax', 'Description has not been added to this class', '', '2014-02-28 05:18:31', '0000-00-00 00:00:00'),
(36, 9, 'controllers', 'Export', 'Description has not been added to this class', '', '2014-02-28 05:18:31', '0000-00-00 00:00:00'),
(37, 9, 'models', 'Export_model', 'Description has not been added to this class', '', '2014-02-28 05:18:31', '0000-00-00 00:00:00'),
(38, 10, 'controllers', 'Formbuilder', 'This module is used for building custom form. On staffmaster this will be used for adding custom attributes for staff. These attributes will then be searchable for any given staff.', '', '2014-02-28 05:18:31', '0000-00-00 00:00:00'),
(39, 10, 'models', 'Formbuilder_model', 'This module is used for building custom form. On staffmaster this will be used for adding custom attributes for staff. These attributes will then be searchable for any given staff.', '', '2014-02-28 05:18:31', '0000-00-00 00:00:00'),
(40, 11, 'controllers', 'Ajax', 'Description has not been added to this class', '', '2014-02-28 05:18:31', '0000-00-00 00:00:00'),
(41, 11, 'controllers', 'Invoice', 'Description has not been added to this class', '', '2014-02-28 05:18:31', '0000-00-00 00:00:00'),
(42, 11, 'models', 'Invoice_model', 'Description has not been added to this class', '', '2014-02-28 05:18:31', '0000-00-00 00:00:00'),
(43, 12, 'controllers', 'Ajax', 'Description has not been added to this class', '', '2014-02-28 05:18:31', '0000-00-00 00:00:00'),
(44, 12, 'controllers', 'Ajax_calendar', 'Description has not been added to this class', '', '2014-02-28 05:18:31', '0000-00-00 00:00:00'),
(45, 12, 'controllers', 'Calendar', 'Description has not been added to this class', '', '2014-02-28 05:18:31', '0000-00-00 00:00:00'),
(46, 12, 'controllers', 'Job', 'Description has not been added to this class', '', '2014-02-28 05:18:31', '0000-00-00 00:00:00'),
(47, 12, 'controllers', 'Shift', 'Description has not been added to this class', '', '2014-02-28 05:18:31', '0000-00-00 00:00:00'),
(48, 12, 'models', 'Job_model', 'Description has not been added to this class', '', '2014-02-28 05:18:31', '0000-00-00 00:00:00'),
(49, 12, 'models', 'Job_shift_model', 'Description has not been added to this class', '', '2014-02-28 05:18:31', '0000-00-00 00:00:00'),
(50, 13, 'controllers', 'Admin', 'Description has not been added to this class', '', '2014-02-28 05:18:31', '0000-00-00 00:00:00'),
(51, 13, 'controllers', 'Ajax', 'Description has not been added to this class', '', '2014-02-28 05:18:31', '0000-00-00 00:00:00'),
(52, 13, 'models', 'Order_model', 'Description has not been added to this class', '', '2014-02-28 05:18:31', '0000-00-00 00:00:00'),
(53, 14, 'controllers', 'Admin', 'Description has not been added to this class', '', '2014-02-28 05:18:31', '0000-00-00 00:00:00'),
(54, 14, 'models', 'Page_model', 'Description has not been added to this class', '', '2014-02-28 05:18:31', '0000-00-00 00:00:00'),
(55, 15, 'controllers', 'Ajax', 'Description has not been added to this class', '', '2014-02-28 05:18:31', '0000-00-00 00:00:00'),
(56, 15, 'controllers', 'Payrun', 'Description has not been added to this class', '', '2014-02-28 05:18:31', '0000-00-00 00:00:00'),
(57, 15, 'models', 'Payrun_model', 'Description has not been added to this class', '', '2014-02-28 05:18:31', '0000-00-00 00:00:00'),
(58, 16, 'controllers', 'Admin', 'Description has not been added to this class', '', '2014-02-28 05:18:31', '0000-00-00 00:00:00'),
(59, 16, 'controllers', 'Ajax', 'Description has not been added to this class', '', '2014-02-28 05:18:31', '0000-00-00 00:00:00'),
(60, 16, 'controllers', 'Product', 'Description has not been added to this class', '', '2014-02-28 05:18:31', '0000-00-00 00:00:00'),
(61, 16, 'models', 'Customer_model', 'Description has not been added to this class', '', '2014-02-28 05:18:31', '0000-00-00 00:00:00'),
(62, 16, 'models', 'Product_model', 'Description has not been added to this class', '', '2014-02-28 05:18:31', '0000-00-00 00:00:00'),
(63, 17, 'controllers', 'Ajax', 'Description has not been added to this class', '', '2014-02-28 05:18:31', '0000-00-00 00:00:00'),
(64, 17, 'controllers', 'Profile', 'Description has not been added to this class', '', '2014-02-28 05:18:31', '0000-00-00 00:00:00'),
(65, 17, 'models', 'Profile_model', 'Description has not been added to this class', '', '2014-02-28 05:18:31', '0000-00-00 00:00:00'),
(66, 18, 'controllers', 'Admin', 'Description has not been added to this class', '', '2014-02-28 05:18:31', '0000-00-00 00:00:00'),
(67, 18, 'controllers', 'Ajax', 'Description has not been added to this class', '', '2014-02-28 05:18:31', '0000-00-00 00:00:00'),
(68, 18, 'controllers', 'Resource', 'Description has not been added to this class', '', '2014-02-28 05:18:31', '0000-00-00 00:00:00'),
(69, 18, 'models', 'Resource_model', 'Description has not been added to this class', '', '2014-02-28 05:18:31', '0000-00-00 00:00:00'),
(70, 19, 'controllers', 'Ajax', 'Description has not been added to this class', '', '2014-02-28 05:18:31', '0000-00-00 00:00:00'),
(71, 19, 'controllers', 'Roster_staff', 'roster controller for staff', '', '2014-02-28 05:18:31', '0000-00-00 00:00:00'),
(72, 19, 'models', 'Roster_model', 'Description has not been added to this class', '', '2014-02-28 05:18:31', '0000-00-00 00:00:00'),
(73, 20, 'controllers', 'Ajax', 'Description has not been added to this class', '', '2014-02-28 05:18:31', '0000-00-00 00:00:00'),
(74, 20, 'controllers', 'Setting', 'Description has not been added to this class', '', '2014-02-28 05:18:31', '0000-00-00 00:00:00'),
(75, 20, 'models', 'Setting_model', 'Description has not been added to this class', '', '2014-02-28 05:18:32', '0000-00-00 00:00:00'),
(76, 21, 'controllers', 'Ajax', 'Description has not been added to this class', '', '2014-02-28 05:18:32', '0000-00-00 00:00:00'),
(77, 21, 'controllers', 'Staff', 'Description has not been added to this class', '', '2014-02-28 05:18:32', '0000-00-00 00:00:00'),
(78, 21, 'controllers', 'Staff_staff', 'Description has not been added to this class', '', '2014-02-28 05:18:32', '0000-00-00 00:00:00'),
(79, 21, 'models', 'Staff_model', 'Description has not been added to this class', '', '2014-02-28 05:18:32', '0000-00-00 00:00:00'),
(80, 22, 'controllers', 'Ajax', 'Description has not been added to this class', '', '2014-02-28 05:18:32', '0000-00-00 00:00:00'),
(81, 22, 'controllers', 'Ajax_staff', 'Description has not been added to this class', '', '2014-02-28 05:18:32', '0000-00-00 00:00:00'),
(82, 22, 'controllers', 'Timesheet', 'Description has not been added to this class', '', '2014-02-28 05:18:32', '0000-00-00 00:00:00'),
(83, 22, 'controllers', 'Timesheet_staff', 'Description has not been added to this class', '', '2014-02-28 05:18:32', '0000-00-00 00:00:00'),
(84, 22, 'models', 'Timesheet_model', 'Description has not been added to this class', '', '2014-02-28 05:18:32', '0000-00-00 00:00:00'),
(85, 22, 'models', 'Timesheet_staff_model', 'Description has not been added to this class', '', '2014-02-28 05:18:32', '0000-00-00 00:00:00'),
(86, 23, 'controllers', 'Ajax', 'Description has not been added to this class', '', '2014-02-28 05:18:32', '0000-00-00 00:00:00'),
(87, 23, 'controllers', 'Css', 'Description has not been added to this class', '', '2014-02-28 05:18:32', '0000-00-00 00:00:00'),
(88, 23, 'controllers', 'User', 'Description has not been added to this class', '', '2014-02-28 05:18:32', '0000-00-00 00:00:00'),
(89, 23, 'models', 'User_model', 'Description has not been added to this class', '', '2014-02-28 05:18:32', '0000-00-00 00:00:00'),
(90, 24, 'controllers', 'Warranty', 'Description has not been added to this class', '', '2014-02-28 05:18:32', '0000-00-00 00:00:00'),
(91, 24, 'models', 'Warranty_model', 'Description has not been added to this class', '', '2014-02-28 05:18:32', '0000-00-00 00:00:00'),
(92, 25, 'controllers', 'Ajax', 'Description has not been added to this class', '', '2014-02-28 05:18:32', '0000-00-00 00:00:00'),
(93, 25, 'controllers', 'Work_staff', 'apply controller for staff', '', '2014-02-28 05:18:32', '0000-00-00 00:00:00'),
(94, 25, 'models', 'Work_model', 'Description has not been added to this class', '', '2014-02-28 05:18:32', '0000-00-00 00:00:00');

-- --------------------------------------------------------

--
-- Table structure for table `payruns`
--

CREATE TABLE `payruns` (
  `payrun_id` bigint(20) NOT NULL AUTO_INCREMENT,
  `type` tinyint(4) NOT NULL COMMENT '1: tfn, 2: abn',
  `amount` decimal(10,2) NOT NULL,
  `total_staffs` int(11) NOT NULL,
  `total_shifts` int(11) NOT NULL,
  `status` tinyint(4) NOT NULL,
  `created_on` timestamp NOT NULL DEFAULT CURRENT_TIMESTAMP,
  PRIMARY KEY (`payrun_id`)
) ENGINE=InnoDB DEFAULT CHARSET=latin1 AUTO_INCREMENT=1 ;

-- --------------------------------------------------------

--
-- Table structure for table `project_documentation`
--

CREATE TABLE `project_documentation` (
  `id` int(11) NOT NULL AUTO_INCREMENT,
  `project_name` varchar(255) NOT NULL,
  `description` text NOT NULL,
  `created` timestamp NOT NULL DEFAULT CURRENT_TIMESTAMP ON UPDATE CURRENT_TIMESTAMP,
  `modified` datetime NOT NULL,
  PRIMARY KEY (`id`)
) ENGINE=InnoDB DEFAULT CHARSET=latin1 AUTO_INCREMENT=1 ;

-- --------------------------------------------------------

--
-- Table structure for table `project_modules`
--

CREATE TABLE `project_modules` (
  `id` int(11) NOT NULL AUTO_INCREMENT,
  `name` varchar(255) NOT NULL,
  `description` text NOT NULL,
  `created` timestamp NOT NULL DEFAULT CURRENT_TIMESTAMP ON UPDATE CURRENT_TIMESTAMP,
  `modified` datetime NOT NULL,
  PRIMARY KEY (`id`)
) ENGINE=InnoDB  DEFAULT CHARSET=latin1 AUTO_INCREMENT=26 ;

--
-- Dumping data for table `project_modules`
--

INSERT INTO `project_modules` (`id`, `name`, `description`, `created`, `modified`) VALUES
(1, 'account', '', '2014-02-28 05:18:30', '0000-00-00 00:00:00'),
(2, 'attribute', '', '2014-02-28 05:18:30', '0000-00-00 00:00:00'),
(3, 'auth', '', '2014-02-28 05:18:30', '0000-00-00 00:00:00'),
(4, 'client', '', '2014-02-28 05:18:30', '0000-00-00 00:00:00'),
(5, 'common', '', '2014-02-28 05:18:30', '0000-00-00 00:00:00'),
(6, 'config', '', '2014-02-28 05:18:30', '0000-00-00 00:00:00'),
(7, 'customer', '', '2014-02-28 05:18:30', '0000-00-00 00:00:00'),
(8, 'dashboard', '', '2014-02-28 05:18:30', '0000-00-00 00:00:00'),
(9, 'export', '', '2014-02-28 05:18:30', '0000-00-00 00:00:00'),
(10, 'formbuilder', '', '2014-02-28 05:18:30', '0000-00-00 00:00:00'),
(11, 'invoice', '', '2014-02-28 05:18:30', '0000-00-00 00:00:00'),
(12, 'job', '', '2014-02-28 05:18:30', '0000-00-00 00:00:00'),
(13, 'order', '', '2014-02-28 05:18:30', '0000-00-00 00:00:00'),
(14, 'page', '', '2014-02-28 05:18:30', '0000-00-00 00:00:00'),
(15, 'payrun', '', '2014-02-28 05:18:30', '0000-00-00 00:00:00'),
(16, 'product', '', '2014-02-28 05:18:30', '0000-00-00 00:00:00'),
(17, 'profile', '', '2014-02-28 05:18:30', '0000-00-00 00:00:00'),
(18, 'resource', '', '2014-02-28 05:18:30', '0000-00-00 00:00:00'),
(19, 'roster', '', '2014-02-28 05:18:30', '0000-00-00 00:00:00'),
(20, 'setting', '', '2014-02-28 05:18:30', '0000-00-00 00:00:00'),
(21, 'staff', '', '2014-02-28 05:18:30', '0000-00-00 00:00:00'),
(22, 'timesheet', '', '2014-02-28 05:18:30', '0000-00-00 00:00:00'),
(23, 'user', '', '2014-02-28 05:18:30', '0000-00-00 00:00:00'),
(24, 'warranty', '', '2014-02-28 05:18:30', '0000-00-00 00:00:00'),
(25, 'work', '', '2014-02-28 05:18:30', '0000-00-00 00:00:00');

-- --------------------------------------------------------

--
-- Table structure for table `staffs_custom_attributes`
--

CREATE TABLE `staffs_custom_attributes` (
  `staffs_custom_attribute_id` int(11) NOT NULL AUTO_INCREMENT,
  `user_staff_id` int(11) NOT NULL,
  `attribute_name` varchar(255) NOT NULL,
  `attributes` text NOT NULL,
  PRIMARY KEY (`staffs_custom_attribute_id`)
) ENGINE=InnoDB DEFAULT CHARSET=latin1 AUTO_INCREMENT=1 ;

-- --------------------------------------------------------

--
-- Table structure for table `staffs_groups`
--

CREATE TABLE `staffs_groups` (
  `staffs_groups_id` int(10) unsigned NOT NULL AUTO_INCREMENT,
  `user_id` int(11) NOT NULL,
  `attribute_group_id` int(11) NOT NULL,
  PRIMARY KEY (`staffs_groups_id`)
) ENGINE=InnoDB DEFAULT CHARSET=latin1 AUTO_INCREMENT=1 ;

-- --------------------------------------------------------

--
-- Table structure for table `staffs_roles`
--

CREATE TABLE `staffs_roles` (
  `staffs_roles_id` int(10) unsigned NOT NULL AUTO_INCREMENT,
  `user_id` int(11) NOT NULL,
  `attribute_role_id` int(11) NOT NULL,
  PRIMARY KEY (`staffs_roles_id`)
) ENGINE=InnoDB DEFAULT CHARSET=latin1 AUTO_INCREMENT=1 ;

-- --------------------------------------------------------

--
-- Table structure for table `states`
--

CREATE TABLE `states` (
  `state_id` int(11) NOT NULL AUTO_INCREMENT,
  `code` varchar(250) NOT NULL,
  `name` varchar(250) NOT NULL,
  PRIMARY KEY (`state_id`)
) ENGINE=MyISAM  DEFAULT CHARSET=latin1 AUTO_INCREMENT=9 ;

--
-- Dumping data for table `states`
--

INSERT INTO `states` (`state_id`, `code`, `name`) VALUES
(1, 'ACT', 'Australian Capital Territory'),
(2, 'NSW', 'New South Wales'),
(3, 'NT', 'Northern Territory'),
(4, 'QLD', 'Queensland'),
(5, 'SA', 'South Australia'),
(6, 'TAS', 'Tasmania'),
(7, 'VIC', 'Victoria'),
(8, 'WA', 'Western Australia');

-- --------------------------------------------------------

--
-- Table structure for table `supers`
--

CREATE TABLE `supers` (
  `super_id` int(11) NOT NULL AUTO_INCREMENT,
  `name` varchar(127) NOT NULL,
  PRIMARY KEY (`super_id`)
) ENGINE=MyISAM  DEFAULT CHARSET=latin1 AUTO_INCREMENT=122 ;

--
-- Dumping data for table `supers`
--

INSERT INTO `supers` (`super_id`, `name`) VALUES
(1, 'AMP'),
(2, 'Asset Super'),
(3, 'Asteron Life'),
(4, 'Aus Super'),
(5, 'Australian Super'),
(6, 'BT Super'),
(7, 'Care Super'),
(8, 'Catholic Super Fund'),
(9, 'First State Super'),
(10, 'Guild Super'),
(11, 'Health super'),
(12, 'HESTA'),
(13, 'HOST Plus'),
(14, 'Intrust Super'),
(15, 'IOOF'),
(16, 'KARLIE K WRING'),
(17, 'Local Government Super'),
(18, 'LUCRF Super'),
(19, 'Media super'),
(20, 'MLC'),
(21, 'MLC Universal Super Scheme'),
(22, 'NGS Super'),
(23, 'One Path'),
(24, 'Pacific Custodians Pty Ltd'),
(25, 'Recruitment Super'),
(26, 'Rei Super'),
(27, 'REST Superannuation'),
(28, 'Sunsuper'),
(29, 'Telstra Super'),
(30, 'Unisuper'),
(31, 'Vic Super'),
(32, 'Virgin Superfund'),
(33, 'Westscheme'),
(34, 'Agest Super'),
(35, 'AMP Corporate Super'),
(36, 'AMP Custom'),
(37, 'AMP Flexible Super'),
(38, 'AMP Life Limited'),
(39, 'AMP RETIREMENT SAVINGS'),
(40, 'ANZ Australian Staff Super'),
(41, 'ANZ Super Advantage'),
(42, 'ARF Super Fund'),
(43, 'ARIA'),
(44, 'Ashton Superfund'),
(46, 'Australian Enterprise Super'),
(47, 'Australian Super Member'),
(48, 'Australian YMCA Super'),
(49, 'AXA'),
(50, 'B Price & G Price Super'),
(51, 'BENDIGO'),
(52, 'BT Life'),
(54, 'Calstores Super'),
(56, 'Catholic Superannuation'),
(57, 'CBUS'),
(58, 'Clearview Super & Rollover Fun'),
(59, 'Club Super'),
(60, 'Co-invest'),
(61, 'Colonial First State'),
(62, 'Colonial Select Personal Super'),
(63, 'Commonwealth officers super co'),
(64, 'Commonwealth Super fund & Roll'),
(65, 'Easy Choice'),
(66, 'Equisuper'),
(67, 'First Choice Employer Super'),
(69, 'GESB'),
(71, 'Harding super Fund'),
(74, 'Holcim Super'),
(75, 'Ing Masterfund'),
(76, 'ING ONE Answer'),
(77, 'ING One Answer Personal Super'),
(78, 'Instruct Super'),
(79, 'Integra Super One Path'),
(81, 'Klose Family SMSF'),
(82, 'Legal Super'),
(83, 'LG Super'),
(84, 'Lifetrack Personal Super'),
(85, 'Local super'),
(86, 'LUCRF'),
(87, 'Macquarie Super Manager'),
(89, 'Members Equity'),
(90, 'MERCER'),
(91, 'MLC Navigator'),
(92, 'MTAA Super Fund'),
(94, 'North Personal Wealth'),
(96, 'OSF'),
(97, 'Perpetual Wealth Focus'),
(98, 'Plum Super'),
(99, 'Police and Nurses'),
(101, 'QSuper'),
(104, 'Retail Employees Super Trust'),
(105, 'Russell Super Solution'),
(106, 'SERF'),
(107, 'Southerland Credit U'),
(108, 'Spectrum Super'),
(109, 'Statewide Super'),
(110, 'Sun Super'),
(111, 'Suncorp Easy Super'),
(112, 'Suncorp Metway'),
(113, 'Super Trust'),
(114, 'Superannuation Savings Account'),
(115, 'TASPLAN'),
(116, 'Tower Investing In Life'),
(117, 'Virgin Super'),
(118, 'Vision Super Fund'),
(119, 'Visions Super Fund'),
(120, 'Wesfarmers Group Super Fund');

-- --------------------------------------------------------

--
-- Table structure for table `users`
--

CREATE TABLE `users` (
  `user_id` bigint(20) NOT NULL AUTO_INCREMENT,
  `status` tinyint(4) NOT NULL COMMENT '1 = active, 0 = pending, -1 = inactive, 2 = deleted',
  `is_admin` tinyint(4) NOT NULL,
  `is_staff` tinyint(4) NOT NULL,
  `is_client` tinyint(4) NOT NULL,
  `access_level` tinyint(4) NOT NULL,
  `email_address` varchar(100) NOT NULL,
  `username` varchar(100) NOT NULL,
  `password` varchar(100) NOT NULL,
  `title` varchar(10) NOT NULL,
  `first_name` varchar(100) NOT NULL,
  `last_name` varchar(100) NOT NULL,
  `full_name` varchar(100) NOT NULL,
  `address` varchar(255) NOT NULL,
  `suburb` varchar(100) NOT NULL,
  `city` varchar(100) NOT NULL,
  `state` varchar(100) NOT NULL,
  `postcode` varchar(10) NOT NULL,
  `phone` varchar(20) NOT NULL,
  `country` varchar(100) NOT NULL,
  `mobile` varchar(20) NOT NULL,
  `last_signed_in_on` datetime NOT NULL,
  `created_on` timestamp NOT NULL DEFAULT CURRENT_TIMESTAMP,
  `modified_on` datetime NOT NULL,
  PRIMARY KEY (`user_id`)
) ENGINE=InnoDB  DEFAULT CHARSET=latin1 AUTO_INCREMENT=34 ;

--
-- Dumping data for table `users`
--

INSERT INTO `users` (`user_id`, `status`, `is_admin`, `is_staff`, `is_client`, `access_level`, `email_address`, `username`, `password`, `title`, `first_name`, `last_name`, `full_name`, `address`, `suburb`, `city`, `state`, `postcode`, `phone`, `country`, `mobile`, `last_signed_in_on`, `created_on`, `modified_on`) VALUES
(1, 1, 1, 1, 0, 0, 'propagate.au@gmail.com', 'admin', 'e10adc3949ba59abbe56e057f20f883e', 'Mr', 'Pro', 'Gate', 'Pro Pa Gate', '20A Macquaire St', 'Prahran', 'Melbourne', 'VIC', '3181', '', 'AU', '', '2014-02-28 10:03:45', '2014-02-05 19:22:44', '2014-02-19 14:24:33'),
(10, 1, 0, 1, 0, 0, 'andrew.hyatt@smmail.com', 'andrew.hyatt@smmail.com', '47fab60bdcd2ffce91447d19fe9ce7f1', 'Mr', 'Andrew', 'Hyatt', '', '24 Park St', 'Hawthorn', 'Melbourne', 'VIC', '3122', '04334578965', 'AU', '', '0000-00-00 00:00:00', '2014-02-03 19:12:17', '2014-02-25 17:12:05'),
(11, 1, 0, 1, 0, 0, 'brian.hudson@smmail.com', 'brian.hudson@smmail.com', '929064f2a141f812f1c2efb3ff8194ca', 'Mr', 'Brian', 'Hudson', '', '23 Liddiard St', 'Hawthorn', 'Melbourne', 'VIC', '3122', '04334578964', 'AU', '', '0000-00-00 00:00:00', '2014-02-03 19:13:35', '0000-00-00 00:00:00'),
(12, 1, 0, 1, 0, 0, 'thomas.edison@smmail.com', 'thomas.edison@smmail.com', '8766814f87d4790bd6c5f52d12b98da6', 'Mr', 'Thomas', 'Edison', '', '34 Stanley St', 'Melbourne', 'Melbourne', 'VIC', '3000', '04334578962', 'AU', '', '0000-00-00 00:00:00', '2014-02-03 19:14:52', '0000-00-00 00:00:00'),
(13, 1, 0, 1, 0, 0, 'richard.gerald@smmail.com', 'richard.gerald@smmail.com', 'f9e1d2c7f00aae3f2a241982dc770f72', 'Mr', 'Richard', 'Gerald', '', '26 Monash FWY', 'Dandenong', 'Melbourne', 'VIC', '3076', '04334578968', 'AU', '', '0000-00-00 00:00:00', '2014-02-03 19:16:31', '0000-00-00 00:00:00'),
(14, 1, 0, 1, 0, 0, 'edward.chaplin@smmail.com', 'edward.chaplin@smmail.com', '6676e7d0995ebd8dbd136869a9358d14', 'Mr', 'Edward', 'Chaplin', '', '7 Rose St', 'Sandringham', 'Melbourne', 'VIC', '3058', '04334578969', 'AU', '', '0000-00-00 00:00:00', '2014-02-03 19:18:16', '0000-00-00 00:00:00'),
(15, 1, 0, 1, 0, 0, 'gary.burke@smmail.com', 'gary.burke@smmail.com', '66159c88637fad4014ee2e0547b7fd22', 'Mr', 'Gary', 'Burke', '', '90 Smith St', 'KEW', 'Melbourne', 'VIC', '3121', '04334578967', 'AU', '', '0000-00-00 00:00:00', '2014-02-03 19:19:47', '0000-00-00 00:00:00'),
(16, 1, 0, 1, 0, 0, 'howard.leigh@smmail.com', 'howard.leigh@smmail.com', '09ab16a5273d209653935ad2d5c145ad', 'Mr', 'Howard', 'Leigh', '', '8 Bell St', 'Camberwell', 'Mel', 'VIC', '3123', '04334578961', 'AU', '', '0000-00-00 00:00:00', '2014-02-03 19:21:45', '0000-00-00 00:00:00'),
(17, 1, 0, 1, 0, 0, 'william.tent@smmail.com', 'william.tent@smmail.com', '8a31fc89653c9f20d371bec97430d477', 'Mr', 'William', 'Tent', '', '20 Riverbank St', 'Melbourne', 'Mel', 'VIC', '3000', '04334578963', 'AU', '', '0000-00-00 00:00:00', '2014-02-03 19:23:19', '0000-00-00 00:00:00'),
(18, 1, 0, 1, 0, 0, 'luke.smith@smmail.com', 'luke.smith@smmail.com', '85242bd9419eb073a907d7f756b5f8dd', 'Mr', 'Luke', 'Smith', '', '3 Collins St', 'East Camberwell', 'Melbourne', 'VIC', '3123', '04334578977', 'AU', '', '0000-00-00 00:00:00', '2014-02-03 19:24:40', '0000-00-00 00:00:00'),
(19, 1, 0, 1, 0, 0, 'rio.chris@smmail.com', 'rio.chris@smmail.com', 'f237aef579ff90dcd9b528115cb25c32', 'Mr', 'Rio', 'Chris', '', '40 Hull St', 'Hawthorn', 'Melbourne', 'VIC', '3122', '04334578978', 'AU', '', '0000-00-00 00:00:00', '2014-02-03 19:25:49', '0000-00-00 00:00:00'),
(20, 1, 0, 1, 0, 0, 'paul.gilbert@smmail.com', 'paul.gilbert@smmail.com', '2e69f107d4be5f743461cb66d55d5e6e', 'Mr', 'Paul', 'Gilbert', '', '50 Town St', 'Glen Huntly', 'Melbourne', 'VIC', '3151', '04334578976', 'AU', '', '0000-00-00 00:00:00', '2014-02-03 19:27:12', '0000-00-00 00:00:00'),
(21, 1, 0, 1, 0, 0, 'susie.howie@smmail.com', 'susie.howie@smmail.com', 'd9db25b58eb5dd9c1b200629a0cd25f8', 'Miss', 'Susie', 'Howie', '', '9 Hull St', 'Hawthorn', 'Mel', 'VIC', '3121', '04334578974', 'AU', '', '0000-00-00 00:00:00', '2014-02-03 19:28:30', '0000-00-00 00:00:00'),
(22, 1, 0, 1, 0, 0, 'fiona.harris@smmail.com', 'fiona.harris@smmail.com', '3308b3a95bb633da5c0c578a607dfaff', 'Miss', 'Fiona', 'Harris', '', '2 Lidiard St', 'Camberwell', 'Melbourne', 'VIC', '3123', '', 'AU', '', '0000-00-00 00:00:00', '2014-02-03 19:29:33', '0000-00-00 00:00:00'),
(23, 1, 0, 1, 0, 0, 'rachel.gibson@smmail.com', 'rachel.gibson@smmail.com', '4e2fe6dc5c296a7a548a7fd4eaf3ad07', 'Miss', 'Rachel', 'Gibson', '', '12 Square st', 'Melbourne', 'Melbourne', 'VIC', '3000', '04334578448', 'AU', '', '0000-00-00 00:00:00', '2014-02-03 19:31:01', '0000-00-00 00:00:00'),
(24, 1, 0, 1, 0, 0, 'judith.palse@smmail.com', 'judith.palse@smmail.com', 'f481aa3206ba8cb86cd50fe9d005a9b6', 'Miss', 'Judith', 'Palse', '', '99 Bank St', 'Cranbourne', 'Melbourne', 'VIC', '3400', '043345744448', 'AU', '', '0000-00-00 00:00:00', '2014-02-03 19:32:24', '0000-00-00 00:00:00'),
(25, 1, 0, 1, 0, 0, 'lucy.dale@smmail.com', 'lucy.dale@smmail.com', '861a628f450def33619f6232540441cc', 'Mrs', 'Lucy', 'Dale', '', '9 Iron st', 'Brighton', 'Melbourne', 'VIC', '3300', '', 'AU', '', '0000-00-00 00:00:00', '2014-02-03 19:33:21', '0000-00-00 00:00:00'),
(26, 1, 0, 1, 0, 0, 'sheila.hondie@smmail.com', 'sheila.hondie@smmail.com', 'd10d53f2f76add5b8561541f981c60d4', 'Miss', 'Sheila', 'Hondie', '', '45 Team st', 'Glen Roy', 'Melbourne', 'VIC', '3145', '', 'AU', '', '0000-00-00 00:00:00', '2014-02-03 19:34:21', '0000-00-00 00:00:00'),
(27, 1, 0, 1, 0, 0, 'jess.killer@smmail.com', 'jess.killer@smmail.com', 'ff6ae2cda9741c0f0c03bce2b6d93af9', 'Miss', 'Jess', 'Killer', '', '7 Whiteman St', 'Melbourne', 'Melbourne', 'VIC', '3000', '', 'AU', '', '0000-00-00 00:00:00', '2014-02-03 19:35:22', '0000-00-00 00:00:00'),
(28, 1, 0, 1, 0, 0, 'kelly.chen@smmail.com', 'kelly.chen@smmail.com', '872059ee9abf7170f74f41b33e41830d', 'Miss', 'Kelly', 'Chen', '', '8 Flinders St', 'Melbourne', 'Melbourne', 'VIC', '3000', '', 'AU', '', '0000-00-00 00:00:00', '2014-02-03 19:36:17', '0000-00-00 00:00:00'),
(29, 1, 0, 1, 0, 0, 'angela.lindsay@smmail.com', 'angela.lindsay@smmail.com', 'f495b400db54e6dec5bf2a7f6d40fd56', 'Miss', 'Angela', 'Lindsay', '', '80 Bourke St', 'Melbourne', 'Melbourne', 'VIC', '3000', '', 'AU', '', '0000-00-00 00:00:00', '2014-02-03 19:37:27', '0000-00-00 00:00:00'),
(30, 1, 0, 1, 0, 0, 'lily.clipton@smmail.com', 'lily.clipton@smmail.com', 'b42669c97237ef087cc18c67afaac878', 'Miss', 'Lily', 'Clipton', '', '7 Flower st', 'Dandenong', 'Melbourne', 'VIC', '3600', '', 'AU', '', '0000-00-00 00:00:00', '2014-02-03 19:38:19', '0000-00-00 00:00:00'),
(31, 1, 0, 0, 1, 0, 'propagate.au@gmail.com', 'propagate', 'e10adc3949ba59abbe56e057f20f883e', '', '', '', '', '20A Macquaire St', 'Prahran', 'Melbourne', 'VIC', '3181', '0402133066', 'AU', '', '0000-00-00 00:00:00', '2014-02-10 23:52:16', '0000-00-00 00:00:00'),
(33, 1, 0, 0, 1, 0, 'namnd86@gmail.com', 'namnd86@gmail.com', 'e10adc3949ba59abbe56e057f20f883e', '', '', '', 'Nam Nguyen', '100 Queens Street', 'Melbourne CBD', 'Melbourne', 'VIC', '3000', '0402133066', 'AU', '', '0000-00-00 00:00:00', '2014-02-13 00:24:22', '2014-02-13 17:23:18');

-- --------------------------------------------------------

--
-- Table structure for table `user_clients`
--

CREATE TABLE `user_clients` (
  `client_id` bigint(20) NOT NULL AUTO_INCREMENT,
  `user_id` bigint(20) NOT NULL,
  `external_client_id` varchar(20) NOT NULL,
  `company_name` varchar(100) NOT NULL,
  `abn` varchar(20) NOT NULL,
  PRIMARY KEY (`client_id`)
) ENGINE=InnoDB  DEFAULT CHARSET=latin1 AUTO_INCREMENT=3 ;

--
-- Dumping data for table `user_clients`
--

INSERT INTO `user_clients` (`client_id`, `user_id`, `external_client_id`, `company_name`, `abn`) VALUES
(1, 31, '', 'Propagate', '12 345 567 789'),
(2, 33, '123', 'Evret', '12 987 765 654');

-- --------------------------------------------------------

--
-- Table structure for table `user_client_departments`
--

CREATE TABLE `user_client_departments` (
  `department_id` int(11) NOT NULL AUTO_INCREMENT,
  `user_id` bigint(20) NOT NULL,
  `name` varchar(250) NOT NULL,
  PRIMARY KEY (`department_id`)
) ENGINE=InnoDB  DEFAULT CHARSET=latin1 AUTO_INCREMENT=4 ;

--
-- Dumping data for table `user_client_departments`
--

INSERT INTO `user_client_departments` (`department_id`, `user_id`, `name`) VALUES
(1, 33, 'VIC'),
(2, 33, 'New place'),
(3, 33, 'NSW');

-- --------------------------------------------------------

--
-- Table structure for table `user_staffs`
--

CREATE TABLE `user_staffs` (
  `staff_id` bigint(20) NOT NULL AUTO_INCREMENT,
  `user_id` bigint(20) NOT NULL,
  `group_id` int(11) NOT NULL,
  `external_staff_id` varchar(20) NOT NULL,
  `rating` decimal(10,2) NOT NULL,
  `gender` char(1) NOT NULL,
  `dob` date NOT NULL,
  `emergency_contact` varchar(100) NOT NULL,
  `emergency_phone` varchar(20) NOT NULL,
  `f_aus_resident` tinyint(4) NOT NULL,
  `f_tax_free_threshold` tinyint(4) NOT NULL,
  `f_tax_offset` tinyint(4) NOT NULL,
  `f_senior_status` varchar(100) NOT NULL,
  `f_help_debt` tinyint(4) NOT NULL,
  `f_help_variation` varchar(100) NOT NULL,
  `f_acc_name` varchar(100) NOT NULL,
  `f_acc_number` varchar(100) NOT NULL,
  `f_bsb` varchar(5) NOT NULL,
  `f_employed` int(11) NOT NULL DEFAULT '1',
  `f_abn` varchar(20) NOT NULL,
  `f_require_gst` tinyint(4) NOT NULL,
  `f_tfn` varchar(20) NOT NULL,
  `s_choice` varchar(100) NOT NULL,
  `s_name` varchar(100) NOT NULL,
  `s_employee_id` varchar(100) NOT NULL,
  `s_tfn` varchar(20) NOT NULL,
  `s_fund_name` varchar(100) NOT NULL,
  `s_fund_website` varchar(100) NOT NULL,
  `s_product_id` varchar(100) NOT NULL,
  `s_fund_phone` varchar(100) NOT NULL,
  `s_membership` varchar(100) NOT NULL,
  `s_fund_address` varchar(100) NOT NULL,
  `s_fund_suburb` varchar(100) NOT NULL,
  `s_fund_postcode` varchar(10) NOT NULL,
  `s_fund_state` varchar(10) NOT NULL,
  `s_agree` tinyint(4) NOT NULL,
  `availability` text NOT NULL,
  `payrates` varchar(100) NOT NULL,
  `roles` varchar(100) NOT NULL,
  `locations` varchar(100) NOT NULL,
  `last_worked_date` datetime NOT NULL COMMENT 'the last date the staff worked on a job',
  `time_sheets_in_payrun` int(11) NOT NULL COMMENT 'number of unpaid time sheet in the payrun',
  PRIMARY KEY (`staff_id`)
) ENGINE=InnoDB  DEFAULT CHARSET=latin1 AUTO_INCREMENT=27 ;

--
-- Dumping data for table `user_staffs`
--

INSERT INTO `user_staffs` (`staff_id`, `user_id`, `group_id`, `external_staff_id`, `rating`, `gender`, `dob`, `emergency_contact`, `emergency_phone`, `f_aus_resident`, `f_tax_free_threshold`, `f_tax_offset`, `f_senior_status`, `f_help_debt`, `f_help_variation`, `f_acc_name`, `f_acc_number`, `f_bsb`, `f_employed`, `f_abn`, `f_require_gst`, `f_tfn`, `s_choice`, `s_name`, `s_employee_id`, `s_tfn`, `s_fund_name`, `s_fund_website`, `s_product_id`, `s_fund_phone`, `s_membership`, `s_fund_address`, `s_fund_suburb`, `s_fund_postcode`, `s_fund_state`, `s_agree`, `availability`, `payrates`, `roles`, `locations`, `last_worked_date`, `time_sheets_in_payrun`) VALUES
(5, 10, 1, '', 0.00, 'm', '2012-11-30', 'Cherry', '', 0, 0, 0, '', 0, '', '', '', '', 1, '', 0, '', 'employer', 'Andrew Hyatt', '', '', 'HOST Plus', '', '', '', '', '', '', '', '', 0, '', '["2","3"]', '["8","13","6","14"]', '', '0000-00-00 00:00:00', 0),
(6, 11, 0, '', 0.00, 'm', '0000-00-00', 'Berry', '', 0, 0, 0, '', 0, '', '', '', '', 1, '', 0, '', 'employer', 'Brian Hudson', '', '', 'HOST Plus', '', '', '', '', '', '', '', '', 0, '', '["2","3"]', '["8","13","6","14"]', '', '0000-00-00 00:00:00', 0),
(7, 12, 0, '', 0.00, 'm', '0000-00-00', 'Teddy', '', 0, 0, 0, '', 0, '', '', '', '', 1, '', 0, '', 'employer', 'Thomas Edison', '', '', 'HOST Plus', '', '', '', '', '', '', '', '', 0, '', '["1","2"]', '["8","13","6","14"]', '', '0000-00-00 00:00:00', 0),
(8, 13, 0, '', 0.00, 'm', '0000-00-00', 'Rain', '', 0, 0, 0, '', 0, '', '', '', '', 1, '', 0, '', 'employer', 'Richard Gerald', '', '', 'HOST Plus', '', '', '', '', '', '', '', '', 0, '', '["1","2"]', '["8","13","6","14"]', '', '0000-00-00 00:00:00', 0),
(9, 14, 1, '', 0.00, 'm', '0000-00-00', 'Edith', '', 0, 0, 0, '', 0, '', '', '', '', 1, '', 0, '', 'employer', 'Edward Chaplin', '', '', 'HOST Plus', '', '', '', '', '', '', '', '', 0, '', '["1","2"]', '["8","13","6","14"]', '', '0000-00-00 00:00:00', 0),
(10, 15, 0, '', 0.00, 'm', '0000-00-00', 'Glenn', '', 0, 0, 0, '', 0, '', '', '', '', 1, '', 0, '', 'employer', 'Gary Burke', '', '', 'HOST Plus', '', '', '', '', '', '', '', '', 0, '', '["1","2"]', '["8","13","6","14"]', '', '0000-00-00 00:00:00', 0),
(11, 16, 1, '', 0.00, 'm', '0000-00-00', 'Henny', '', 0, 0, 0, '', 0, '', '', '', '', 1, '', 0, '', 'employer', 'Howard Leigh', '', '', 'HOST Plus', '', '', '', '', '', '', '', '', 0, '', '["1","2"]', '["8","13","6","14"]', '', '0000-00-00 00:00:00', 0),
(12, 17, 0, '', 0.00, 'm', '0000-00-00', 'Wendy', '', 0, 0, 0, '', 0, '', '', '', '', 1, '', 0, '', 'employer', 'William Tent', '', '', 'HOST Plus', '', '', '', '', '', '', '', '', 0, '', '["1","2"]', '["8","13","6","14"]', '', '0000-00-00 00:00:00', 0),
(13, 18, 3, '', 0.00, 'm', '0000-00-00', 'Lucy', '', 0, 0, 0, '', 0, '', '', '', '', 1, '', 0, '', 'employer', 'Luke Smith', '', '', 'HOST Plus', '', '', '', '', '', '', '', '', 0, '', '["1","2"]', '["8","13","6","14"]', '', '0000-00-00 00:00:00', 0),
(14, 19, 0, '', 0.00, 'm', '0000-00-00', 'Rena', '', 0, 0, 0, '', 0, '', '', '', '', 1, '', 0, '', 'employer', 'Rio Chris', '', '', 'HOST Plus', '', '', '', '', '', '', '', '', 0, '', '["1","2"]', '["8","13","6","14"]', '', '0000-00-00 00:00:00', 0),
(15, 20, 0, '', 0.00, 'm', '0000-00-00', 'Pillip', '', 0, 0, 0, '', 0, '', '', '', '', 1, '', 0, '', 'employer', 'Paul Gilbert', '', '', 'HOST Plus', '', '', '', '', '', '', '', '', 0, '', '["1","2"]', '["8","13","6","14"]', '', '0000-00-00 00:00:00', 0),
(16, 21, 0, '', 0.00, 'f', '0000-00-00', 'Sean', '', 0, 0, 0, '', 0, '', '', '', '', 1, '', 0, '', 'employer', 'Susie Howie', '', '', 'HOST Plus', '', '', '', '', '', '', '', '', 0, '', '["1","2"]', '["8","13","6","14"]', '', '0000-00-00 00:00:00', 0),
(17, 22, 0, '', 0.00, 'f', '0000-00-00', 'Fendy', '', 0, 0, 0, '', 0, '', '', '', '', 1, '', 0, '', 'employer', 'Fiona Harris', '', '', 'HOST Plus', '', '', '', '', '', '', '', '', 0, '', '["1","2"]', '["8","13","6","14"]', '', '0000-00-00 00:00:00', 0),
(18, 23, 1, '', 0.00, 'f', '0000-00-00', 'Randy', '', 0, 0, 0, '', 0, '', '', '', '', 1, '', 0, '', 'employer', 'Rachel Gibson', '', '', 'HOST Plus', '', '', '', '', '', '', '', '', 0, '', '["1","2"]', '["8","13","6","14"]', '', '0000-00-00 00:00:00', 0),
(19, 24, 0, '', 0.00, 'f', '0000-00-00', 'Jade', '', 0, 0, 0, '', 0, '', '', '', '', 1, '', 0, '', 'employer', 'Judith Palse', '', '', 'HOST Plus', '', '', '', '', '', '', '', '', 0, '', '["1","2"]', '["8","13","6","14"]', '', '0000-00-00 00:00:00', 0),
(20, 25, 0, '', 0.00, 'f', '0000-00-00', 'Lina', '', 0, 0, 0, '', 0, '', '', '', '', 1, '', 0, '', 'employer', 'Lucy Dale', '', '', 'HOST Plus', '', '', '', '', '', '', '', '', 0, '', '["1","2"]', '["8","13","6","14"]', '', '0000-00-00 00:00:00', 0),
(21, 26, 1, '', 0.00, 'f', '0000-00-00', 'Jes', '', 0, 0, 0, '', 0, '', '', '', '', 1, '', 0, '', 'employer', 'Sheila Hondie', '', '', 'HOST Plus', '', '', '', '', '', '', '', '', 0, '', '["1","2"]', '["8","13","6","14"]', '', '0000-00-00 00:00:00', 0),
(22, 27, 0, '', 0.00, 'f', '0000-00-00', 'Sam', '', 0, 0, 0, '', 0, '', '', '', '', 1, '', 0, '', 'employer', 'Jess Killer', '', '', 'HOST Plus', '', '', '', '', '', '', '', '', 0, '', '["1","2"]', '["8","13","6","14"]', '', '0000-00-00 00:00:00', 0),
(23, 28, 0, '', 0.00, 'f', '0000-00-00', 'Ken', '', 0, 0, 0, '', 0, '', '', '', '', 1, '', 0, '', 'employer', 'Kelly Chen', '', '', 'HOST Plus', '', '', '', '', '', '', '', '', 0, '', '["1","2"]', '["8","13","6","14"]', '', '0000-00-00 00:00:00', 0),
(24, 29, 0, '', 0.00, 'f', '0000-00-00', 'Lily', '', 0, 0, 0, '', 0, '', '', '', '', 1, '', 0, '', 'employer', 'Angela Lindsay', '', '', 'HOST Plus', '', '', '', '', '', '', '', '', 0, '', '["1","2"]', '["8","13","6","14"]', '', '0000-00-00 00:00:00', 0),
(25, 30, 0, '', 0.00, 'f', '0000-00-00', 'Lusi', '', 0, 0, 0, '', 0, '', '', '', '', 1, '', 0, '', 'employer', 'Lily Clipton', '', '', 'HOST Plus', '', '', '', '', '', '', '', '', 0, '', '["1","2"]', '["8","13","6","14"]', '', '0000-00-00 00:00:00', 0),
(26, 1, 0, '', 2.40, 'm', '0000-00-00', '', '', 0, 0, 1, 'Single', 1, 'HELP + SFSS', 'Propagate', '', '', 2, '12 345 567 789', 0, '', '', '', '', '', '', '', '', '', '', '', '', '', '', 0, '', '', '["8","10","11","1","4"]', '{"3":["21","23"],"4":["27","28","29","30","31"]}', '0000-00-00 00:00:00', 0);

-- --------------------------------------------------------

--
-- Table structure for table `user_staff_availability`
--

CREATE TABLE `user_staff_availability` (
  `user_id` int(11) NOT NULL,
  `day` int(11) NOT NULL,
  `hour` int(11) NOT NULL,
  `value` int(11) NOT NULL
) ENGINE=InnoDB DEFAULT CHARSET=latin1;

--
-- Dumping data for table `user_staff_availability`
--

INSERT INTO `user_staff_availability` (`user_id`, `day`, `hour`, `value`) VALUES
(1, 1, 0, 1),
(1, 1, 1, 1),
(1, 1, 2, 1),
(1, 1, 3, 1),
(1, 1, 4, 1),
(1, 1, 5, 1),
(1, 1, 6, 1),
(1, 1, 7, 1),
(1, 1, 8, 1),
(1, 1, 9, 1),
(1, 1, 10, 1),
(1, 1, 11, 1),
(1, 1, 12, 1),
(1, 1, 13, 0),
(1, 1, 14, 1),
(1, 1, 15, 1),
(1, 1, 16, 1),
(1, 1, 17, 1),
(1, 1, 18, 1),
(1, 1, 19, 1),
(1, 1, 20, 1),
(1, 1, 21, 1),
(1, 1, 22, 1),
(1, 1, 23, 0),
(1, 2, 0, 1),
(1, 2, 1, 1),
(1, 2, 2, 1),
(1, 2, 3, 1),
(1, 2, 4, 1),
(1, 2, 5, 1),
(1, 2, 6, 1),
(1, 2, 7, 1),
(1, 2, 8, 1),
(1, 2, 9, 1),
(1, 2, 10, 1),
(1, 2, 11, 1),
(1, 2, 12, 1),
(1, 2, 13, 0),
(1, 2, 14, 1),
(1, 2, 15, 1),
(1, 2, 16, 1),
(1, 2, 17, 1),
(1, 2, 18, 1),
(1, 2, 19, 1),
(1, 2, 20, 1),
(1, 2, 21, 1),
(1, 2, 22, 1),
(1, 2, 23, 0),
(1, 3, 0, 0),
(1, 3, 1, 0),
(1, 3, 2, 0),
(1, 3, 3, 0),
(1, 3, 4, 0),
(1, 3, 5, 0),
(1, 3, 6, 0),
(1, 3, 7, 0),
(1, 3, 8, 0),
(1, 3, 9, 0),
(1, 3, 10, 0),
(1, 3, 11, 0),
(1, 3, 12, 0),
(1, 3, 13, 0),
(1, 3, 14, 0),
(1, 3, 15, 0),
(1, 3, 16, 0),
(1, 3, 17, 0),
(1, 3, 18, 0),
(1, 3, 19, 0),
(1, 3, 20, 0),
(1, 3, 21, 0),
(1, 3, 22, 0),
(1, 3, 23, 0),
(1, 4, 0, 1),
(1, 4, 1, 1),
(1, 4, 2, 1),
(1, 4, 3, 1),
(1, 4, 4, 1),
(1, 4, 5, 1),
(1, 4, 6, 1),
(1, 4, 7, 1),
(1, 4, 8, 1),
(1, 4, 9, 1),
(1, 4, 10, 1),
(1, 4, 11, 1),
(1, 4, 12, 1),
(1, 4, 13, 0),
(1, 4, 14, 1),
(1, 4, 15, 1),
(1, 4, 16, 1),
(1, 4, 17, 1),
(1, 4, 18, 1),
(1, 4, 19, 1),
(1, 4, 20, 1),
(1, 4, 21, 1),
(1, 4, 22, 1),
(1, 4, 23, 0),
(1, 5, 0, 1),
(1, 5, 1, 1),
(1, 5, 2, 1),
(1, 5, 3, 1),
(1, 5, 4, 1),
(1, 5, 5, 1),
(1, 5, 6, 1),
(1, 5, 7, 1),
(1, 5, 8, 1),
(1, 5, 9, 1),
(1, 5, 10, 1),
(1, 5, 11, 1),
(1, 5, 12, 1),
(1, 5, 13, 0),
(1, 5, 14, 1),
(1, 5, 15, 1),
(1, 5, 16, 1),
(1, 5, 17, 1),
(1, 5, 18, 1),
(1, 5, 19, 1),
(1, 5, 20, 1),
(1, 5, 21, 1),
(1, 5, 22, 1),
(1, 5, 23, 0),
(1, 6, 0, 1),
(1, 6, 1, 1),
(1, 6, 2, 1),
(1, 6, 3, 1),
(1, 6, 4, 1),
(1, 6, 5, 1),
(1, 6, 6, 1),
(1, 6, 7, 1),
(1, 6, 8, 1),
(1, 6, 9, 1),
(1, 6, 10, 1),
(1, 6, 11, 1),
(1, 6, 12, 1),
(1, 6, 13, 0),
(1, 6, 14, 1),
(1, 6, 15, 1),
(1, 6, 16, 1),
(1, 6, 17, 1),
(1, 6, 18, 1),
(1, 6, 19, 1),
(1, 6, 20, 1),
(1, 6, 21, 1),
(1, 6, 22, 1),
(1, 6, 23, 0),
(1, 7, 0, 1),
(1, 7, 1, 1),
(1, 7, 2, 1),
(1, 7, 3, 1),
(1, 7, 4, 1),
(1, 7, 5, 1),
(1, 7, 6, 1),
(1, 7, 7, 1),
(1, 7, 8, 1),
(1, 7, 9, 1),
(1, 7, 10, 1),
(1, 7, 11, 1),
(1, 7, 12, 1),
(1, 7, 13, 0),
(1, 7, 14, 1),
(1, 7, 15, 1),
(1, 7, 16, 1),
(1, 7, 17, 1),
(1, 7, 18, 1),
(1, 7, 19, 1),
(1, 7, 20, 1),
(1, 7, 21, 1),
(1, 7, 22, 1),
(1, 7, 23, 0),
(21, 1, 0, 1),
(21, 1, 1, 1),
(21, 1, 2, 1),
(21, 1, 3, 1),
(21, 1, 4, 1),
(21, 1, 5, 1),
(21, 1, 6, 1),
(21, 1, 7, 1),
(21, 1, 8, 1),
(21, 1, 9, 1),
(21, 1, 10, 1),
(21, 1, 11, 1),
(21, 1, 12, 1),
(21, 1, 13, 1),
(21, 1, 14, 1),
(21, 1, 15, 1),
(21, 1, 16, 1),
(21, 1, 17, 1),
(21, 1, 18, 1),
(21, 1, 19, 1),
(21, 1, 20, 1),
(21, 1, 21, 1),
(21, 1, 22, 1),
(21, 1, 23, 1),
(21, 2, 0, 1),
(21, 2, 1, 1),
(21, 2, 2, 1),
(21, 2, 3, 1),
(21, 2, 4, 1),
(21, 2, 5, 1),
(21, 2, 6, 1),
(21, 2, 7, 1),
(21, 2, 8, 1),
(21, 2, 9, 1),
(21, 2, 10, 1),
(21, 2, 11, 1),
(21, 2, 12, 1),
(21, 2, 13, 1),
(21, 2, 14, 1),
(21, 2, 15, 1),
(21, 2, 16, 1),
(21, 2, 17, 1),
(21, 2, 18, 1),
(21, 2, 19, 1),
(21, 2, 20, 1),
(21, 2, 21, 1),
(21, 2, 22, 1),
(21, 2, 23, 1),
(21, 3, 0, 1),
(21, 3, 1, 1),
(21, 3, 2, 1),
(21, 3, 3, 1),
(21, 3, 4, 1),
(21, 3, 5, 1),
(21, 3, 6, 1),
(21, 3, 7, 1),
(21, 3, 8, 1),
(21, 3, 9, 1),
(21, 3, 10, 1),
(21, 3, 11, 1),
(21, 3, 12, 1),
(21, 3, 13, 1),
(21, 3, 14, 1),
(21, 3, 15, 1),
(21, 3, 16, 1),
(21, 3, 17, 1),
(21, 3, 18, 1),
(21, 3, 19, 1),
(21, 3, 20, 1),
(21, 3, 21, 1),
(21, 3, 22, 1),
(21, 3, 23, 1),
(21, 4, 0, 1),
(21, 4, 1, 1),
(21, 4, 2, 1),
(21, 4, 3, 1),
(21, 4, 4, 1),
(21, 4, 5, 1),
(21, 4, 6, 1),
(21, 4, 7, 1),
(21, 4, 8, 1),
(21, 4, 9, 1),
(21, 4, 10, 1),
(21, 4, 11, 1),
(21, 4, 12, 1),
(21, 4, 13, 1),
(21, 4, 14, 1),
(21, 4, 15, 1),
(21, 4, 16, 1),
(21, 4, 17, 1),
(21, 4, 18, 1),
(21, 4, 19, 1),
(21, 4, 20, 1),
(21, 4, 21, 1),
(21, 4, 22, 1),
(21, 4, 23, 1),
(21, 5, 0, 1),
(21, 5, 1, 1),
(21, 5, 2, 1),
(21, 5, 3, 1),
(21, 5, 4, 1),
(21, 5, 5, 1),
(21, 5, 6, 1),
(21, 5, 7, 1),
(21, 5, 8, 1),
(21, 5, 9, 1),
(21, 5, 10, 1),
(21, 5, 11, 1),
(21, 5, 12, 1),
(21, 5, 13, 1),
(21, 5, 14, 1),
(21, 5, 15, 1),
(21, 5, 16, 1),
(21, 5, 17, 1),
(21, 5, 18, 1),
(21, 5, 19, 1),
(21, 5, 20, 1),
(21, 5, 21, 1),
(21, 5, 22, 1),
(21, 5, 23, 1),
(21, 6, 0, 1),
(21, 6, 1, 1),
(21, 6, 2, 1),
(21, 6, 3, 1),
(21, 6, 4, 1),
(21, 6, 5, 1),
(21, 6, 6, 1),
(21, 6, 7, 1),
(21, 6, 8, 1),
(21, 6, 9, 1),
(21, 6, 10, 1),
(21, 6, 11, 1),
(21, 6, 12, 1),
(21, 6, 13, 1),
(21, 6, 14, 1),
(21, 6, 15, 1),
(21, 6, 16, 1),
(21, 6, 17, 1),
(21, 6, 18, 1),
(21, 6, 19, 1),
(21, 6, 20, 1),
(21, 6, 21, 1),
(21, 6, 22, 1),
(21, 6, 23, 1),
(21, 7, 0, 1),
(21, 7, 1, 1),
(21, 7, 2, 1),
(21, 7, 3, 1),
(21, 7, 4, 1),
(21, 7, 5, 1),
(21, 7, 6, 1),
(21, 7, 7, 1),
(21, 7, 8, 1),
(21, 7, 9, 1),
(21, 7, 10, 1),
(21, 7, 11, 1),
(21, 7, 12, 1),
(21, 7, 13, 1),
(21, 7, 14, 1),
(21, 7, 15, 1),
(21, 7, 16, 1),
(21, 7, 17, 1),
(21, 7, 18, 1),
(21, 7, 19, 1),
(21, 7, 20, 1),
(21, 7, 21, 1),
(21, 7, 22, 1),
(21, 7, 23, 1);

-- --------------------------------------------------------

--
-- Table structure for table `user_staff_picture`
--

CREATE TABLE `user_staff_picture` (
  `id` int(11) NOT NULL AUTO_INCREMENT,
  `user_id` int(11) NOT NULL,
  `name` varchar(100) NOT NULL,
  `hero` int(11) NOT NULL,
  `modified` datetime NOT NULL,
  PRIMARY KEY (`id`)
) ENGINE=InnoDB  DEFAULT CHARSET=latin1 AUTO_INCREMENT=14 ;

--
-- Dumping data for table `user_staff_picture`
--

INSERT INTO `user_staff_picture` (`id`, `user_id`, `name`, `hero`, `modified`) VALUES
(9, 1, 'guyraz_13_custom-8a56a8de1ff6cb96ba14899e56d402d43b6b9fc7-s6-c3011.jpg', 0, '2014-02-18 12:51:12'),
(10, 1, 'LW-603-p28-partner-profile.jpg', 0, '2014-02-18 12:51:33'),
(11, 1, 'LW-603-p28-partner-profile1.jpg', 0, '2014-02-18 12:54:38'),
(12, 1, 'LW-603-p28-partner-profile11.jpg', 0, '2014-02-18 12:55:46'),
(13, 1, 'LW-603-p28-partner-profile2.jpg', 0, '2014-02-18 13:21:56');

/*!40101 SET CHARACTER_SET_CLIENT=@OLD_CHARACTER_SET_CLIENT */;
/*!40101 SET CHARACTER_SET_RESULTS=@OLD_CHARACTER_SET_RESULTS */;
/*!40101 SET COLLATION_CONNECTION=@OLD_COLLATION_CONNECTION */;
