<?xml version="1.0"?>
<action-recipes>
	
	<snippet id="com.macrabbit.text-actions.css.open-bracket" category="hidden">
	
		<text-trigger key-equivalent="{"></text-trigger>
		<text>{
	$0
}</text>
		<syntax-context>css.selector, css.selector comment > punctuation.begin, embedded-style.html tag.close.style > punctuation.definition</syntax-context>
		
	</snippet>
	
	
	<snippet id="com.macrabbit.text-actions.css.new-style" category="actions.text.item-based/css">
		
		<key-equivalent>command option n</key-equivalent>
		<language-context>css</language-context>
		<when-disabled>hide</when-disabled>
		
		<text>${1:localized(style-name)} { $0 }</text>
		<item-behavior>insert</item-behavior>
		
	</snippet>
	
	
	<snippet id="com.macrabbit.text-actions.css.new-group" category="actions.text.item-based/css">
		
		<key-equivalent>command option g</key-equivalent>
		<language-context>css</language-context>
		<when-disabled>hide</when-disabled>
		
		<text>/* @group ${1:localized(group-name)} */ $0 /* @end */</text>
		<item-behavior>insert-as-group</item-behavior>
		
	</snippet>
	
	<!-- Built-in sidebar snippets -->
	
	<snippet id="com.macrabbit.snippets.css.reset.meyer" category="tools.Snippets">
		<title>CSS Reset (simple)</title>
		<language-context>css</language-context>
		<text><![CDATA[/* @group Reset */
/* http://meyerweb.com/eric/tools/css/reset/ 
   v2.0 | 20110126
   License: none (public domain)
*/

html, body, div, span, applet, object, iframe,
h1, h2, h3, h4, h5, h6, p, blockquote, pre,
a, abbr, acronym, address, big, cite, code,
del, dfn, em, img, ins, kbd, q, s, samp,
small, strike, strong, sub, sup, tt, var,
b, u, i, center,
dl, dt, dd, ol, ul, li,
fieldset, form, label, legend,
table, caption, tbody, tfoot, thead, tr, th, td,
article, aside, canvas, details, embed, 
figure, figcaption, footer, header, hgroup, 
menu, nav, output, ruby, section, summary,
time, mark, audio, video {
	margin: 0;
	padding: 0;
	border: 0;
	font-size: 100%;
	font: inherit;
	vertical-align: baseline;
}
/* HTML5 display-role reset for older browsers */
article, aside, details, figcaption, figure, 
footer, header, hgroup, menu, nav, section {
	display: block;
}
body {
	line-height: 1;
}
ol, ul {
	list-style: none;
}
blockquote, q {
	quotes: none;
}
blockquote:before, blockquote:after,
q:before, q:after {
	content: '';
	content: none;
}
table {
	border-collapse: collapse;
	border-spacing: 0;
}
/* @end */]]></text>
	</snippet>
	
	<snippet id="com.macrabbit.snippets.css.reset.html5" category="tools.Snippets">
		<title>CSS Reset (complex)</title>
		<language-context>css</language-context>
		<text><![CDATA[/* @group Reset */
/* 
html5doctor.com Reset Stylesheet
v1.6.1
Last Updated: 2010-09-17
Author: Richard Clark - http://richclarkdesign.com 
Twitter: @rich_clark

More info: http://html5doctor.com/html-5-reset-stylesheet/
*/

html, body, div, span, object, iframe,
h1, h2, h3, h4, h5, h6, p, blockquote, pre,
abbr, address, cite, code,
del, dfn, em, img, ins, kbd, q, samp,
small, strong, sub, sup, var,
b, i,
dl, dt, dd, ol, ul, li,
fieldset, form, label, legend,
table, caption, tbody, tfoot, thead, tr, th, td,
article, aside, canvas, details, figcaption, figure, 
footer, header, hgroup, menu, nav, section, summary,
time, mark, audio, video {
    margin:0;
    padding:0;
    border:0;
    outline:0;
    font-size:100%;
    vertical-align:baseline;
    background:transparent;
}

body {
    line-height:1;
}

article,aside,details,figcaption,figure,
footer,header,hgroup,menu,nav,section { 
	display:block;
}

nav ul {
    list-style:none;
}

blockquote, q {
    quotes:none;
}

blockquote:before, blockquote:after,
q:before, q:after {
    content:'';
    content:none;
}

a {
    margin:0;
    padding:0;
    font-size:100%;
    vertical-align:baseline;
    background:transparent;
}

/* change colours to suit your needs */
ins {
    background-color:#ff9;
    color:#000;
    text-decoration:none;
}

/* change colours to suit your needs */
mark {
    background-color:#ff9;
    color:#000; 
    font-style:italic;
    font-weight:bold;
}

del {
    text-decoration: line-through;
}

abbr[title], dfn[title] {
    border-bottom:1px dotted;
    cursor:help;
}

table {
    border-collapse:collapse;
    border-spacing:0;
}

/* change border colour to suit your needs */
hr {
    display:block;
    height:1px;
    border:0;   
    border-top:1px solid #cccccc;
    margin:1em 0;
    padding:0;
}

input, select {
    vertical-align:middle;
}
/* @end */]]></text>
	</snippet>
	
	<snippet id="com.macrabbit.snippets.css.autoclear" category="tools.Snippets">
		<title>Auto Clear</title>
		<language-context>css</language-context>
		<text><![CDATA[/* Automatically clear elements for standards-compliant browsers */
.${1:clearfix}:after {
	content: ".";
	display: block;
	height: 0;
	clear: both;
	visibility: hidden;
}
/* Trigger has-layout for IE compatibility */
.$1 {
	zoom: 1;
}]]></text>
	</snippet>
	
</action-recipes>
