<?xml version="1.0" encoding="UTF-8"?>
<itemizer>
	<!-- <?php ... ?>, <?= ?> -->
	<!-- FIXME: figure out a better icon, and axe "processing-instruction" (it's a hack to get the XML-style tag image) -->
    <recipe name="php.sourcecode.processing-instruction">
		<start-selector>embedded.language-root.php > source.start:capture(name)</start-selector>
		<end-selector>embedded.language-root.php > source.end</end-selector>
		<subrecipes>
			<include-root-recipes />
		</subrecipes>
	</recipe>
	
	<!-- class MyClass extends SomeClass { ... } -->
	<recipe name="php.class">
		<class>ESCodeClassItem</class>
		<start-selector>php class.definition:has-child(name:capture(name)):capture(itemizer-firstused) + brace.curly.open</start-selector>
		<end-selector>php brace.curly.close</end-selector>
		<subrecipes>
			<include-root-recipes />
		</subrecipes>
	</recipe>
	<!-- class MyClass extends SomeClass /* some comment */ { ... } -->
	<recipe name="php.class">
		<class>ESCodeClassItem</class>
		<start-selector>php class.definition:has-child(name:capture(name)):capture(itemizer-firstused) + comment + brace.curly.open</start-selector>
		<end-selector>php brace.curly.close</end-selector>
		<subrecipes>
			<include-root-recipes />
		</subrecipes>
	</recipe>
	
	<!-- function myFunction (...) { ... } -->
	<recipe name="php.function">
		<start-selector>php function.definition:has-child(name:capture(name)):capture(itemizer-firstused) + brace.round.open ~ brace.round.close + brace.curly.open</start-selector>
		<end-selector>php brace.curly.close</end-selector>
		<subrecipes>
			<include-root-recipes/>
		</subrecipes>
	</recipe>
	<!-- function myFunction (...) /*some comment*/ { ... } -->
	<recipe name="php.function.commented">
		<start-selector>php function.definition:has-child(name:capture(name)):capture(itemizer-firstused) + brace.round.open ~ brace.round.close + comment + brace.curly.open</start-selector>
		<end-selector>php brace.curly.close</end-selector>
		<subrecipes>
			<include-root-recipes/>
		</subrecipes>
	</recipe>
	
	<!-- switch ( ... ) { ... } -->
	<recipe name="php.block.control.switch">
		<class>ESJSControlBlockItem</class>
		<start-selector>php keyword.control[text='switch']:capture(itemizer-firstused) + brace.round.open:capture(open-parameters) ~ brace.round.close:capture(close-parameters) + brace.curly.open</start-selector>
		<end-selector>php brace.curly.close</end-selector>
		<subrecipes>
			<include-root-recipes/>
		</subrecipes>
	</recipe>
	<!-- switch ( ... ) /* comment */ { ... } -->
	<recipe name="php.block.control.switch">
		<class>ESJSControlBlockItem</class>
		<start-selector>php keyword.control[text='switch']:capture(itemizer-firstused) + brace.round.open:capture(open-parameters) ~ brace.round.close:capture(close-parameters) + comment + brace.curly.open</start-selector>
		<end-selector>php brace.curly.close</end-selector>
		<subrecipes>
			<include-root-recipes/>
		</subrecipes>
	</recipe>
	
	<!-- case 'stuff': ... -->
	<recipe name="php.block.control.case">
		<class>ESJSChunkBlockItem</class>
		<selector>php x-item-block.case</selector>
		<subrecipes>
			<include-root-recipes/>
		</subrecipes>
	</recipe>
	
	<!-- if (...) { ... } -->
	<recipe name="php.block.control">
		<class>ESJSControlBlockItem</class>
		<start-selector>php keyword.control:capture(itemizer-firstused) + brace.round.open:capture(open-parameters) ~ brace.round.close:capture(close-parameters) + brace.curly.open</start-selector>
		<end-selector>php brace.curly.close</end-selector>
		<subrecipes>
			<include-root-recipes/>
		</subrecipes>
	</recipe>
	<!-- if (...) /* comment */ { ... } -->
	<recipe name="php.block.control">
		<class>ESJSControlBlockItem</class>
		<start-selector>php keyword.control:capture(itemizer-firstused) + brace.round.open:capture(open-parameters) ~ brace.round.close:capture(close-parameters) + comment + brace.curly.open</start-selector>
		<end-selector>php brace.curly.close</end-selector>
		<subrecipes>
			<include-root-recipes/>
		</subrecipes>
	</recipe>
	
	<!-- else { ... } -->
	<recipe name="php.block.control.generic">
		<class>ESJSControlBlockItem</class>
		<start-selector>php keyword.control:capture(itemizer-firstused) + brace.curly.open</start-selector>
		<end-selector>php brace.curly.close</end-selector>
		<subrecipes>
			<include-root-recipes/>
		</subrecipes>
	</recipe>
	<!-- else /* comment */ { ... } -->
	<recipe name="php.block.control.generic">
		<class>ESJSControlBlockItem</class>
		<start-selector>php keyword.control:capture(itemizer-firstused) + comment + brace.curly.open</start-selector>
		<end-selector>php brace.curly.close</end-selector>
		<subrecipes>
			<include-root-recipes/>
		</subrecipes>
	</recipe>
	
	<!-- do { ... } while(...) -->
	<recipe name="php.block.control.do-while">
		<class>ESJSControlBlockItem</class>
		<start-selector>php keyword.control[text='do']:capture(itemizer-firstused) + brace.curly.open</start-selector>
		<end-selector>php brace.curly.close + keyword.control[text='while'] + brace.round.open:capture(open-parameters) ~ brace.round.close:capture(close-parameters)</end-selector>
	</recipe>
	<!-- do /* comment */ { ... } while(...) -->
	<recipe name="php.block.control.do-while">
		<class>ESJSControlBlockItem</class>
		<start-selector>php keyword.control[text='do']:capture(itemizer-firstused) + comment + brace.curly.open</start-selector>
		<end-selector>php brace.curly.close + keyword.control[text='while'] + brace.round.open:capture(open-parameters) ~ brace.round.close:capture(close-parameters)</end-selector>
	</recipe>
	
	<!-- This captures single-line statements to prevent them from triggering an alternate syntax zone (for instance, if a ternary conditional statement immediately follows a single-line statement) -->
	<!-- FIXME: this is pretty brittle (tends to fail if there's a function call within the parameters, although this is mitigated by detected function calls without parameters of their own) -->
	<recipe name="php.block.control.singleton">
		<class>ESJSControlBlockItem</class>
		<start-selector>php keyword.control:capture(itemizer-firstused) + brace.round.open:capture(open-parameters) ~ *:not(typecast, function + brace.round.open) + brace.round.close:capture(close-parameters) + :not(brace.curly.open, x-item-block, brace.close, operator, punctuation[text=':'], punctuation[text=','], punctuation[text=';'], punctuation[text='->'], keyword.control[text='as'])</start-selector>
		<end-selector>php punctuation[text=';']</end-selector>
	</recipe>
	<!-- Single-line else statements -->
	<recipe name="php.block.control.singleton.else">
		<class>ESJSControlBlockItem</class>
		<start-selector>php keyword.control[text='else']:capture(itemizer-firstused) + :not(brace.curly.open, comment, x-item-block)</start-selector>
		<end-selector>php punctuation[text=';']</end-selector>
	</recipe>
	
	<!-- TODO: It would be nice if there were a way to nest HTML blocks within their wrapping PHP control structures (particularly for the alternate syntax, since it's often used for WordPress or similar templating activities), but I honestly can't think of any way to pull it off -->
	<!-- if ( ... ) : ... endif; -->
	<recipe name="php.block.control.alternative.if">
		<class>ESJSControlBlockItem</class>
		<start-selector>php keyword.control[text='if']:capture(itemizer-firstused) + brace.round.open:capture(open-parameters) ~ brace.round.close:capture(close-parameters) + punctuation[text=':']</start-selector>
		<end-selector>php keyword.control.alternate.end[text='endif'] + punctuation[text=';']</end-selector>
		<subrecipes>
			<include-root-recipes/>
		</subrecipes>
	</recipe>
	<!-- for ( ... ) : ... endfor; -->
	<recipe name="php.block.control.alternative.for">
		<class>ESJSControlBlockItem</class>
		<start-selector>php keyword.control[text='for']:capture(itemizer-firstused) + brace.round.open:capture(open-parameters) ~ brace.round.close:capture(close-parameters) + punctuation[text=':']</start-selector>
		<end-selector>php keyword.control.alternate.end[text='endfor'] + punctuation[text=';']</end-selector>
		<subrecipes>
			<include-root-recipes/>
		</subrecipes>
	</recipe>
	<!-- foreach ( ... ) : ... endforeach; -->
	<recipe name="php.block.control.alternative.foreach">
		<class>ESJSControlBlockItem</class>
		<start-selector>php keyword.control[text='foreach']:capture(itemizer-firstused) + brace.round.open:capture(open-parameters) ~ brace.round.close:capture(close-parameters) + punctuation[text=':']</start-selector>
		<end-selector>php keyword.control.alternate.end[text='endforeach'] + punctuation[text=';']</end-selector>
		<subrecipes>
			<include-root-recipes/>
		</subrecipes>
	</recipe>
	<!-- switch ( ... ) : ... endswitch; -->
	<recipe name="php.block.control.alternative.switch">
		<class>ESJSControlBlockItem</class>
		<start-selector>php keyword.control[text='switch']:capture(itemizer-firstused) + brace.round.open:capture(open-parameters) ~ brace.round.close:capture(close-parameters) + punctuation[text=':']</start-selector>
		<end-selector>php keyword.control.alternate.end[text='endswitch'] + punctuation[text=';']</end-selector>
		<subrecipes>
			<include-root-recipes/>
		</subrecipes>
	</recipe>
	<!-- while ( ... ) : ... endwhile; -->
	<recipe name="php.block.control.alternative.while">
		<class>ESJSControlBlockItem</class>
		<start-selector>php keyword.control[text='while']:capture(itemizer-firstused) + brace.round.open:capture(open-parameters) ~ brace.round.close:capture(close-parameters) + punctuation[text=':']</start-selector>
		<end-selector>php keyword.control.alternate.end[text='endwhile'] + punctuation[text=';']</end-selector>
		<subrecipes>
			<include-root-recipes/>
		</subrecipes>
	</recipe>
	
	<!-- //! My Documentation Comment -->
	<recipe name="php.comment">
	    <class>ESCommentItem</class>
	    <selector>php comment.documentation</selector>
	    <subrecipes>
	    	<recipe name="php.comment.link">
	    		<class>ESJSMarkupLink</class>
	    		<selector>php comment markup.link</selector>
	    	</recipe>
	    </subrecipes>
	</recipe>
	
</itemizer>