<?xml version="1.0"?>
<action-recipes>
	<snippet id="com.macrabbit.php.close-tag.alias" category="actions.text.php">
		<title>Close PHP Block</title>
		<key-equivalent>command option .</key-equivalent>
		<language-context>php</language-context>
		<text>?></text>
	</snippet>
	
	<action id="com.macrabbit.php.CheckSyntax" category="actions.text.php">
		<class>CSBasilSugarCheckSyntaxAction</class>
		<title>Check Syntax</title>
		<key-equivalent>command shift ;</key-equivalent>
		<language-context>php, html.with-php</language-context>
		<setup>
			<php-path>/usr/bin/php</php-path>
		</setup>
	</action>
</action-recipes>