-- --------------------------------------------------------

--
-- Table structure for table `export_templates`
--

DROP TABLE IF EXISTS `export_templates`;
CREATE TABLE IF NOT EXISTS `export_templates` (
  `export_id` int(11) NOT NULL AUTO_INCREMENT,
  `target` varchar(100) NOT NULL,
  `object` varchar(20) NOT NULL,
  `level` varchar(20) NOT NULL,
  `name` varchar(200) NOT NULL,
  `status` tinyint(4) NOT NULL,
  PRIMARY KEY (`export_id`)
) ENGINE=InnoDB  DEFAULT CHARSET=latin1 AUTO_INCREMENT=17 ;

--
-- Dumping data for table `export_templates`
--

INSERT INTO `export_templates` (`export_id`, `target`, `object`, `level`, `name`, `status`) VALUES
(1, '', 'invoice', 'item', 'Xero - Client Invoice Export', 0),
(3, '', 'payrun_tfn', 'shift', 'TFN Export - Shift Per Line', 2),
(4, '', 'payrun_tfn', 'staff', 'TFN Export - Staff Per Line', 3),
(5, '', 'payrun_abn', 'shift', 'ABN Supplier Export', 0),
(7, '', 'staff', '', 'Default - Staff Export', 0),
(8, '', 'invoice', 'invoice', 'Invoice Export - Invoice Per Line', 0),
(9, '', 'expense', '', 'Staff Expense Export ', 0),
(10, '', 'staff', '', 'Shoebooks - Staff Export', 0),
(11, 'shoebooks', 'payrun_tfn', 'pay_rate', 'Shoebooks - TFN Export', 1),
(13, 'shoebooks', 'invoice', 'item', 'Shoebooks - Client Invoice Export Per Item', 1),
(14, 'shoebooks', 'payrun_abn', 'shift', 'Shoebooks - ABN Export', 1),
(15, 'shoebooks', 'expense', '', 'Shoebooks - Staff Expense Export ', 1),
(16, 'shoebooks', 'invoice', 'shift', 'Shoebooks - Client Invoice Export Per Shift', 1);

-- --------------------------------------------------------

--
-- Table structure for table `export_template_data`
--

DROP TABLE IF EXISTS `export_template_data`;
CREATE TABLE IF NOT EXISTS `export_template_data` (
  `field_id` int(11) NOT NULL AUTO_INCREMENT,
  `export_id` int(11) NOT NULL,
  `order` int(11) NOT NULL,
  `title` varchar(100) NOT NULL,
  `value` varchar(200) NOT NULL,
  PRIMARY KEY (`field_id`)
) ENGINE=InnoDB  DEFAULT CHARSET=latin1 AUTO_INCREMENT=339 ;

--
-- Dumping data for table `export_template_data`
--

INSERT INTO `export_template_data` (`field_id`, `export_id`, `order`, `title`, `value`) VALUES
(81, 7, 0, 'Title', '{title}'),
(82, 7, 1, 'First Name', '{first_name}'),
(83, 7, 2, 'Last Name', '{last_name}'),
(84, 7, 3, 'Email', '{email}'),
(85, 7, 4, 'Address', '{address}'),
(86, 7, 5, 'Suburb', '{suburb}'),
(87, 7, 6, 'City', '{city}'),
(88, 7, 7, 'State', '{state}'),
(89, 7, 8, 'Postcode', '{postcode}'),
(90, 7, 9, 'Country', '{country}'),
(91, 7, 10, 'Phone', '{phone}'),
(92, 7, 11, 'Rating', '{rating}'),
(94, 7, 12, 'External Staff ID', '{external_id}'),
(95, 7, 13, 'Gender', '{gender}'),
(96, 7, 14, 'Date of birth', '{dob}'),
(99, 7, 15, 'Emergency Contact Person', '{emergency_contact}'),
(100, 7, 16, 'Emergency Phone', '{emergency_phone}'),
(101, 7, 18, 'BSB', '{bsb}'),
(104, 7, 17, 'Bank Account Name', '{account_name}'),
(105, 7, 19, 'Bank Account Number', '{account_number}'),
(106, 7, 20, 'Employed As', '{employed_as}'),
(107, 7, 21, 'ABN Number', '{abn_number}'),
(108, 7, 22, 'TFN Number', '{tfn_number}'),
(109, 7, 25, 'Super Fund Name', '{super_fund_name}'),
(110, 7, 23, 'Choice of superannuation', '{super_choice}'),
(111, 7, 24, 'Super Employee ID Number', '{super_employee_id}'),
(112, 7, 26, 'Super Membership Number', '{super_membership_number}'),
(117, 10, 0, 'EmployeeID', '{internal_id}'),
(118, 10, 1, 'FirstName', '{first_name}'),
(119, 10, 2, 'Surname', '{last_name}'),
(120, 10, 3, 'dtmBirthDate', '{dob}'),
(121, 10, 4, 'TFN', '{tfn_number}'),
(122, 10, 5, 'Address1', '{address}'),
(123, 10, 6, 'Address2', ''),
(124, 10, 7, 'City', '{city}'),
(125, 10, 8, 'State', '{state}'),
(126, 10, 9, 'PostCode', '{postcode}'),
(127, 10, 10, 'Country', '{country}'),
(128, 10, 11, 'Notes', ''),
(129, 10, 12, 'Phone1', '{phone}'),
(130, 10, 13, 'Phone2', ''),
(131, 10, 14, 'PhoneW', ''),
(132, 10, 15, 'PhoneH', ''),
(133, 10, 16, 'Fax', ''),
(134, 10, 17, 'Mobile', '{mobile}'),
(135, 10, 18, 'Email', '{email}'),
(136, 10, 19, 'Web', ''),
(140, 10, 25, 'strBankNumber', '{bsb}'),
(141, 10, 26, 'strBankAccount', '{account_number}'),
(142, 10, 27, 'strExtraVendorID', '{super_employee_id}'),
(143, 10, 28, 'strExtraFundName', '{super_fund_name}'),
(144, 10, 29, 'strExtraFundNumber', '{super_membership_number}'),
(145, 10, 23, 'strEmploymentType', ''),
(146, 10, 24, 'strBankName', ''),
(147, 10, 20, 'Title', ''),
(148, 10, 21, 'strDepartment', ''),
(149, 10, 22, 'dtmDateHired', '{joined_date}'),
(187, 11, 0, 'Group', '{external_staff_id}'),
(191, 11, 1, 'EmployeeID', '{external_staff_id}'),
(192, 11, 2, 'PeriodStart', '{pay_run_date_from}'),
(193, 11, 3, 'PeriodFinish', '{pay_run_date_to}'),
(195, 11, 5, 'Date', '{job_date}'),
(196, 11, 6, 'DivID', ''),
(197, 11, 7, 'JobID', ''),
(202, 11, 10, 'strEarningID', '{pay_rate}'),
(203, 11, 11, 'Rate', '{pay_rate_amount}'),
(204, 11, 12, 'Description', '{job_name}    {start_time} -  {finish_time}    {break}'),
(205, 3, 205, 'Group', '{external_staff_id}'),
(206, 3, 206, 'EmployeeID', '{external_staff_id}'),
(207, 3, 207, 'PeriodStart', '{pay_run_date_from}'),
(208, 3, 208, 'PeriodFinish', '{pay_run_date_to}'),
(209, 3, 209, 'DatePayable', '{payable_date}'),
(210, 3, 210, 'Date', '{job_date}'),
(211, 3, 211, 'DivID', ''),
(212, 3, 212, 'JobID', ''),
(213, 3, 213, 'Units', '{hours}'),
(214, 3, 214, 'strEarningID', '{pay_rate}'),
(215, 3, 215, 'Description', '{job_name}    {start_time} -  {finish_time}   {break}'),
(216, 4, 0, 'Internal Staff ID', '{internal_staff_id}'),
(217, 4, 1, 'External Staff ID', '{external_staff_id}'),
(218, 4, 2, 'Pay Run Date From', '{pay_run_date_from}'),
(219, 4, 3, 'Pay Run Date To', '{pay_run_date_to}'),
(221, 4, 6, 'Hours', '{hours}'),
(222, 4, 7, 'Total Amount', '{total_amount}'),
(223, 4, 5, 'Pay Rate', '{pay_rate}'),
(224, 13, 0, 'Group', '{invoice_id}'),
(225, 13, 1, 'CustomerID', '{external_client_id}'),
(226, 13, 2, 'Date', '{issued_date}'),
(227, 13, 3, 'Description', '{item_description}'),
(228, 13, 4, 'AccountID', ''),
(229, 13, 5, 'QtyShipped', '1'),
(231, 13, 8, 'Amount', '{ex_tax_amount}'),
(232, 13, 9, 'JobID', ''),
(233, 13, 10, 'DivID', ''),
(234, 13, 11, 'CustomerPO', '{po_number}'),
(235, 1, 0, 'ContactName', '{client_contact_name}'),
(236, 1, 1, 'EmailAddress', '{client_email}'),
(237, 1, 2, 'POAddressLine1', '{client_address}'),
(238, 1, 3, 'POAddressLine2', '{client_suburb}'),
(239, 1, 4, 'POAddressLine3', ''),
(240, 1, 5, 'POAddressLine4', ''),
(241, 1, 6, 'POCity', '{client_city}'),
(242, 1, 7, 'PORegion', '{client_state}'),
(243, 1, 8, 'POPostalCode', '{client_postcode}'),
(244, 1, 9, 'POCountry', '{client_country}'),
(245, 1, 10, 'InvoiceNumber', '{invoice_id}'),
(246, 1, 11, 'Reference', '{po_number}'),
(247, 1, 12, 'InvoiceDate', '{issued_date}'),
(248, 1, 13, 'DueDate', '{due_date}'),
(249, 1, 14, 'Total', '{inc_tax_amount}'),
(250, 1, 15, 'InventoryItemCode', ''),
(251, 1, 16, 'Description', '{item_description}'),
(252, 1, 17, 'Quantity', '1'),
(253, 1, 18, 'UnitAmount', '{ex_tax_amount}'),
(254, 1, 19, 'Discount', ''),
(255, 1, 20, 'AccountCode', ''),
(256, 1, 21, 'TaxType', '{tax_type}'),
(257, 1, 22, 'TaxAmount', '{tax_amount}'),
(258, 1, 23, 'TrackingName1', ''),
(259, 1, 25, 'TrackingName2', ''),
(260, 1, 24, 'TrackingOption1', ''),
(261, 1, 26, 'TrackingOption2', ''),
(262, 1, 262, 'Currency', 'AUD'),
(264, 11, 4, 'DateTo', '{payable_date}'),
(265, 11, 9, 'Hours', '{hours}'),
(266, 4, 266, 'DatePayable', '{payable_date}'),
(268, 13, 7, 'Taxable', '{tax_type}'),
(269, 8, 0, 'Internal Client ID', '{internal_client_id}'),
(270, 8, 1, 'External Client ID', '{external_client_id}'),
(271, 8, 4, 'Issued Date', '{issued_date}'),
(272, 8, 5, 'Due Date', '{due_date}'),
(273, 8, 6, 'Invoice Description', '{invoice_description}'),
(274, 8, 7, 'Tax Amount', '{tax_amount}'),
(275, 8, 8, 'Ex Tax Amount', '{ex_tax_amount}'),
(276, 8, 9, 'Inc Tax Amount', '{inc_tax_amount}'),
(277, 8, 10, 'PO Number', '{po_number}'),
(278, 8, 3, 'Client Contact Name', '{client_contact_name}'),
(279, 8, 2, 'Client Company Name', '{client_company_name}'),
(280, 9, 280, 'Job Date', '{job_date}'),
(281, 9, 281, 'Job Name', '{job_name}'),
(282, 9, 282, 'First Name', '{staff_first_name}'),
(283, 9, 283, 'Last Name', '{staff_last_name}'),
(284, 9, 284, 'Tax Amount', '{tax_amount}'),
(285, 9, 285, 'Ex Tax Amount', '{ex_tax_amount}'),
(286, 9, 286, 'Inc Tax Amount', '{inc_tax_amount}'),
(287, 9, 287, 'Paid Date/Time', '{paid_on}'),
(288, 5, 0, 'Internal Staff Id', '{internal_staff_id}'),
(289, 5, 1, 'External Staff Id', '{external_staff_id}'),
(290, 5, 2, 'Staff Name', '{staff_name}'),
(292, 5, 7, 'Hours', '{hours}'),
(293, 5, 8, 'Pay Rate', '{pay_rate}'),
(295, 5, 5, 'Start Time', '{start_time}'),
(296, 5, 6, 'Finish Time', '{finish_time}'),
(297, 14, 0, 'Group', '{internal_staff_id}'),
(298, 14, 1, 'VendorID', '{external_staff_id}'),
(299, 14, 2, 'Date', '{pay_run_date}'),
(300, 14, 4, 'Description', '{job_name}    {start_time} -  {finish_time}   {break}'),
(301, 14, 6, 'QtyReceived', '1'),
(303, 14, 8, 'Amount', '{ex_tax_amount}'),
(304, 14, 5, 'AccountID', ''),
(305, 14, 7, 'Taxable', ''),
(306, 14, 3, 'strVendorOrderNumber', ''),
(307, 14, 307, 'JobID', ''),
(308, 14, 308, 'PONumber', ''),
(309, 14, 309, 'ProductID', ''),
(310, 14, 310, 'DivID', ''),
(311, 14, 311, 'CustomerPO', ''),
(312, 15, 312, 'Group', '{internal_staff_id}'),
(313, 15, 313, 'VendorID', '{external_staff_id}'),
(314, 15, 314, 'Date', '{job_date}'),
(315, 15, 315, 'strVendorOrderNumber', ''),
(316, 15, 316, 'Description', '{description}'),
(317, 15, 317, 'AccountID', ''),
(318, 15, 318, 'QtyReceived', '1'),
(319, 15, 319, 'Taxable', '{taxable}'),
(320, 15, 320, 'Amount', '{ex_tax_amount}'),
(321, 15, 321, 'JobID', ''),
(322, 15, 322, 'PONumber', ''),
(323, 15, 323, 'ProductID', ''),
(324, 15, 324, 'DivID', ''),
(325, 15, 325, 'CustomerPO', ''),
(326, 16, 0, 'Group', '{invoice_id}'),
(327, 16, 1, 'CustomerID', '{external_client_id}'),
(328, 16, 2, 'Date', '{job_date}'),
(330, 16, 6, 'AccountID', ''),
(331, 16, 7, 'QtyShipped', '{hours}'),
(332, 16, 8, 'Taxable', '{tax_type}'),
(333, 16, 9, 'Amount', '{ex_tax_amount}'),
(334, 16, 10, 'JobID', ''),
(335, 16, 11, 'DivID', ''),
(336, 16, 12, 'CustomerPO', '{po_number}'),
(338, 16, 4, 'Description', '{item_description}  {staff_name}  {start_time}  {finish_time}  {break}');

-- --------------------------------------------------------

--
-- Table structure for table `export_template_fields`
--

DROP TABLE IF EXISTS `export_template_fields`;
CREATE TABLE IF NOT EXISTS `export_template_fields` (
  `field_id` bigint(20) NOT NULL AUTO_INCREMENT,
  `field_order` bigint(20) NOT NULL DEFAULT '0',
  `object` varchar(20) NOT NULL,
  `level` varchar(20) NOT NULL,
  `value` varchar(100) NOT NULL,
  `label` varchar(100) NOT NULL,
  PRIMARY KEY (`field_id`)
) ENGINE=InnoDB  DEFAULT CHARSET=latin1 AUTO_INCREMENT=167 ;

--
-- Dumping data for table `export_template_fields`
--

INSERT INTO `export_template_fields` (`field_id`, `field_order`, `object`, `level`, `value`, `label`) VALUES
(1, 0, 'payrun_tfn', 'pay_rate', 'job_date', 'Job Date'),
(4, 0, 'payrun_tfn', 'pay_rate', 'hours', 'Hours'),
(5, 0, 'payrun_tfn', 'pay_rate', 'pay_rate', 'Pay Rate Name'),
(6, 0, 'payrun_tfn', 'pay_rate', 'pay_rate_amount', 'Pay Rate Amount'),
(7, 0, 'payrun_tfn', 'pay_rate', 'internal_staff_id', 'Internal Staff ID'),
(8, 0, 'payrun_tfn', 'pay_rate', 'external_staff_id', 'External Staff ID'),
(9, 0, 'payrun_tfn', 'pay_rate', 'job_name', 'Job Name'),
(10, 0, 'payrun_tfn', 'pay_rate', 'staff_name', 'Staff Name'),
(11, 0, 'payrun_tfn', 'pay_rate', 'job_id', 'Job ID'),
(12, 0, 'payrun_tfn', 'pay_rate', 'pay_run_date_from', 'Pay Run Date From'),
(13, 0, 'payrun_tfn', 'pay_rate', 'pay_run_date_to', 'Pay Run Date To'),
(14, 0, 'payrun_tfn', 'pay_rate', 'payable_date', 'Payable Date'),
(15, 0, 'payrun_tfn', 'pay_rate', 'job_day_name', 'Job Day Name'),
(19, 0, 'payrun_tfn', 'pay_rate', 'break', 'Break'),
(20, 0, 'payrun_tfn', 'pay_rate', 'start_time', 'Start Time'),
(21, 0, 'payrun_tfn', 'pay_rate', 'finish_time', 'Finish Time'),
(22, 0, 'payrun_tfn', 'shift', 'job_date', 'Job Date'),
(23, 0, 'payrun_tfn', 'shift', 'hours', 'Hours'),
(24, 0, 'payrun_tfn', 'shift', 'pay_rate', 'Pay Rate'),
(25, 0, 'payrun_tfn', 'shift', 'internal_staff_id', 'Internal Staff ID'),
(26, 0, 'payrun_tfn', 'shift', 'external_staff_id', 'External Staff ID'),
(27, 0, 'payrun_tfn', 'shift', 'job_name', 'Job Name'),
(28, 0, 'payrun_tfn', 'shift', 'staff_name', 'Staff Name'),
(29, 0, 'payrun_tfn', 'shift', 'job_id', 'Job ID'),
(30, 0, 'payrun_tfn', 'shift', 'pay_run_date_from', 'Pay Run Date From'),
(31, 0, 'payrun_tfn', 'shift', 'pay_run_date_to', 'Pay Run Date To'),
(32, 0, 'payrun_tfn', 'shift', 'payable_date', 'Payable Date'),
(33, 0, 'payrun_tfn', 'shift', 'break', 'Break'),
(34, 0, 'payrun_tfn', 'shift', 'start_time', 'Start Time'),
(35, 0, 'payrun_tfn', 'shift', 'finish_time', 'Finish Time'),
(36, 0, 'payrun_tfn', 'staff', 'hours', 'Hours'),
(37, 0, 'payrun_tfn', 'staff', 'internal_staff_id', 'Internal Staff ID'),
(38, 0, 'payrun_tfn', 'staff', 'external_staff_id', 'External Staff ID'),
(39, 0, 'payrun_tfn', 'staff', 'pay_run_date_from', 'Pay Run Date From'),
(40, 0, 'payrun_tfn', 'staff', 'pay_run_date_to', 'Pay Run Date To'),
(41, 0, 'payrun_tfn', 'staff', 'payable_date', 'Payable Date'),
(42, 0, 'payrun_tfn', 'staff', 'total_amount', 'Total Amount'),
(43, 0, 'payrun_tfn', 'staff', 'pay_rate', 'Pay Rate'),
(44, 0, 'invoice', 'item', 'internal_client_id', 'Internal Client ID'),
(45, 0, 'invoice', 'item', 'external_client_id', 'External Client ID'),
(46, 0, 'invoice', 'item', 'client_company_name', 'Client Company Name'),
(47, 0, 'invoice', 'item', 'client_address', 'Client Address'),
(48, 0, 'invoice', 'item', 'client_suburb', 'Client Suburb'),
(49, 0, 'invoice', 'item', 'client_city', 'Client City'),
(50, 0, 'invoice', 'item', 'client_postcode', 'Client Postcode'),
(51, 0, 'invoice', 'item', 'client_state', 'Client State'),
(52, 0, 'invoice', 'item', 'client_country', 'Client Country'),
(53, 0, 'invoice', 'item', 'client_contact_name', 'Client Contact Name'),
(54, 0, 'invoice', 'item', 'client_email', 'Client Email'),
(55, 0, 'invoice', 'item', 'issued_date', 'Issued Date'),
(56, 0, 'invoice', 'item', 'due_date', 'Due Date'),
(57, 0, 'invoice', 'item', 'item_description', 'Item Description'),
(58, 0, 'invoice', 'item', 'tax_type', 'Tax Type'),
(59, 0, 'invoice', 'item', 'tax_amount', 'Tax Amount'),
(60, 0, 'invoice', 'item', 'ex_tax_amount', 'Ex Tax Amount'),
(61, 0, 'invoice', 'item', 'inc_tax_amount', 'Inc Tax Amount'),
(62, 0, 'invoice', 'item', 'invoice_id', 'Invoice ID'),
(63, 0, 'invoice', 'item', 'po_number', 'PO Number'),
(64, 0, 'staff', '', 'title', 'Title'),
(65, 0, 'staff', '', 'rating', 'Rating'),
(66, 0, 'staff', '', 'first_name', 'First Name'),
(67, 0, 'staff', '', 'gender', 'Gender'),
(68, 0, 'staff', '', 'dob', 'Date of birth'),
(69, 0, 'staff', '', 'address', 'Address'),
(70, 0, 'staff', '', 'suburb', 'Suburb'),
(71, 0, 'staff', '', 'city', 'City'),
(72, 0, 'staff', '', 'postcode', 'Postcode'),
(73, 0, 'staff', '', 'state', 'State'),
(74, 0, 'staff', '', 'country', 'Country'),
(75, 0, 'staff', '', 'email', 'Email'),
(76, 0, 'staff', '', 'phone', 'Phone'),
(77, 0, 'staff', '', 'external_id', 'External Staff ID'),
(78, 0, 'staff', '', 'emergency_contact', 'Emergency Contact Person'),
(79, 0, 'staff', '', 'emergency_phone', 'Emergency Phone'),
(80, 0, 'staff', '', 'account_name', 'Bank Account Name'),
(81, 0, 'staff', '', 'bsb', 'BSB'),
(82, 0, 'staff', '', 'account_number', 'Bank Account Number'),
(83, 0, 'staff', '', 'employed_as', 'Employed As'),
(84, 0, 'staff', '', 'tfn_number', 'TFN Number'),
(85, 0, 'staff', '', 'abn_number', 'ABN Number'),
(86, 0, 'staff', '', 'super_choice', 'Choice of superannuation'),
(87, 0, 'staff', '', 'super_employee_id', 'Super Employee ID Number'),
(88, 0, 'staff', '', 'super_fund_name', 'Super Fund Name'),
(89, 0, 'staff', '', 'super_membership_number', 'Super Membership Number'),
(90, 0, 'staff', '', 'last_name', 'Last Name'),
(91, 0, 'staff', '', 'mobile', 'Mobile'),
(92, 0, 'staff', '', 'internal_id', 'Internal Staff ID'),
(93, 0, 'staff', '', 'joined_date', 'Joined Date'),
(94, 0, 'staff', '', 'status', 'Status'),
(95, 0, 'invoice', 'invoice', 'client_address', 'Client Address'),
(96, 0, 'invoice', 'invoice', 'client_city', 'Client City'),
(97, 0, 'invoice', 'invoice', 'client_company_name', 'Client Company Name'),
(98, 0, 'invoice', 'invoice', 'client_contact_name', 'Client Contact Name'),
(99, 0, 'invoice', 'invoice', 'client_country', 'Client Country'),
(100, 0, 'invoice', 'invoice', 'client_email', 'Client Email'),
(101, 0, 'invoice', 'invoice', 'client_postcode', 'Client Postcode'),
(102, 0, 'invoice', 'invoice', 'client_state', 'Client State'),
(103, 0, 'invoice', 'invoice', 'client_suburb', 'Client Suburb'),
(104, 0, 'invoice', 'invoice', 'due_date', 'Due Date'),
(105, 0, 'invoice', 'invoice', 'ex_tax_amount', 'Ex Tax Amount'),
(106, 0, 'invoice', 'invoice', 'external_client_id', 'External Client ID'),
(107, 0, 'invoice', 'invoice', 'inc_tax_amount', 'Inc Tax Amount'),
(108, 0, 'invoice', 'invoice', 'invoice_id', 'Invoice ID'),
(109, 0, 'invoice', 'invoice', 'issued_date', 'Issued Date'),
(110, 0, 'invoice', 'invoice', 'invoice_description', 'Invoice Description'),
(111, 0, 'invoice', 'invoice', 'po_number', 'PO Number'),
(112, 0, 'invoice', 'invoice', 'tax_amount', 'Tax Amount'),
(113, 0, 'invoice', 'invoice', 'internal_client_id', 'Internal Client ID'),
(114, 0, 'expense', '', 'job_date', 'Job Date'),
(115, 0, 'expense', '', 'staff_first_name', 'Staff First Name'),
(116, 0, 'expense', '', 'staff_last_name', 'Staff Last Name'),
(117, 0, 'expense', '', 'job_name', 'Job Name'),
(118, 0, 'expense', '', 'tax_amount', 'Tax Amount'),
(119, 0, 'expense', '', 'inc_tax_amount', 'Inc Tax Amount'),
(120, 0, 'expense', '', 'paid_on', 'Paid Date/Time'),
(121, 0, 'expense', '', 'ex_tax_amount', 'Ex Tax Amount'),
(122, 0, 'payrun_abn', 'shift', 'pay_run_date', 'Pay Run Date'),
(123, 0, 'payrun_abn', 'shift', 'start_time', 'Start Time'),
(124, 0, 'payrun_abn', 'shift', 'finish_time', 'Finish Time'),
(125, 0, 'payrun_abn', 'shift', 'staff_name', 'Staff Name'),
(126, 0, 'payrun_abn', 'shift', 'break', 'Break'),
(127, 0, 'payrun_abn', 'shift', 'hours', 'Hours'),
(128, 0, 'payrun_abn', 'shift', 'pay_rate', 'Pay Rate'),
(129, 0, 'payrun_abn', 'shift', 'venue', 'Venue'),
(130, 0, 'payrun_abn', 'shift', 'internal_staff_id', 'Internal Staff Id'),
(131, 0, 'payrun_abn', 'shift', 'external_staff_id', 'External Staff Id'),
(132, 0, 'payrun_abn', 'shift', 'job_name', 'Job Name'),
(133, 0, 'payrun_abn', 'shift', 'job_id', 'Job ID'),
(134, 0, 'payrun_abn', 'shift', 'taxable', 'Taxable'),
(135, 0, 'payrun_abn', 'shift', 'ex_tax_amount', 'Ex Tax Amount'),
(136, 0, 'payrun_abn', 'shift', 'inc_tax_amount', 'Inc Tax Amount'),
(137, 0, 'expense', '', 'internal_staff_id', 'Internal Staff ID'),
(138, 0, 'expense', '', 'external_staff_id', 'External Staff ID'),
(139, 0, 'expense', '', 'description', 'Description'),
(140, 0, 'expense', '', 'taxable', 'Taxable'),
(141, 0, 'invoice', 'shift', 'internal_client_id', 'Internal Client ID'),
(142, 0, 'invoice', 'shift', 'external_client_id', 'External Client ID'),
(143, 0, 'invoice', 'shift', 'client_company_name', 'Client Company Name'),
(144, 0, 'invoice', 'shift', 'client_address', 'Client Address'),
(145, 0, 'invoice', 'shift', 'client_suburb', 'Client Suburb'),
(146, 0, 'invoice', 'shift', 'client_city', 'Client City'),
(147, 0, 'invoice', 'shift', 'client_postcode', 'Client Postcode'),
(148, 0, 'invoice', 'shift', 'client_state', 'Client State'),
(149, 0, 'invoice', 'shift', 'client_country', 'Client Country'),
(150, 0, 'invoice', 'shift', 'client_contact_name', 'Client Contact Name'),
(151, 0, 'invoice', 'shift', 'client_email', 'Client Email'),
(152, 0, 'invoice', 'shift', 'issued_date', 'Issued Date'),
(153, 0, 'invoice', 'shift', 'due_date', 'Due Date'),
(154, 0, 'invoice', 'shift', 'item_description', 'Item Description'),
(155, 0, 'invoice', 'shift', 'tax_type', 'Tax Type'),
(156, 0, 'invoice', 'shift', 'tax_amount', 'Tax Amount'),
(157, 0, 'invoice', 'shift', 'ex_tax_amount', 'Ex Tax Amount'),
(158, 0, 'invoice', 'shift', 'inc_tax_amount', 'Inc Tax Amount'),
(159, 0, 'invoice', 'shift', 'invoice_id', 'Invoice ID'),
(160, 0, 'invoice', 'shift', 'po_number', 'PO Number'),
(161, 0, 'invoice', 'shift', 'job_date', 'Job Date'),
(162, 0, 'invoice', 'shift', 'hours', 'Hours'),
(163, 0, 'invoice', 'shift', 'staff_name', 'Staff Name'),
(164, 0, 'invoice', 'shift', 'break', 'Break'),
(165, 0, 'invoice', 'shift', 'start_time', 'Start Time'),
(166, 0, 'invoice', 'shift', 'finish_time', 'Finish Time');
