<?xml version="1.0" encoding="UTF-8"?>
<!DOCTYPE syntax SYSTEM "symbol.dtd">
<symbols>

    <blocks>
        <beginregex>{</beginregex>
        <endregex>}</endregex>
    </blocks>
    
    <symbol id="Classes" image="SymbolC" indentation="0" ignoreblocks="yes">
        <regex>(?&lt;=[\n\r]|^)\s*class\s+([^\s]*)</regex>
    </symbol>

    <symbol id="Functions in Classes" image="SymbolF()" indentation="0" ignoreblocks="yes" useforautocomplete="yes">
        <regex>(?&lt;=public|private|protected)\s+(?:\w*\s+)*function\s+(?'name'\w+\s*\((?'arguments'[^)]*)\))[^{]*</regex>
        <postprocess>
            <find>\([^\)]*\)</find>
            <replace>()</replace>
            <find>\).*</find>
            <replace>)</replace>
            <find>[\n\r]</find>
            <replace> </replace>
            <find>[ \t]+</find>
            <replace> </replace>
        </postprocess>
        <arguments>([\w]+[:\w\s\*]*)[,\n\t]*</arguments>
    </symbol>

    <symbol id="Functions" image="SymbolF()" indentation="0" ignoreblocks="yes" useforautocomplete="yes">
        <regex>(?&lt;=[\n\r]|^)\s*function\s+(?'name'\w+\s*\((?'arguments'[^)]*)\))[^{]*</regex>
        <postprocess>
            <find>\([^\)]*\)</find>
            <replace>()</replace>
            <find>[\n\r]</find>
            <replace> </replace>
            <find>[ \t]+</find>
            <replace> </replace>
        </postprocess>
        <arguments>([\w]+[:\w\s\*]*)[,\n\t]*</arguments>
    </symbol>

    <symbol id="Functions 2" image="SymbolF()" indentation="0" ignoreblocks="yes" useforautocomplete="yes">
        <regex>(?&lt;=[\n\r]|^)[ \t]*=[ \t]*function\s+(?'name'\w+\s*\((?'arguments'[^)]*)\))[^{]*</regex>
        <postprocess>
            <find>^[= \t]*</find>
            <replace></replace>
            <find>\([^\)]*\)</find>
            <replace>()</replace>
            <find>[ \t]+</find>
            <replace> </replace>
        </postprocess>
        <arguments>([\w]+[:\w\s\*]*)[,\n\t]*</arguments>
    </symbol>

    <symbol id="Inline Functions" image="SymbolF()" indentation="0" ignoreblocks="yes" useforautocomplete="yes">
        <!-- <regex>([^\s]+)\s*=\s*function\s*\([^\)]*\)(?=\s*\{)</regex> -->
        <regex>(?'name'[^\s]+(?'trim'\s*=\s*function\s*)\((?'arguments'[^)]*)\))[^{]*</regex>
        <postprocess>
        	<find>[\n\r]</find>
            <replace> </replace>
            <find>[ \t]+</find>
            <replace> </replace>
            <find>(?'name'[^\s]+)\s*=\s*function\s*\((?'arguments'[^)]*)\)</find>
            <replace>\1(\2)</replace>
        </postprocess>
        <arguments>([\w]+[:\w\s\*]*)[,\n\t]*</arguments>
    </symbol>

    <symbol id="CVS/SVN conflict" font-weight="bold" image="SymbolWarn" indentation="0" ignoreblocks="no">
        <regex>^&lt;&lt;&lt;&lt;&lt;&lt;&lt;([\n\r]|.)*?======([\n\r]|.)*?&gt;&gt;&gt;&gt;&gt;&gt;&gt;</regex>
        <postprocess>
            <find>.*</find>
            <replace>Versioning conflict!</replace>
        </postprocess>
    </symbol>

	<!-- CODA -->
	 <symbol id="Pragma marks" font-weight="normal" font-style="normal" image="SymbolMark" indentation="0" ignoreblocks="no" show-in-comments="yes">
        <regex>// !([^\n\r]+)</regex>
    </symbol>
	<!-- END -->
	
</symbols>