<?xml version="1.0" encoding="UTF-8"?>
<itemizer>
	
	<!-- Classes -->
	<recipe name="python.class">
		<class>ESCodeClassItem</class>
		<selector>python x-item-body:has-child(class.definition:has-child(name:capture(name)))</selector>
		<subrecipes>
			<include-root-recipes />
		</subrecipes>
	</recipe>
	
	<!-- Functions -->
	<recipe name="python.function">
		<selector>python x-item-body:has-child(function.definition:has-child(name:capture(name)))</selector>
		<subrecipes>
			<include-root-recipes />
		</subrecipes>
	</recipe>
	
	<!-- Arbitrary control statements -->
	<!-- FIXME: this does not work because subrecipes are not evaluated within ends-with blocks -->
	<recipe name="python.control-statements.root">
		<class>ESJSChunkBlockItem</class>
		<selector>python x-item-body.x-item-block:has-child(x-item-start:capture(name))</selector>
		<subrecipes>
			<include-root-recipes />
		</subrecipes>
	</recipe>
	<recipe name="python.control-statements">
		<class>ESJSChunkBlockItem</class>
		<start-selector>python x-item-block:not(x-item-body) x-item-start:capture(name)</start-selector>
		<end-selector>python x-item-body</end-selector>
		<subrecipes>
			<include-root-recipes />
		</subrecipes>
	</recipe>
	
	<!-- '''My docstring''' -->
	<recipe name="python.comment.docstring">
	    <class>ESCommentItem</class>
	    <selector>python string.long.quoted</selector>
	</recipe>
	
	<!-- #!/usr/bin/python -->
	<recipe name="python.shebang">
		<class>ESCommentItem</class>
		<selector>python comment.shebang</selector>
	</recipe>

</itemizer>