<?xml version="1.0" encoding="UTF-8"?>
<itemizer>

	<recipe name="ie-conditional.comment">
		<class>ESCommentItem</class>
		<selector>html.comment.conditional:has-child(conditional.start:has-child(condition:capture(name)))</selector>
		<subrecipes>
			<include-root-recipes/>
		</subrecipes>
	</recipe>
	
	<recipe name="built-in.comment">
		<class>ESCommentItem</class>
		<selector>html.comment</selector>
	</recipe>

	<!--recipe name="built-in.group.collection">
		<start-selector>itemize.group-start:has-child(name:capture(name)), itemize.group-start</start-selector>
		<end-selector>itemize.group-end</end-selector>
		<subrecipes>
			<include-root-recipes/>
		</subrecipes>
	</recipe-->
	
	<!-- Special case, because the option element can be self-closing when nested in the datalist element -->
	<recipe name="built-in.html.tag.collection.datalist">
		<start-selector>html.tag.open:has-child(name[text='datalist']:capture(name))</start-selector>
		<end-selector>html.tag.close:has-child(name[text == $name.text])</end-selector>
		<subrecipes>
			<recipe name="built-in.self-closing-tag.option">
				<selector>html.tag.open:has-child(name[text='option']:capture(name))</selector>
				<class>ESXHTMLItem</class>
			</recipe>
			<include-root-recipes/>
		</subrecipes>
		<class>ESXHTMLItem</class>
	</recipe>

	<recipe name="built-in.html.tag.collection">
		<start-selector>html.tag.open:has-child(name:capture(name))</start-selector>
		<end-selector>html.tag.close:has-child(name[text == $name.text])</end-selector>
		<subrecipes>
			<include-root-recipes/>
		</subrecipes>
		<class>ESXHTMLItem</class>
	</recipe>
	
	<recipe name="built-in.self-closing-tag">
		<selector>html.tag.open:has-child(name:capture(name), empty-element-marker), html.tag.self-closing:has-child(name:capture(name)), html.tag.open:has-child(name:capture(name), self-closing)</selector>
		<class>ESXHTMLItem</class>
	</recipe>

	<library>
	</library>
	
</itemizer>
