<?xml version="1.0" encoding="UTF-8"?>
<codesense version="1.0">
	<set name="com.macrabbit.apache.tags">
		<behavior>
			<append-dynamic>
				<matched-suffix>([\t >])|[^\t >]</matched-suffix>
				<transform-into>(?1:: $1>
	$2
&lt;/${completion}>$0)</transform-into>
			</append-dynamic>
		</behavior>
		<completion string="AuthnProviderAlias" />
		<completion string="Directory" />
		<completion string="DirectoryMatch" />
		<completion string="Files" />
		<completion string="FilesMatch" />
		<completion string="IfDefine" />
		<completion string="IfModule" />
		<completion string="IfVersion" />
		<completion string="Limit" />
		<completion string="LimitExcept" />
		<completion string="Location" />
		<completion string="LocationMatch" />
		<completion string="Proxy" />
		<completion string="ProxyMatch" />
		<completion string="VirtualHost" />
	</set>
	
	<set name="com.macrabbit.apache.keywords">
		<behavior>
			<append-dynamic>
				<matched-suffix>(\s+)|\S?</matched-suffix>
				<transform-into>(?1:: $0)</transform-into>
			</append-dynamic>
		</behavior>
		<completion string="AcceptFilter" />
		<completion string="AcceptMutex" />
		<completion string="AcceptPathInfo" />
		<completion string="AccessFileName" />
		<completion string="Action" />
		<completion string="AddAlt" />
		<completion string="AddAltByEncoding" />
		<completion string="AddAltByType" />
		<completion string="AddCharset" />
		<completion string="AddDefaultCharset" />
		<completion string="AddDescription" />
		<completion string="AddEncoding" />
		<completion string="AddHandler" />
		<completion string="AddIcon" />
		<completion string="AddIconByEncoding" />
		<completion string="AddIconByType" />
		<completion string="AddInputFilter" />
		<completion string="AddLanguage" />
		<completion string="AddModuleInfo" />
		<completion string="AddOutputFilter" />
		<completion string="AddOutputFilterByType" />
		<completion string="AddType" />
		<completion string="Alias" />
		<completion string="AliasMatch" />
		<completion string="Allow" />
		<completion string="AllowCONNECT" />
		<completion string="AllowEncodedSlashes" />
		<completion string="AllowOverride" />
		<completion string="Anonymous" />
		<completion string="Anonymous_LogEmail" />
		<completion string="Anonymous_MustGiveEmail" />
		<completion string="Anonymous_NoUserID" />
		<completion string="Anonymous_VerifyEmail" />
		<completion string="AuthBasicAuthoritative" />
		<completion string="AuthBasicProvider" />
		<completion string="AuthDBDUserPWQuery" />
		<completion string="AuthDBDUserRealmQuery" />
		<completion string="AuthDBMGroupFile" />
		<completion string="AuthDBMType" />
		<completion string="AuthDBMUserFile" />
		<completion string="AuthDefaultAuthoritative" />
		<completion string="AuthDigestAlgorithm" />
		<completion string="AuthDigestDomain" />
		<completion string="AuthDigestNcCheck" />
		<completion string="AuthDigestNonceFormat" />
		<completion string="AuthDigestNonceLifetime" />
		<completion string="AuthDigestProvider" />
		<completion string="AuthDigestQop" />
		<completion string="AuthDigestShmemSize" />
		<completion string="AuthGroupFile" />
		<completion string="AuthLDAPBindAuthoritative" />
		<completion string="AuthLDAPBindDN" />
		<completion string="AuthLDAPBindPassword" />
		<completion string="AuthLDAPCharsetConfig" />
		<completion string="AuthLDAPCompareDNOnServer" />
		<completion string="AuthLDAPDereferenceAliases" />
		<completion string="AuthLDAPGroupAttribute" />
		<completion string="AuthLDAPGroupAttributeIsDN" />
		<completion string="AuthLDAPRemoteUserAttribute" />
		<completion string="AuthLDAPRemoteUserIsDN" />
		<completion string="AuthLDAPUrl" />
		<completion string="AuthName" />
		<completion string="AuthType" />
		<completion string="AuthUserFile" />
		<completion string="AuthzDBMAuthoritative" />
		<completion string="AuthzDBMType" />
		<completion string="AuthzDefaultAuthoritative" />
		<completion string="AuthzGroupFileAuthoritative" />
		<completion string="AuthzLDAPAuthoritative" />
		<completion string="AuthzOwnerAuthoritative" />
		<completion string="AuthzUserAuthoritative" />
		<completion string="BalancerMember" />
		<completion string="BrowserMatch" />
		<completion string="BrowserMatchNoCase" />
		<completion string="BufferedLogs" />
		<completion string="CacheDefaultExpire" />
		<completion string="CacheDirLength" />
		<completion string="CacheDirLevels" />
		<completion string="CacheDisable" />
		<completion string="CacheEnable" />
		<completion string="CacheFile" />
		<completion string="CacheIgnoreCacheControl" />
		<completion string="CacheIgnoreHeaders" />
		<completion string="CacheIgnoreNoLastMod" />
		<completion string="CacheIgnoreQueryString" />
		<completion string="CacheIgnoreURLSessionIdentifiers" />
		<completion string="CacheLastModifiedFactor" />
		<completion string="CacheLock" />
		<completion string="CacheLockMaxAge" />
		<completion string="CacheLockPath" />
		<completion string="CacheMaxExpire" />
		<completion string="CacheMaxFileSize" />
		<completion string="CacheMinFileSize" />
		<completion string="CacheNegotiatedDocs" />
		<completion string="CacheRoot" />
		<completion string="CacheStoreNoStore" />
		<completion string="CacheStorePrivate" />
		<completion string="CGIMapExtension" />
		<completion string="CharsetDefault" />
		<completion string="CharsetOptions" />
		<completion string="CharsetSourceEnc" />
		<completion string="CheckCaseOnly" />
		<completion string="CheckSpelling" />
		<completion string="ChrootDir" />
		<completion string="ContentDigest" />
		<completion string="CookieDomain" />
		<completion string="CookieExpires" />
		<completion string="CookieLog" />
		<completion string="CookieName" />
		<completion string="CookieStyle" />
		<completion string="CookieTracking" />
		<completion string="CoreDumpDirectory" />
		<completion string="CustomLog" />
		<completion string="Dav" />
		<completion string="DavDepthInfinity" />
		<completion string="DavGenericLockDB" />
		<completion string="DavLockDB" />
		<completion string="DavMinTimeout" />
		<completion string="DBDExptime" />
		<completion string="DBDKeep" />
		<completion string="DBDMax" />
		<completion string="DBDMin" />
		<completion string="DBDParams" />
		<completion string="DBDPersist" />
		<completion string="DBDPrepareSQL" />
		<completion string="DBDriver" />
		<completion string="DefaultIcon" />
		<completion string="DefaultLanguage" />
		<completion string="DefaultType" />
		<completion string="DeflateBufferSize" />
		<completion string="DeflateCompressionLevel" />
		<completion string="DeflateFilterNote" />
		<completion string="DeflateMemLevel" />
		<completion string="DeflateWindowSize" />
		<completion string="Deny" />
		<completion string="DirectoryIndex" />
		<completion string="DirectorySlash" />
		<completion string="DocumentRoot" />
		<completion string="DumpIOInput" />
		<completion string="DumpIOLogLevel" />
		<completion string="DumpIOOutput" />
		<completion string="EnableExceptionHook" />
		<completion string="EnableMMAP" />
		<completion string="EnableSendfile" />
		<completion string="ErrorDocument" />
		<completion string="ErrorLog" />
		<completion string="Example" />
		<completion string="ExpiresActive" />
		<completion string="ExpiresByType" />
		<completion string="ExpiresDefault" />
		<completion string="ExtendedStatus" />
		<completion string="ExtFilterDefine" />
		<completion string="ExtFilterOptions" />
		<completion string="FallbackResource" />
		<completion string="FileETag" />
		<completion string="FilterChain" />
		<completion string="FilterDeclare" />
		<completion string="FilterProtocol" />
		<completion string="FilterProvider" />
		<completion string="FilterTrace" />
		<completion string="ForceLanguagePriority" />
		<completion string="ForceType" />
		<completion string="ForensicLog" />
		<completion string="GracefulShutdownTimeout" />
		<completion string="Group" />
		<completion string="Header" />
		<completion string="HeaderName" />
		<completion string="HostnameLookups" />
		<completion string="IdentityCheck" />
		<completion string="IdentityCheckTimeout" />
		<completion string="ImapBase" />
		<completion string="ImapDefault" />
		<completion string="ImapMenu" />
		<completion string="Include" />
		<completion string="IndexHeadInsert" />
		<completion string="IndexIgnore" />
		<completion string="IndexOptions" />
		<completion string="IndexOrderDefault" />
		<completion string="IndexStyleSheet" />
		<completion string="ISAPIAppendLogToErrors" />
		<completion string="ISAPIAppendLogToQuery" />
		<completion string="ISAPICacheFile" />
		<completion string="ISAPIFakeAsync" />
		<completion string="ISAPILogNotSupported" />
		<completion string="ISAPIReadAheadBuffer" />
		<completion string="KeepAlive" />
		<completion string="KeepAliveTimeout" />
		<completion string="LanguagePriority" />
		<completion string="LDAPCacheEntries" />
		<completion string="LDAPCacheTTL" />
		<completion string="LDAPConnectionTimeout" />
		<completion string="LDAPOpCacheEntries" />
		<completion string="LDAPOpCacheTTL" />
		<completion string="LDAPSharedCacheFile" />
		<completion string="LDAPSharedCacheSize" />
		<completion string="LDAPTrustedClientCert" />
		<completion string="LDAPTrustedGlobalCert" />
		<completion string="LDAPTrustedMode" />
		<completion string="LDAPVerifyServerCert" />
		<completion string="LimitInternalRecursion" />
		<completion string="LimitRequestBody" />
		<completion string="LimitRequestFields" />
		<completion string="LimitRequestFieldSize" />
		<completion string="LimitRequestLine" />
		<completion string="LimitXMLRequestBody" />
		<completion string="Listen" />
		<completion string="ListenBackLog" />
		<completion string="LoadFile" />
		<completion string="LoadModule" />
		<completion string="LockFile" />
		<completion string="LogFormat" />
		<completion string="LogLevel" />
		<completion string="MaxClients" />
		<completion string="MaxKeepAliveRequests" />
		<completion string="MaxMemFree" />
		<completion string="MaxRequestsPerChild" />
		<completion string="MaxRequestsPerThread" />
		<completion string="MaxSpareServers" />
		<completion string="MaxSpareThreads" />
		<completion string="MaxThreads" />
		<completion string="MCacheMaxObjectCount" />
		<completion string="MCacheMaxObjectSize" />
		<completion string="MCacheMaxStreamingBuffer" />
		<completion string="MCacheMinObjectSize" />
		<completion string="MCacheRemovalAlgorithm" />
		<completion string="MCacheSize" />
		<completion string="MetaDir" />
		<completion string="MetaFiles" />
		<completion string="MetaSuffix" />
		<completion string="MimeMagicFile" />
		<completion string="MinSpareServers" />
		<completion string="MinSpareThreads" />
		<completion string="MMapFile" />
		<completion string="ModMimeUsePathInfo" />
		<completion string="MultiviewsMatch" />
		<completion string="NameVirtualHost" />
		<completion string="NoProxy" />
		<completion string="NWSSLTrustedCerts" />
		<completion string="NWSSLUpgradeable" />
		<completion string="Options" />
		<completion string="Order" />
		<completion string="PassEnv" />
		<completion string="PidFile" />
		<completion string="ProtocolEcho" />
		<completion string="ProxyBadHeader" />
		<completion string="ProxyBlock" />
		<completion string="ProxyDomain" />
		<completion string="ProxyErrorOverride" />
		<completion string="ProxyFtpDirCharset" />
		<completion string="ProxyIOBufferSize" />
		<completion string="ProxyMaxForwards" />
		<completion string="ProxyPass" />
		<completion string="ProxyPassInterpolateEnv" />
		<completion string="ProxyPassMatch" />
		<completion string="ProxyPassReverse" />
		<completion string="ProxyPassReverseCookieDomain" />
		<completion string="ProxyPassReverseCookiePath" />
		<completion string="ProxyPreserveHost" />
		<completion string="ProxyReceiveBufferSize" />
		<completion string="ProxyRemote" />
		<completion string="ProxyRemoteMatch" />
		<completion string="ProxyRequests" />
		<completion string="ProxySCGIInternalRedirect" />
		<completion string="ProxySCGISendfile" />
		<completion string="ProxySet" />
		<completion string="ProxyStatus" />
		<completion string="ProxyTimeout" />
		<completion string="ProxyVia" />
		<completion string="ReadmeName" />
		<completion string="ReceiveBufferSize" />
		<completion string="Redirect" />
		<completion string="RedirectMatch" />
		<completion string="RedirectPermanent" />
		<completion string="RedirectTemp" />
		<completion string="RemoveCharset" />
		<completion string="RemoveEncoding" />
		<completion string="RemoveHandler" />
		<completion string="RemoveInputFilter" />
		<completion string="RemoveLanguage" />
		<completion string="RemoveOutputFilter" />
		<completion string="RemoveType" />
		<completion string="RequestHeader" />
		<completion string="RequestReadTimeout" />
		<completion string="Require" />
		<completion string="RewriteBase" />
		<completion string="RewriteCond" />
		<completion string="RewriteEngine" />
		<completion string="RewriteLock" />
		<completion string="RewriteLog" />
		<completion string="RewriteLogLevel" />
		<completion string="RewriteMap" />
		<completion string="RewriteOptions" />
		<completion string="RewriteRule" />
		<completion string="RLimitCPU" />
		<completion string="RLimitMEM" />
		<completion string="RLimitNPROC" />
		<completion string="Satisfy" />
		<completion string="ScoreBoardFile" />
		<completion string="Script" />
		<completion string="ScriptAlias" />
		<completion string="ScriptAliasMatch" />
		<completion string="ScriptInterpreterSource" />
		<completion string="ScriptLog" />
		<completion string="ScriptLogBuffer" />
		<completion string="ScriptLogLength" />
		<completion string="ScriptSock" />
		<completion string="SecureListen" />
		<completion string="SeeRequestTail" />
		<completion string="SendBufferSize" />
		<completion string="ServerAdmin" />
		<completion string="ServerAlias" />
		<completion string="ServerLimit" />
		<completion string="ServerName" />
		<completion string="ServerPath" />
		<completion string="ServerRoot" />
		<completion string="ServerSignature" />
		<completion string="ServerTokens" />
		<completion string="SetEnv" />
		<completion string="SetEnvIf" />
		<completion string="SetEnvIfNoCase" />
		<completion string="SetHandler" />
		<completion string="SetInputFilter" />
		<completion string="SetOutputFilter" />
		<completion string="SSIEnableAccess" />
		<completion string="SSIEndTag" />
		<completion string="SSIErrorMsg" />
		<completion string="SSIETag" />
		<completion string="SSILastModified" />
		<completion string="SSIStartTag" />
		<completion string="SSITimeFormat" />
		<completion string="SSIUndefinedEcho" />
		<completion string="SSLCACertificateFile" />
		<completion string="SSLCACertificatePath" />
		<completion string="SSLCADNRequestFile" />
		<completion string="SSLCADNRequestPath" />
		<completion string="SSLCARevocationFile" />
		<completion string="SSLCARevocationPath" />
		<completion string="SSLCertificateChainFile" />
		<completion string="SSLCertificateFile" />
		<completion string="SSLCertificateKeyFile" />
		<completion string="SSLCipherSuite" />
		<completion string="SSLCryptoDevice" />
		<completion string="SSLEngine" />
		<completion string="SSLFIPS" />
		<completion string="SSLHonorCipherOrder" />
		<completion string="SSLInsecureRenegotiation" />
		<completion string="SSLMutex" />
		<completion string="SSLOptions" />
		<completion string="SSLPassPhraseDialog" />
		<completion string="SSLProtocol" />
		<completion string="SSLProxyCACertificateFile" />
		<completion string="SSLProxyCACertificatePath" />
		<completion string="SSLProxyCARevocationFile" />
		<completion string="SSLProxyCARevocationPath" />
		<completion string="SSLProxyCheckPeerCN" />
		<completion string="SSLProxyCheckPeerExpire" />
		<completion string="SSLProxyCipherSuite" />
		<completion string="SSLProxyEngine" />
		<completion string="SSLProxyMachineCertificateFile" />
		<completion string="SSLProxyMachineCertificatePath" />
		<completion string="SSLProxyProtocol" />
		<completion string="SSLProxyVerify" />
		<completion string="SSLProxyVerifyDepth" />
		<completion string="SSLRandomSeed" />
		<completion string="SSLRenegBufferSize" />
		<completion string="SSLRequire" />
		<completion string="SSLRequireSSL" />
		<completion string="SSLSessionCache" />
		<completion string="SSLSessionCacheTimeout" />
		<completion string="SSLStrictSNIVHostCheck" />
		<completion string="SSLUserName" />
		<completion string="SSLVerifyClient" />
		<completion string="SSLVerifyDepth" />
		<completion string="StartServers" />
		<completion string="StartThreads" />
		<completion string="Substitute" />
		<completion string="SuexecUserGroup" />
		<completion string="ThreadLimit" />
		<completion string="ThreadsPerChild" />
		<completion string="ThreadStackSize" />
		<completion string="TimeOut" />
		<completion string="TraceEnable" />
		<completion string="TransferLog" />
		<completion string="TypesConfig" />
		<completion string="UnsetEnv" />
		<completion string="UseCanonicalName" />
		<completion string="UseCanonicalPhysicalPort" />
		<completion string="User" />
		<completion string="UserDir" />
		<completion string="VirtualDocumentRoot" />
		<completion string="VirtualDocumentRootIP" />
		<completion string="VirtualScriptAlias" />
		<completion string="VirtualScriptAliasIP" />
		<completion string="Win32DisableAcceptEx" />
		<completion string="XBitHack" />
	</set>
</codesense>