<?xml version="1.0" encoding="UTF-8"?>
<settings>
	<setting name="comment-multiline-start">
		<language-context>python</language-context>
		<no-value/>
	</setting>

	<setting name="comment-multiline-end">
		<language-context>python</language-context>
		<no-value/>
	</setting>

	<setting name="comment-multiline-end-inert">
		<language-context>python</language-context>
		<no-value/>
	</setting>

	<setting name="comment-singleline-start">
		<language-context>python</language-context>
		<value>#</value>
	</setting>
</settings>