10000,~3~7~6~8~9~10~11~12~13~14~15~16~17~18~19~20~
2744,
2745,
10002,~3~7~6~8~9~10~11~12~13~14~15~16~17~18~19~20~21~22~
10003,~3~7~6~8~9~10~
2212,~3~7~6~10~15~21~
273,~3~7~6~8~9~10~11~12~13~14~15~16~17~18~19~20~21~22~23~
960,~3~7~6~8~9~10~11~18~19~20~22~
1466,~3~7~6~8~9~10~11~12~13~14~15~16~17~18~19~20~21~22~23~
879,~3~7~6~8~9~10~
258,~3~7~6~8~9~10~11~12~13~14~15~16~17~18~19~20~21~22~
230,~3~7~6~8~9~10~
10004,~3~7~6~8~9~10~
3,~3~7~6~8~9~10~
4,~1~2~3~6~7~8~9~10~
7,~1~2~3~6~7~8~9~10~
9,~1~2~3~6~7~8~9~10~
17,~1~2~3~6~7~8~9~10~
37,~1~2~3~6~7~8~9~10~
38,~1~2~3~6~7~8~9~10~
39,~1~2~3~6~7~8~9~10~
41,~1~2~3~6~7~8~9~10~
48,~1~2~3~6~7~8~9~10~
50,~1~2~3~6~7~8~9~10~
59,~1~2~3~6~7~8~9~10~
65,~1~2~3~6~7~8~9~10~
68,~1~2~3~6~7~8~9~10~
84,~1~2~3~6~7~8~9~10~
86,~1~2~3~6~7~8~9~10~
95,~1~2~3~6~7~8~9~10~
100,~1~2~3~6~7~8~9~10~
101,~1~2~3~6~7~8~9~10~
104,~1~2~3~6~7~8~9~10~
109,~1~2~3~6~7~8~9~10~
110,~1~2~3~6~7~8~9~10~
124,~1~2~3~6~7~8~9~10~
132,~1~2~3~6~7~8~9~10~
137,~3~7~8~9~10~11~12~13~16~17~18~21~22~23~
138,~1~2~3~6~7~8~9~10~
144,~1~2~3~6~7~8~9~10~
146,~1~2~3~6~7~8~9~10~
148,~1~2~3~6~7~8~9~10~
152,~1~2~3~6~7~8~9~10~
180,~1~2~3~6~7~8~9~10~
181,~1~2~3~6~7~8~9~10~
182,~3~7~6~8~9~10~
186,~1~2~3~6~7~8~9~10~
188,~1~2~3~6~7~8~9~10~
190,~1~2~3~6~7~8~9~10~
200,~1~2~3~6~7~8~9~10~
211,~1~2~3~6~7~8~9~10~
215,~1~2~3~6~7~8~9~10~
217,~1~2~3~6~7~8~9~10~
223,~1~2~3~6~7~8~9~10~
228,~1~2~3~6~7~8~9~10~
233,~1~2~3~6~7~8~9~10~
237,~1~2~3~6~7~8~9~10~
244,~1~2~3~6~7~8~9~10~
245,~1~2~3~6~7~8~9~10~
246,~1~2~3~6~7~8~9~10~
251,~1~2~3~6~7~8~9~10~
253,~1~2~3~6~7~8~9~10~
255,~1~2~3~6~7~8~9~10~
256,~1~2~3~6~7~8~9~10~
257,~1~2~3~6~7~8~9~10~
259,~1~2~3~6~7~8~9~10~
262,~1~2~3~6~7~8~9~10~
263,~3~7~6~8~9~10~15~17~18~22~23~
264,~1~2~3~6~7~8~9~10~
267,~1~2~3~6~7~8~9~10~
271,~1~2~3~6~7~8~9~10~
274,~1~2~3~6~7~8~9~10~
275,~1~2~3~6~7~8~9~10~
277,~1~2~3~6~7~8~9~10~
281,~1~2~3~6~7~8~9~10~
284,~1~2~3~6~7~8~9~10~
285,~1~2~3~6~7~8~9~10~
286,~1~2~3~6~7~8~9~10~
289,~1~2~3~6~7~8~9~10~
294,~1~2~3~6~7~8~9~10~
297,~1~2~3~6~7~8~9~10~
311,~1~2~3~6~7~8~9~10~
314,~1~2~3~6~7~8~9~10~
319,~1~2~3~6~7~8~9~10~
330,~1~2~3~6~7~8~9~10~
335,~1~2~3~6~7~8~9~10~
337,~1~2~3~6~7~8~9~10~
338,~1~2~3~6~7~8~9~10~
342,~1~2~3~6~7~8~9~10~
343,~1~2~3~6~7~8~9~10~
345,~1~2~3~6~7~8~9~10~
346,~1~2~3~6~7~8~9~10~
347,~1~2~3~6~7~8~9~10~
349,~1~2~3~6~7~8~9~10~
350,~1~2~3~6~7~8~9~10~
351,~1~2~3~6~7~8~9~10~
353,~1~2~3~6~7~8~9~10~
355,~1~2~3~6~7~8~9~10~
357,~1~2~3~6~7~8~9~10~
358,~1~2~3~6~7~8~9~10~
359,~1~2~3~6~7~8~9~10~
360,~1~2~3~6~7~8~9~10~
364,~1~2~3~6~7~8~9~10~
366,~1~2~3~6~7~8~9~10~
367,~1~2~3~6~7~8~9~10~
368,~1~2~3~6~7~8~9~10~
369,~1~2~3~6~7~8~9~10~
371,~1~2~3~6~7~8~9~10~
372,~1~2~3~6~7~8~9~10~
373,~1~2~3~6~7~8~9~10~
374,~1~2~3~6~7~8~9~10~
375,~1~2~3~6~7~8~9~10~
376,~1~2~3~6~7~8~9~10~
377,~1~2~3~6~7~8~9~10~
378,~1~2~3~6~7~8~9~10~
379,~1~2~3~6~7~8~9~10~
380,~1~2~3~6~7~8~9~10~
381,~1~2~3~6~7~8~9~10~
382,~1~2~3~6~7~8~9~10~
383,~1~2~3~6~7~8~9~10~
384,~1~2~3~6~7~8~9~10~
385,~1~2~3~6~7~8~9~10~
386,~1~2~3~6~7~8~9~10~
387,~1~2~3~6~7~8~9~10~
389,~1~2~3~6~7~8~9~10~
390,~1~2~3~6~7~8~9~10~
391,~1~2~3~6~7~8~9~10~
394,~1~2~3~6~7~8~9~10~
395,~1~2~3~6~7~8~9~10~
396,~1~2~3~6~7~8~9~10~
397,~1~2~3~6~7~8~9~10~
398,~1~2~3~6~7~8~9~10~
400,~1~2~3~6~7~8~9~10~
401,~1~2~3~6~7~8~9~10~
402,~1~2~3~6~7~8~9~10~
403,~1~2~3~6~7~8~9~10~
404,~1~2~3~6~7~8~9~10~
405,~1~2~3~6~7~8~9~10~
406,~1~2~3~6~7~8~9~10~
407,~1~2~3~6~7~8~9~10~
409,~1~2~3~6~7~8~9~10~
413,~1~2~3~6~7~8~9~10~
414,~1~2~3~6~7~8~9~10~
415,~1~2~3~6~7~8~9~10~
416,~1~2~3~6~7~8~9~10~
417,~1~2~3~6~7~8~9~10~
418,~1~2~3~6~7~8~9~10~
419,~1~2~3~6~7~8~9~10~
420,~1~2~3~6~7~8~9~10~
421,~1~2~3~6~7~8~9~10~
422,~1~2~3~6~7~8~9~10~
423,~1~2~3~6~7~8~9~10~
424,~1~2~3~6~7~8~9~10~
425,~1~2~3~6~7~8~9~10~
426,~1~2~3~6~7~8~9~10~
427,~1~2~3~6~7~8~9~10~
428,~1~2~3~6~7~8~9~10~
429,~1~2~3~6~7~8~9~10~
430,~1~2~3~6~7~8~9~10~
431,~1~2~3~6~7~8~9~10~
433,~1~2~3~6~7~8~9~10~
434,~1~2~3~6~7~8~9~10~
435,~1~2~3~6~7~8~9~10~
437,~1~2~3~6~7~8~9~10~
438,~1~2~3~6~7~8~9~10~
439,~1~2~3~6~7~8~9~10~
440,~1~2~3~6~7~8~9~10~
441,~1~2~3~6~7~8~9~10~
442,~1~2~3~6~7~8~9~10~
443,~1~2~3~6~7~8~9~10~
444,~1~2~3~6~7~8~9~10~
445,~1~2~3~6~7~8~9~10~
446,~1~2~3~6~7~8~9~10~
447,~1~2~3~6~7~8~9~10~
448,~1~2~3~6~7~8~9~10~
449,~1~2~3~6~7~8~9~10~
450,~1~2~3~6~7~8~9~10~
452,~1~2~3~6~7~8~9~10~
453,~1~2~3~6~7~8~9~10~
454,~1~2~3~6~7~8~9~10~
455,~1~2~3~6~7~8~9~10~
456,~1~2~3~6~7~8~9~10~
457,~1~2~3~6~7~8~9~10~
458,~1~2~3~6~7~8~9~10~
459,~1~2~3~6~7~8~9~10~
460,~1~2~3~6~7~8~9~10~
461,~1~2~3~6~7~8~9~10~
462,~1~2~3~6~7~8~9~10~
463,~1~2~3~6~7~8~9~10~
464,~1~2~3~6~7~8~9~10~
465,~1~2~3~6~7~8~9~10~
466,~1~2~3~6~7~8~9~10~
467,~1~2~3~6~7~8~9~10~
468,~1~2~3~6~7~8~9~10~
469,~1~2~3~6~7~8~9~10~
470,~1~2~3~6~7~8~9~10~
471,~1~2~3~6~7~8~9~10~
472,~1~2~3~6~7~8~9~10~
473,~1~2~3~6~7~8~9~10~
474,~1~2~3~6~7~8~9~10~
476,~1~2~3~6~7~8~9~10~
477,~1~2~3~6~7~8~9~10~
478,~1~2~3~6~7~8~9~10~
479,~1~2~3~6~7~8~9~10~
480,~1~2~3~6~7~8~9~10~
482,~1~2~3~6~7~8~9~10~
483,~1~2~3~6~7~8~9~10~
484,~1~2~3~6~7~8~9~10~
485,~1~2~3~6~7~8~9~10~
486,~1~2~3~6~7~8~9~10~
487,~1~2~3~6~7~8~9~10~
488,~1~2~3~6~7~8~9~10~
489,~1~2~3~6~7~8~9~10~
490,~1~2~3~6~7~8~9~10~
491,~1~2~3~6~7~8~9~10~
492,~1~2~3~6~7~8~9~10~
493,~1~2~3~6~7~8~9~10~
494,~1~2~3~6~7~8~9~10~
495,~1~2~3~6~7~8~9~10~
496,~1~2~3~6~7~8~9~10~
497,~1~2~3~6~7~8~9~10~
498,~1~2~3~6~7~8~9~10~
499,~1~2~3~6~7~8~9~10~
500,~1~2~3~6~7~8~9~10~
501,~1~2~3~6~7~8~9~10~
502,~1~2~3~6~7~8~9~10~
503,~1~2~3~6~7~8~9~10~
505,~1~2~3~6~7~8~9~10~
506,~1~2~3~6~7~8~9~10~
507,~1~2~3~6~7~8~9~10~
508,~1~2~3~6~7~8~9~10~
509,~1~2~3~6~7~8~9~10~
510,~1~2~3~6~7~8~9~10~
511,~1~2~3~6~7~8~9~10~
512,~1~2~3~6~7~8~9~10~
513,~1~2~3~6~7~8~9~10~
514,~1~2~3~6~7~8~9~10~
515,~1~2~3~6~7~8~9~10~
517,~1~2~3~6~7~8~9~10~
519,~1~2~3~6~7~8~9~10~
520,~1~2~3~6~7~8~9~10~
521,~1~2~3~6~7~8~9~10~
522,~1~2~3~6~7~8~9~10~
523,~1~2~3~6~7~8~9~10~
524,~1~2~3~6~7~8~9~10~
525,~1~2~3~6~7~8~9~10~
526,~1~2~3~6~7~8~9~10~
527,~1~2~3~6~7~8~9~10~
528,~1~2~3~6~7~8~9~10~
530,~1~2~3~6~7~8~9~10~
531,~1~2~3~6~7~8~9~10~
532,~1~2~3~6~7~8~9~10~
534,~1~2~3~6~7~8~9~10~
535,~1~2~3~6~7~8~9~10~
536,~1~2~3~6~7~8~9~10~
537,~1~2~3~6~7~8~9~10~
538,~1~2~3~6~7~8~9~10~
539,~7~10~14~17~21~22~
540,~1~2~3~6~7~8~9~10~
541,~1~2~3~6~7~8~9~10~
542,~1~2~3~6~7~8~9~10~
544,~1~2~3~6~7~8~9~10~
545,~1~2~3~6~7~8~9~10~
547,~1~2~3~6~7~8~9~10~
548,~1~2~3~6~7~8~9~10~
549,~1~2~3~6~7~8~9~10~
550,~1~2~3~6~7~8~9~10~
551,~1~2~3~6~7~8~9~10~
552,~1~2~3~6~7~8~9~10~
553,~1~2~3~6~7~8~9~10~
554,~1~2~3~6~7~8~9~10~
555,~1~2~3~6~7~8~9~10~
557,~1~2~3~6~7~8~9~10~
558,~1~2~3~6~7~8~9~10~
559,~1~2~3~6~7~8~9~10~
561,~1~2~3~6~7~8~9~10~
562,~1~2~3~6~7~8~9~10~
563,~1~2~3~6~7~8~9~10~
564,~1~2~3~6~7~8~9~10~
565,~1~2~3~6~7~8~9~10~
566,~1~2~3~6~7~8~9~10~
567,~1~2~3~6~7~8~9~10~
568,~1~2~3~6~7~8~9~10~
569,~1~2~3~6~7~8~9~10~
570,~1~2~3~6~7~8~9~10~
571,~1~2~3~6~7~8~9~10~
572,~1~2~3~6~7~8~9~10~
574,~1~2~3~6~7~8~9~10~
575,~1~2~3~6~7~8~9~10~
576,~1~2~3~6~7~8~9~10~
577,~1~2~3~6~7~8~9~10~
578,~1~2~3~6~7~8~9~10~
579,~1~2~3~6~7~8~9~10~
582,~1~2~3~6~7~8~9~10~
583,~1~2~3~6~7~8~9~10~
584,~1~2~3~6~7~8~9~10~
585,~1~2~3~6~7~8~9~10~
586,~1~2~3~6~7~8~9~10~
587,~1~2~3~6~7~8~9~10~
588,~1~2~3~6~7~8~9~10~
589,~1~2~3~6~7~8~9~10~
590,~1~2~3~6~7~8~9~10~
591,~1~2~3~6~7~8~9~10~
592,~1~2~3~6~7~8~9~10~
593,~1~2~3~6~7~8~9~10~
594,~1~2~3~6~7~8~9~10~
595,~1~2~3~6~7~8~9~10~
596,~1~2~3~6~7~8~9~10~
597,~1~2~3~6~7~8~9~10~
598,~1~2~3~6~7~8~9~10~
599,~1~2~3~6~7~8~9~10~
600,~1~2~3~6~7~8~9~10~
601,~1~2~3~6~7~8~9~10~
604,~1~2~3~6~7~8~9~10~
605,~1~2~3~6~7~8~9~10~
606,~1~2~3~6~7~8~9~10~
607,~1~2~3~6~7~8~9~10~
608,~1~2~3~6~7~8~9~10~
609,~1~2~3~6~7~8~9~10~
610,~1~2~3~6~7~8~9~10~
613,~1~2~3~6~7~8~9~10~
614,~1~2~3~6~7~8~9~10~
616,~1~2~3~6~7~8~9~10~
617,~1~2~3~6~7~8~9~10~
619,~1~2~3~6~7~8~9~10~
620,~1~2~3~6~7~8~9~10~
621,~1~2~3~6~7~8~9~10~
622,~1~2~3~6~7~8~9~10~
623,~1~2~3~6~7~8~9~10~
624,~1~2~3~6~7~8~9~10~
625,~1~2~3~6~7~8~9~10~
626,~1~2~3~6~7~8~9~10~
628,~1~2~3~6~7~8~9~10~
630,~1~2~3~6~7~8~9~10~
631,~1~2~3~6~7~8~9~10~
632,~1~2~3~6~7~8~9~10~
633,~1~2~3~6~7~8~9~10~
634,~1~2~3~6~7~8~9~10~
636,~1~2~3~6~7~8~9~10~
637,~1~2~3~6~7~8~9~10~
638,~1~2~3~6~7~8~9~10~
639,~1~2~3~6~7~8~9~10~
640,~1~2~3~6~7~8~9~10~
641,~1~2~3~6~7~8~9~10~
642,~1~2~3~6~7~8~9~10~
643,~1~2~3~6~7~8~9~10~
644,~1~2~3~6~7~8~9~10~
645,~1~2~3~6~7~8~9~10~
646,~1~2~3~6~7~8~9~10~
648,~1~2~3~6~7~8~9~10~
649,~1~2~3~6~7~8~9~10~
650,~1~2~3~6~7~8~9~10~
651,~1~2~3~6~7~8~9~10~
652,~1~2~3~6~7~8~9~10~
653,~1~2~3~6~7~8~9~10~
655,~1~2~3~6~7~8~9~10~
657,~1~2~3~6~7~8~9~10~
658,~1~2~3~6~7~8~9~10~
659,~1~2~3~6~7~8~9~10~
660,~1~2~3~6~7~8~9~10~
661,~1~2~3~6~7~8~9~10~
662,~1~2~3~6~7~8~9~10~
664,~1~2~3~6~7~8~9~10~
665,~1~2~3~6~7~8~9~10~
666,~1~2~3~6~7~8~9~10~
667,~1~2~3~6~7~8~9~10~
668,~1~2~3~6~7~8~9~10~
669,~1~2~3~6~7~8~9~10~
670,~1~2~3~6~7~8~9~10~
671,~1~2~3~6~7~8~9~10~
672,~1~2~3~6~7~8~9~10~
674,~1~2~3~6~7~8~9~10~
677,~1~2~3~6~7~8~9~10~
678,~1~2~3~6~7~8~9~10~
679,~1~2~3~6~7~8~9~10~
680,~1~2~3~6~7~8~9~10~
681,~1~2~3~6~7~8~9~10~
685,~1~2~3~6~7~8~9~10~
687,~1~2~3~6~7~8~9~10~
688,~1~2~3~6~7~8~9~10~
689,~1~2~3~6~7~8~9~10~
690,~1~2~3~6~7~8~9~10~
691,~1~2~3~6~7~8~9~10~
692,~1~2~3~6~7~8~9~10~
693,~1~2~3~6~7~8~9~10~
694,~1~2~3~6~7~8~9~10~
695,~1~2~3~6~7~8~9~10~
696,~1~2~3~6~7~8~9~10~
698,~1~2~3~6~7~8~9~10~
699,~1~2~3~6~7~8~9~10~
700,~1~2~3~6~7~8~9~10~
701,~1~2~3~6~7~8~9~10~
702,~1~2~3~6~7~8~9~10~
704,~1~2~3~6~7~8~9~10~
705,~1~2~3~6~7~8~9~10~
707,~1~2~3~6~7~8~9~10~
709,~1~2~3~6~7~8~9~10~
710,~1~2~3~6~7~8~9~10~
711,~1~2~3~6~7~8~9~10~
712,~1~2~3~6~7~8~9~10~
715,~1~2~3~6~7~8~9~10~
716,~1~2~3~6~7~8~9~10~
717,~1~2~3~6~7~8~9~10~
718,~1~2~3~6~7~8~9~10~
720,~1~2~3~6~7~8~9~10~
721,~1~2~3~6~7~8~9~10~
722,~1~2~3~6~7~8~9~10~
723,~3~7~6~8~9~10~13~15~16~17~18~21~22~23~
724,~1~2~3~6~7~8~9~10~
725,~1~2~3~6~7~8~9~10~
726,~1~2~3~6~7~8~9~10~
727,~1~2~3~6~7~8~9~10~
728,~1~2~3~6~7~8~9~10~
730,~1~2~3~6~7~8~9~10~
731,~1~2~3~6~7~8~9~10~
732,~1~2~3~6~7~8~9~10~
733,~1~2~3~6~7~8~9~10~
734,~1~2~3~6~7~8~9~10~
735,~1~2~3~6~7~8~9~10~
736,~1~2~3~6~7~8~9~10~
737,~1~2~3~6~7~8~9~10~
738,~1~2~3~6~7~8~9~10~
739,~1~2~3~6~7~8~9~10~
740,~1~2~3~6~7~8~9~10~
742,~1~2~3~6~7~8~9~10~
743,~1~2~3~6~7~8~9~10~
744,~1~2~3~6~7~8~9~10~
745,~1~2~3~6~7~8~9~10~
746,~1~2~3~6~7~8~9~10~
747,~1~2~3~6~7~8~9~10~
748,~1~2~3~6~7~8~9~10~
749,~1~2~3~6~7~8~9~10~
750,~1~2~3~6~7~8~9~10~
751,~1~2~3~6~7~8~9~10~
753,~1~2~3~6~7~8~9~10~
754,~1~2~3~6~7~8~9~10~
755,~1~2~3~6~7~8~9~10~
756,~1~2~3~6~7~8~9~10~
757,~1~2~3~6~7~8~9~10~
758,~1~2~3~6~7~8~9~10~
760,~1~2~3~6~7~8~9~10~
761,~1~2~3~6~7~8~9~10~
762,~1~2~3~6~7~8~9~10~
763,~1~2~3~6~7~8~9~10~
764,~1~2~3~6~7~8~9~10~
765,~1~2~3~6~7~8~9~10~
767,~1~2~3~6~7~8~9~10~
768,~1~2~3~6~7~8~9~10~
769,~1~2~3~6~7~8~9~10~
770,~1~2~3~6~7~8~9~10~
771,~1~2~3~6~7~8~9~10~
772,~1~2~3~6~7~8~9~10~
774,~1~2~3~6~7~8~9~10~
775,~1~2~3~6~7~8~9~10~
776,~1~2~3~6~7~8~9~10~
777,~1~2~3~6~7~8~9~10~
778,~1~2~3~6~7~8~9~10~
779,~1~2~3~6~7~8~9~10~
781,~1~2~3~6~7~8~9~10~
782,~1~2~3~6~7~8~9~10~
783,~1~2~3~6~7~8~9~10~
784,~1~2~3~6~7~8~9~10~
785,~1~2~3~6~7~8~9~10~
786,~1~2~3~6~7~8~9~10~
787,~1~2~3~6~7~8~9~10~
788,~1~2~3~6~7~8~9~10~
789,~1~2~3~6~7~8~9~10~
790,~3~7~6~8~9~10~11~12~13~15~17~22~23~
791,~1~2~3~6~7~8~9~10~
792,~1~2~3~6~7~8~9~10~
794,~1~2~3~6~7~8~9~10~
795,~1~2~3~6~7~8~9~10~
798,~1~2~3~6~7~8~9~10~
799,~1~2~3~6~7~8~9~10~
801,~1~2~3~6~7~8~9~10~
802,~1~2~3~6~7~8~9~10~
803,~1~2~3~6~7~8~9~10~
805,~1~2~3~6~7~8~9~10~
806,~1~2~3~6~7~8~9~10~
807,~1~2~3~6~7~8~9~10~
808,~1~2~3~6~7~8~9~10~
809,~1~2~3~6~7~8~9~10~
810,~1~2~3~6~7~8~9~10~
811,~1~2~3~6~7~8~9~10~
812,~1~2~3~6~7~8~9~10~
813,~1~2~3~6~7~8~9~10~
814,~1~2~3~6~7~8~9~10~
815,~1~2~3~6~7~8~9~10~
816,~1~2~3~6~7~8~9~10~
818,~1~2~3~6~7~8~9~10~
819,~1~2~3~6~7~8~9~10~
820,~1~2~3~6~7~8~9~10~
821,~3~7~6~8~9~10~
822,~3~7~6~9~10~12~22~
823,~1~2~3~6~7~8~9~10~
824,~1~2~3~6~7~8~9~10~
825,~1~2~3~6~7~8~9~10~
826,~3~7~6~8~9~10~14~17~18~21~
827,~1~2~3~6~7~8~9~10~
828,~1~2~3~6~7~8~9~10~
829,~1~2~3~6~7~8~9~10~
830,~1~2~3~6~7~8~9~10~
831,~1~2~3~6~7~8~9~10~
832,~1~2~3~6~7~8~9~10~
833,~1~2~3~6~7~8~9~10~
834,~1~2~3~6~7~8~9~10~
835,~1~2~3~6~7~8~9~10~
836,~1~2~3~6~7~8~9~10~
837,~1~2~3~6~7~8~9~10~
838,~1~2~3~6~7~8~9~10~
839,~1~2~3~6~7~8~9~10~
841,~1~2~3~6~7~8~9~10~
843,~1~2~3~6~7~8~9~10~
844,~1~2~3~6~7~8~9~10~
845,~1~2~3~6~7~8~9~10~
846,~1~2~3~6~7~8~9~10~
848,~1~2~3~6~7~8~9~10~
849,~1~2~3~6~7~8~9~10~
852,~1~2~3~6~7~8~9~10~
853,~1~2~3~6~7~8~9~10~
854,~1~2~3~6~7~8~9~10~
855,~1~2~3~6~7~8~9~10~
856,~1~2~3~6~7~8~9~10~
857,~1~2~3~6~7~8~9~10~
858,~1~2~3~6~7~8~9~10~
859,~1~2~3~6~7~8~9~10~
860,~1~2~3~6~7~8~9~10~
861,~1~2~3~6~7~8~9~10~
863,~1~2~3~6~7~8~9~10~
864,~1~2~3~6~7~8~9~10~
865,~1~2~3~6~7~8~9~10~
866,~1~2~3~6~7~8~9~10~
867,~1~2~3~6~7~8~9~10~
868,~1~2~3~6~7~8~9~10~
869,~1~2~3~6~7~8~9~10~
870,~1~2~3~6~7~8~9~10~
872,~1~2~3~6~7~8~9~10~
875,~1~2~3~6~7~8~9~10~
876,~1~2~3~6~7~8~9~10~
877,~1~2~3~6~7~8~9~10~
878,~1~2~3~6~7~8~9~10~
880,~1~2~3~6~7~8~9~10~
881,~1~2~3~6~7~8~9~10~
882,~1~2~3~6~7~8~9~10~
883,~1~2~3~6~7~8~9~10~
884,~1~2~3~6~7~8~9~10~
885,~1~2~3~6~7~8~9~10~
886,~1~2~3~6~7~8~9~10~
887,~1~2~3~6~7~8~9~10~
888,~1~2~3~6~7~8~9~10~
889,~1~2~3~6~7~8~9~10~
890,~1~2~3~6~7~8~9~10~
891,~1~2~3~6~7~8~9~10~
892,~1~2~3~6~7~8~9~10~
893,~1~2~3~6~7~8~9~10~
894,~3~7~6~8~9~10~12~13~15~16~17~18~22~24~
895,~1~2~3~6~7~8~9~10~
896,~1~2~3~6~7~8~9~10~
897,~1~2~3~6~7~8~9~10~
898,~1~2~3~6~7~8~9~10~
899,~1~2~3~6~7~8~9~10~
900,~1~2~3~6~7~8~9~10~
901,~1~2~3~6~7~8~9~10~
902,~1~2~3~6~7~8~9~10~
903,~1~2~3~6~7~8~9~10~
904,~1~2~3~6~7~8~9~10~
906,~1~2~3~6~7~8~9~10~
907,~1~2~3~6~7~8~9~10~
909,~1~2~3~6~7~8~9~10~
910,~1~2~3~6~7~8~9~10~
911,~1~2~3~6~7~8~9~10~
912,~1~2~3~6~7~8~9~10~
913,~1~2~3~6~7~8~9~10~
914,~1~2~3~6~7~8~9~10~
915,~1~2~3~6~7~8~9~10~
916,~1~2~3~6~7~8~9~10~
917,~1~2~3~6~7~8~9~10~
918,~1~2~3~6~7~8~9~10~
919,~1~2~3~6~7~8~9~10~
920,~1~2~3~6~7~8~9~10~
921,~1~2~3~6~7~8~9~10~
922,~1~2~3~6~7~8~9~10~
923,~1~2~3~6~7~8~9~10~
924,~1~2~3~6~7~8~9~10~
926,~1~2~3~6~7~8~9~10~
927,~1~2~3~6~7~8~9~10~
928,~1~2~3~6~7~8~9~10~
929,~1~2~3~6~7~8~9~10~
930,~1~2~3~6~7~8~9~10~
932,~1~2~3~6~7~8~9~10~
933,~1~2~3~6~7~8~9~10~
934,~1~2~3~6~7~8~9~10~
935,~1~2~3~6~7~8~9~10~
936,~1~2~3~6~7~8~9~10~
938,~1~2~3~6~7~8~9~10~
940,~1~2~3~6~7~8~9~10~
942,~1~2~3~6~7~8~9~10~
943,~1~2~3~6~7~8~9~10~
947,~1~2~3~6~7~8~9~10~
948,~1~2~3~6~7~8~9~10~
949,~1~2~3~6~7~8~9~10~
950,~1~2~3~6~7~8~9~10~
952,~1~2~3~6~7~8~9~10~
953,~1~2~3~6~7~8~9~10~
954,~1~2~3~6~7~8~9~10~
955,~1~2~3~6~7~8~9~10~
956,~1~2~3~6~7~8~9~10~
957,~1~2~3~6~7~8~9~10~
958,~1~2~3~6~7~8~9~10~
959,~1~2~3~6~7~8~9~10~
962,~1~2~3~6~7~8~9~10~
964,~1~2~3~6~7~8~9~10~
965,~1~2~3~6~7~8~9~10~
966,~1~2~3~6~7~8~9~10~
967,~1~2~3~6~7~8~9~10~
968,~1~2~3~6~7~8~9~10~
971,~1~2~3~6~7~8~9~10~
972,~1~2~3~6~7~8~9~10~
974,~1~2~3~6~7~8~9~10~
975,~1~2~3~6~7~8~9~10~
976,~1~2~3~6~7~8~9~10~
977,~1~2~3~6~7~8~9~10~
978,~1~2~3~6~7~8~9~10~
979,~1~2~3~6~7~8~9~10~
980,~1~2~3~6~7~8~9~10~
981,~1~2~3~6~7~8~9~10~
983,~1~2~3~6~7~8~9~10~
984,~1~2~3~6~7~8~9~10~
985,~1~2~3~6~7~8~9~10~
986,~1~2~3~6~7~8~9~10~
987,~1~2~3~6~7~8~9~10~
990,~1~2~3~6~7~8~9~10~
991,~1~2~3~6~7~8~9~10~
992,~1~2~3~6~7~8~9~10~
993,~1~2~3~6~7~8~9~10~
994,~1~2~3~6~7~8~9~10~
996,~1~2~3~6~7~8~9~10~
997,~1~2~3~6~7~8~9~10~
999,~1~2~3~6~7~8~9~10~
1000,~1~2~3~6~7~8~9~10~
1001,~1~2~3~6~7~8~9~10~
1003,~1~2~3~6~7~8~9~10~
1004,~1~2~3~6~7~8~9~10~
1006,~1~2~3~6~7~8~9~10~
1007,~1~2~3~6~7~8~9~10~
1008,~1~2~3~6~7~8~9~10~
1010,~1~2~3~6~7~8~9~10~
1011,~1~2~3~6~7~8~9~10~
1012,~1~2~3~6~7~8~9~10~
1013,~1~2~3~6~7~8~9~10~
1016,~1~2~3~6~7~8~9~10~
1017,~1~2~3~6~7~8~9~10~
1018,~1~2~3~6~7~8~9~10~
1019,~1~2~3~6~7~8~9~10~
1020,~1~2~3~6~7~8~9~10~
1021,~1~2~3~6~7~8~9~10~
1023,~1~2~3~6~7~8~9~10~
1024,~1~2~3~6~7~8~9~10~
1026,~1~2~3~6~7~8~9~10~
1029,~1~2~3~6~7~8~9~10~
1032,~1~2~3~6~7~8~9~10~
1035,~1~2~3~6~7~8~9~10~
1037,~1~2~3~6~7~8~9~10~
1038,~1~2~3~6~7~8~9~10~
1040,~1~2~3~6~7~8~9~10~
1043,~1~2~3~6~7~8~9~10~
1044,~1~2~3~6~7~8~9~10~
1046,~1~2~3~6~7~8~9~10~
1047,~1~2~3~6~7~8~9~10~
1048,~1~2~3~6~7~8~9~10~
1049,~1~2~3~6~7~8~9~10~
1050,~1~2~3~6~7~8~9~10~
1052,~1~2~3~6~7~8~9~10~
1054,~1~2~3~6~7~8~9~10~
1055,~1~2~3~6~7~8~9~10~
1056,~1~2~3~6~7~8~9~10~
1058,~1~2~3~6~7~8~9~10~
1059,~1~2~3~6~7~8~9~10~
1060,~1~2~3~6~7~8~9~10~
1061,~1~2~3~6~7~8~9~10~
1062,~1~2~3~6~7~8~9~10~
1063,~1~2~3~6~7~8~9~10~
1066,~1~2~3~6~7~8~9~10~
1067,~1~2~3~6~7~8~9~10~
1068,~1~2~3~6~7~8~9~10~
1069,~1~2~3~6~7~8~9~10~
1072,~1~2~3~6~7~8~9~10~
1073,~1~2~3~6~7~8~9~10~
1074,~1~2~3~6~7~8~9~10~
1075,~1~2~3~6~7~8~9~10~
1079,~1~2~3~6~7~8~9~10~
1080,~1~2~3~6~7~8~9~10~
1083,~1~2~3~6~7~8~9~10~
1084,~1~2~3~6~7~8~9~10~
1085,~1~2~3~6~7~8~9~10~
1087,~1~2~3~6~7~8~9~10~
1088,~1~2~3~6~7~8~9~10~
1089,~3~7~6~8~9~10~11~12~13~14~15~17~18~21~22~24~25~
1090,~1~2~3~6~7~8~9~10~
1091,~1~2~3~6~7~8~9~10~
1092,~1~2~3~6~7~8~9~10~
1093,~1~2~3~6~7~8~9~10~
1094,~1~2~3~6~7~8~9~10~
1095,~1~2~3~6~7~8~9~10~
1096,~1~2~3~6~7~8~9~10~
1099,~1~2~3~6~7~8~9~10~
1101,~1~2~3~6~7~8~9~10~
1102,~1~2~3~6~7~8~9~10~
1104,~1~2~3~6~7~8~9~10~
1105,~1~2~3~6~7~8~9~10~
1106,~1~2~3~6~7~8~9~10~
1109,~1~2~3~6~7~8~9~10~
1110,~1~2~3~6~7~8~9~10~
1111,~1~2~3~6~7~8~9~10~
1112,~1~2~3~6~7~8~9~10~
1113,~1~2~3~6~7~8~9~10~
1114,~1~2~3~6~7~8~9~10~
1115,~1~2~3~6~7~8~9~10~
1117,~1~2~3~6~7~8~9~10~
1120,~1~2~3~6~7~8~9~10~
1121,~1~2~3~6~7~8~9~10~
1123,~1~2~3~6~7~8~9~10~
1124,~1~2~3~6~7~8~9~10~
1125,~1~2~3~6~7~8~9~10~
1127,~1~2~3~6~7~8~9~10~
1128,~1~2~3~6~7~8~9~10~
1129,~1~2~3~6~7~8~9~10~
1130,~1~2~3~6~7~8~9~10~
1131,~1~2~3~6~7~8~9~10~
1134,~1~2~3~6~7~8~9~10~
1135,~1~2~3~6~7~8~9~10~
1136,~1~2~3~6~7~8~9~10~
1138,~1~2~3~6~7~8~9~10~
1140,~1~2~3~6~7~8~9~10~
1141,~1~2~3~6~7~8~9~10~
1143,~1~2~3~6~7~8~9~10~
1144,~1~2~3~6~7~8~9~10~
1148,~1~2~3~6~7~8~9~10~
1149,~1~2~3~6~7~8~9~10~
1150,~1~2~3~6~7~8~9~10~
1151,~1~2~3~6~7~8~9~10~
1152,~1~2~3~6~7~8~9~10~
1153,~1~2~3~6~7~8~9~10~
1154,~1~2~3~6~7~8~9~10~
1155,~1~2~3~6~7~8~9~10~
1158,~1~2~3~6~7~8~9~10~
1159,~1~2~3~6~7~8~9~10~
1160,~1~2~3~6~7~8~9~10~
1161,~1~2~3~6~7~8~9~10~
1164,~1~2~3~6~7~8~9~10~
1165,~1~2~3~6~7~8~9~10~
1166,~1~2~3~6~7~8~9~10~
1170,~1~2~3~6~7~8~9~10~
1172,~1~2~3~6~7~8~9~10~
1173,~1~2~3~6~7~8~9~10~
1174,~1~2~3~6~7~8~9~10~
1176,~1~2~3~6~7~8~9~10~
1177,~1~2~3~6~7~8~9~10~
1179,~1~2~3~6~7~8~9~10~
1180,~1~2~3~6~7~8~9~10~
1182,~1~2~3~6~7~8~9~10~
1183,~1~2~3~6~7~8~9~10~
1184,~1~2~3~6~7~8~9~10~
1187,~1~2~3~6~7~8~9~10~
1189,~1~2~3~6~7~8~9~10~
1190,~1~2~3~6~7~8~9~10~
1192,~1~2~3~6~7~8~9~10~
1193,~1~2~3~6~7~8~9~10~
1194,~1~2~3~6~7~8~9~10~
1195,~1~2~3~6~7~8~9~10~
1196,~1~2~3~6~7~8~9~10~
1198,~1~2~3~6~7~8~9~10~
1200,~1~2~3~6~7~8~9~10~
1201,~1~2~3~6~7~8~9~10~
1203,~1~2~3~6~7~8~9~10~
1204,~1~2~3~6~7~8~9~10~
1205,~1~2~3~6~7~8~9~10~
1206,~1~2~3~6~7~8~9~10~
1208,~1~2~3~6~7~8~9~10~
1209,~1~2~3~6~7~8~9~10~
1212,~1~2~3~6~7~8~9~10~
1213,~1~2~3~6~7~8~9~10~
1214,~1~2~3~6~7~8~9~10~
1215,~1~2~3~6~7~8~9~10~
1216,~1~2~3~6~7~8~9~10~
1218,~1~2~3~6~7~8~9~10~
1219,~1~2~3~6~7~8~9~10~
1220,~1~2~3~6~7~8~9~10~
1221,~1~2~3~6~7~8~9~10~
1222,~1~2~3~6~7~8~9~10~
1223,~1~2~3~6~7~8~9~10~
1224,~1~2~3~6~7~8~9~10~
1226,~1~2~3~6~7~8~9~10~
1227,~1~2~3~6~7~8~9~10~
1228,~1~2~3~6~7~8~9~10~
1229,~1~2~3~6~7~8~9~10~
1230,~1~2~3~6~7~8~9~10~
1233,~1~2~3~6~7~8~9~10~
1234,~1~2~3~6~7~8~9~10~
1239,~1~2~3~6~7~8~9~10~
1243,~1~2~3~6~7~8~9~10~
1246,~1~2~3~6~7~8~9~10~
1247,~1~2~3~6~7~8~9~10~
1248,~1~2~3~6~7~8~9~10~
1249,~1~2~3~6~7~8~9~10~
1253,~1~2~3~6~7~8~9~10~
1254,~1~2~3~6~7~8~9~10~
1255,~1~2~3~6~7~8~9~10~
1256,~1~2~3~6~7~8~9~10~
1263,~1~2~3~6~7~8~9~10~
1267,~1~2~3~6~7~8~9~10~
1268,~1~2~3~6~7~8~9~10~
1270,~1~2~3~6~7~8~9~10~
1273,~1~2~3~6~7~8~9~10~
1279,~1~2~3~6~7~8~9~10~
1280,~1~2~3~6~7~8~9~10~
1282,~1~2~3~6~7~8~9~10~
1285,~3~7~6~9~10~17~21~22~
1289,~1~2~3~6~7~8~9~10~
1290,~1~2~3~6~7~8~9~10~
1297,~1~2~3~6~7~8~9~10~
1298,~1~2~3~6~7~8~9~10~
1300,~1~2~3~6~7~8~9~10~
1301,~1~2~3~6~7~8~9~10~
1303,~1~2~3~6~7~8~9~10~
1305,~1~2~3~6~7~8~9~10~
1312,~1~2~3~6~7~8~9~10~
1313,~1~2~3~6~7~8~9~10~
1316,~1~2~3~6~7~8~9~10~
1317,~1~2~3~6~7~8~9~10~
1318,~1~2~3~6~7~8~9~10~
1319,~1~2~3~6~7~8~9~10~
1322,~1~2~3~6~7~8~9~10~
1323,~1~2~3~6~7~8~9~10~
1324,~1~2~3~6~7~8~9~10~
1326,~1~2~3~6~7~8~9~10~
1338,~1~2~3~6~7~8~9~10~
1339,~1~2~3~6~7~8~9~10~
1342,~1~2~3~6~7~8~9~10~
1344,~1~2~3~6~7~8~9~10~
1345,~1~2~3~6~7~8~9~10~
1346,~1~2~3~6~7~8~9~10~
1347,~1~2~3~6~7~8~9~10~
1349,~1~2~3~6~7~8~9~10~
1352,~1~2~3~6~7~8~9~10~
1354,~1~2~3~6~7~8~9~10~
1355,~1~2~3~6~7~8~9~10~
1357,~1~2~3~6~7~8~9~10~
1360,~1~2~3~6~7~8~9~10~
1367,~1~2~3~6~7~8~9~10~
1368,~1~2~3~6~7~8~9~10~
1370,~1~2~3~6~7~8~9~10~
1372,~1~2~3~6~7~8~9~10~
1373,~1~2~3~6~7~8~9~10~
1374,~1~2~3~6~7~8~9~10~
1375,~1~2~3~6~7~8~9~10~
1376,~1~2~3~6~7~8~9~10~
1377,~1~2~3~6~7~8~9~10~
1378,~1~2~3~6~7~8~9~10~
1379,~1~2~3~6~7~8~9~10~
1380,~1~2~3~6~7~8~9~10~
1381,~1~2~3~6~7~8~9~10~
1384,~1~2~3~6~7~8~9~10~
1385,~1~2~3~6~7~8~9~10~
1386,~1~2~3~6~7~8~9~10~
1387,~1~2~3~6~7~8~9~10~
1388,~1~2~3~6~7~8~9~10~
1389,~1~2~3~6~7~8~9~10~
1394,~1~2~3~6~7~8~9~10~
1395,~1~2~3~6~7~8~9~10~
1396,~1~2~3~6~7~8~9~10~
1397,~1~2~3~6~7~8~9~10~
1398,~1~2~3~6~7~8~9~10~
1399,~1~2~3~6~7~8~9~10~
1400,~1~2~3~6~7~8~9~10~
1401,~1~2~3~6~7~8~9~10~
1402,~1~2~3~6~7~8~9~10~
1403,~1~2~3~6~7~8~9~10~
1404,~3~7~9~10~11~12~13~21~22~
1405,~1~2~3~6~7~8~9~10~
1406,~1~2~3~6~7~8~9~10~
1407,~1~2~3~6~7~8~9~10~
1410,~1~2~3~6~7~8~9~10~
1411,~1~2~3~6~7~8~9~10~
1413,~1~2~3~6~7~8~9~10~
1414,~1~2~3~6~7~8~9~10~
1415,~1~2~3~6~7~8~9~10~
1416,~1~2~3~6~7~8~9~10~
1418,~1~2~3~6~7~8~9~10~
1419,~1~2~3~6~7~8~9~10~
1421,~1~2~3~6~7~8~9~10~
1422,~1~2~3~6~7~8~9~10~
1425,~1~2~3~6~7~8~9~10~
1427,~1~2~3~6~7~8~9~10~
1429,~1~2~3~6~7~8~9~10~
1430,~1~2~3~6~7~8~9~10~
1431,~1~2~3~6~7~8~9~10~
1432,~1~2~3~6~7~8~9~10~
1433,~1~2~3~6~7~8~9~10~
1434,~1~2~3~6~7~8~9~10~
1438,~1~2~3~6~7~8~9~10~
1439,~1~2~3~6~7~8~9~10~
1440,~1~2~3~6~7~8~9~10~
1441,~1~2~3~6~7~8~9~10~
1442,~1~2~3~6~7~8~9~10~
1443,~1~2~3~6~7~8~9~10~
1445,~1~2~3~6~7~8~9~10~
1446,~1~2~3~6~7~8~9~10~
1448,~3~7~6~8~9~10~12~13~15~18~22~24~
1450,~1~2~3~6~7~8~9~10~
1451,~1~2~3~6~7~8~9~10~
1452,~3~7~6~8~9~10~15~18~
1454,~1~2~3~6~7~8~9~10~
1458,~1~2~3~6~7~8~9~10~
1459,~1~2~3~6~7~8~9~10~
1461,~1~2~3~6~7~8~9~10~
1463,~1~2~3~6~7~8~9~10~
1465,~1~2~3~6~7~8~9~10~
1467,~1~2~3~6~7~8~9~10~
1468,~3~7~6~8~9~10~
1469,~1~2~3~6~7~8~9~10~
1470,~1~2~3~6~7~8~9~10~
1473,~1~2~3~6~7~8~9~10~
1474,~1~2~3~6~7~8~9~10~
1475,~1~2~3~6~7~8~9~10~
1476,~1~2~3~6~7~8~9~10~
1478,~1~2~3~6~7~8~9~10~
1480,~1~2~3~6~7~8~9~10~
1481,~1~2~3~6~7~8~9~10~
1482,~1~2~3~6~7~8~9~10~
1483,~1~2~3~6~7~8~9~10~
1484,~1~2~3~6~7~8~9~10~
1487,~1~2~3~6~7~8~9~10~
1488,~1~2~3~6~7~8~9~10~
1490,~1~2~3~6~7~8~9~10~
1491,~1~2~3~6~7~8~9~10~
1492,~1~2~3~6~7~8~9~10~
1493,~1~2~3~6~7~8~9~10~
1494,~1~2~3~6~7~8~9~10~
1497,~3~7~6~8~9~10~15~18~21~22~25~
1498,~1~2~3~6~7~8~9~10~
1500,~1~2~3~6~7~8~9~10~
1501,~1~2~3~6~7~8~9~10~
1505,~1~2~3~6~7~8~9~10~
1508,~1~2~3~6~7~8~9~10~
1509,~1~2~3~6~7~8~9~10~
1510,~1~2~3~6~7~8~9~10~
1511,~1~2~3~6~7~8~9~10~
1512,~1~2~3~6~7~8~9~10~
1516,~1~2~3~6~7~8~9~10~
1518,~3~7~6~9~10~12~21~22~
1519,~1~2~3~6~7~8~9~10~
1521,~1~2~3~6~7~8~9~10~
1526,~1~2~3~6~7~8~9~10~
1530,~1~2~3~6~7~8~9~10~
1531,~1~2~3~6~7~8~9~10~
1533,~1~2~3~6~7~8~9~10~
1534,~3~7~6~8~9~10~17~
1536,~1~2~3~6~7~8~9~10~
1537,~1~2~3~6~7~8~9~10~
1539,~1~2~3~6~7~8~9~10~
1540,~1~2~3~6~7~8~9~10~
1541,~1~2~3~6~7~8~9~10~
1542,~1~2~3~6~7~8~9~10~
1543,~1~2~3~6~7~8~9~10~
1544,~1~2~3~6~7~8~9~10~
1545,~1~2~3~6~7~8~9~10~
1546,~1~2~3~6~7~8~9~10~
1547,~1~2~3~6~7~8~9~10~
1548,~1~2~3~6~7~8~9~10~
1549,~1~2~3~6~7~8~9~10~
1551,~1~2~3~6~7~8~9~10~
1552,~1~2~3~6~7~8~9~10~
1553,~1~2~3~6~7~8~9~10~
1555,~1~2~3~6~7~8~9~10~
1556,~1~2~3~6~7~8~9~10~
1557,~1~2~3~6~7~8~9~10~
1558,~1~2~3~6~7~8~9~10~
1561,~1~2~3~6~7~8~9~10~
1563,~1~2~3~6~7~8~9~10~
1564,~1~2~3~6~7~8~9~10~
1565,~1~2~3~6~7~8~9~10~
1566,~1~2~3~6~7~8~9~10~
1569,~1~2~3~6~7~8~9~10~
1571,~1~2~3~6~7~8~9~10~
1572,~1~2~3~6~7~8~9~10~
1574,~1~2~3~6~7~8~9~10~
1575,~1~2~3~6~7~8~9~10~
1576,~1~2~3~6~7~8~9~10~
1578,~1~2~3~6~7~8~9~10~
1579,~1~2~3~6~7~8~9~10~
1580,~1~2~3~6~7~8~9~10~
1581,~1~2~3~6~7~8~9~10~
1583,~1~2~3~6~7~8~9~10~
1584,~1~2~3~6~7~8~9~10~
1587,~1~2~3~6~7~8~9~10~
1592,~1~2~3~6~7~8~9~10~
1595,~1~2~3~6~7~8~9~10~
1596,~1~2~3~6~7~8~9~10~
1599,~1~2~3~6~7~8~9~10~
1601,~1~2~3~6~7~8~9~10~
1603,~1~2~3~6~7~8~9~10~
1604,~1~2~3~6~7~8~9~10~
1606,~1~2~3~6~7~8~9~10~
1607,~1~2~3~6~7~8~9~10~
1608,~1~2~3~6~7~8~9~10~
1609,~1~2~3~6~7~8~9~10~
1610,~1~2~3~6~7~8~9~10~
1611,~1~2~3~6~7~8~9~10~
1612,~1~2~3~6~7~8~9~10~
1614,~1~2~3~6~7~8~9~10~
1616,~1~2~3~6~7~8~9~10~
1618,~1~2~3~6~7~8~9~10~
1619,~1~2~3~6~7~8~9~10~
1620,~1~2~3~6~7~8~9~10~
1622,~1~2~3~6~7~8~9~10~
1623,~1~2~3~6~7~8~9~10~
1624,~1~2~3~6~7~8~9~10~
1625,~1~2~3~6~7~8~9~10~
1628,~1~2~3~6~7~8~9~10~
1629,~1~2~3~6~7~8~9~10~
1630,~1~2~3~6~7~8~9~10~
1633,~1~2~3~6~7~8~9~10~
1635,~1~2~3~6~7~8~9~10~
1636,~1~2~3~6~7~8~9~10~
1637,~1~2~3~6~7~8~9~10~
1641,~1~2~3~6~7~8~9~10~
1642,~1~2~3~6~7~8~9~10~
1644,~1~2~3~6~7~8~9~10~
1645,~1~2~3~6~7~8~9~10~
1647,~1~2~3~6~7~8~9~10~
1648,~1~2~3~6~7~8~9~10~
1649,~1~2~3~6~7~8~9~10~
1652,~1~2~3~6~7~8~9~10~
1653,~1~2~3~6~7~8~9~10~
1654,~1~2~3~6~7~8~9~10~
1655,~1~2~3~6~7~8~9~10~
1661,~1~2~3~6~7~8~9~10~
1662,~1~2~3~6~7~8~9~10~
1665,~1~2~3~6~7~8~9~10~
1666,~1~2~3~6~7~8~9~10~
1667,~1~2~3~6~7~8~9~10~
1671,~1~2~3~6~7~8~9~10~
1673,~1~2~3~6~7~8~9~10~
1674,~1~2~3~6~7~8~9~10~
1675,~1~2~3~6~7~8~9~10~
1676,~1~2~3~6~7~8~9~10~
1678,~1~2~3~6~7~8~9~10~
1679,~1~2~3~6~7~8~9~10~
1680,~1~2~3~6~7~8~9~10~
1681,~1~2~3~6~7~8~9~10~
1682,~1~2~3~6~7~8~9~10~
1683,~1~2~3~6~7~8~9~10~
1684,~1~2~3~6~7~8~9~10~
1685,~1~2~3~6~7~8~9~10~
1686,~1~2~3~6~7~8~9~10~
1687,~1~2~3~6~7~8~9~10~
1688,~1~2~3~6~7~8~9~10~
1689,~1~2~3~6~7~8~9~10~
1690,~1~2~3~6~7~8~9~10~
1692,~1~2~3~6~7~8~9~10~
1693,~1~2~3~6~7~8~9~10~
1694,~1~2~3~6~7~8~9~10~
1697,~1~2~3~6~7~8~9~10~
1698,~1~2~3~6~7~8~9~10~
1699,~1~2~3~6~7~8~9~10~
1700,~1~2~3~6~7~8~9~10~
1701,~1~2~3~6~7~8~9~10~
1702,~1~2~3~6~7~8~9~10~
1703,~1~2~3~6~7~8~9~10~
1705,~1~2~3~6~7~8~9~10~
1706,~3~7~6~8~9~10~13~15~21~22~
1707,~3~6~8~9~10~11~12~13~22~
1709,~1~2~3~6~7~8~9~10~
1712,~1~2~3~6~7~8~9~10~
1715,~1~2~3~6~7~8~9~10~
1717,~1~2~3~6~7~8~9~10~
1719,~7~
1721,~1~2~3~6~7~8~9~10~
1722,~1~2~3~6~7~8~9~10~
1723,~1~2~3~6~7~8~9~10~
1726,~1~2~3~6~7~8~9~10~
1727,~1~2~3~6~7~8~9~10~
1728,~1~2~3~6~7~8~9~10~
1729,~1~2~3~6~7~8~9~10~
1732,~1~2~3~6~7~8~9~10~
1733,~1~2~3~6~7~8~9~10~
1734,~1~2~3~6~7~8~9~10~
1735,~1~2~3~6~7~8~9~10~
1737,~1~2~3~6~7~8~9~10~
1739,~1~2~3~6~7~8~9~10~
1740,~3~7~6~8~9~10~
1743,~1~2~3~6~7~8~9~10~
1745,~1~2~3~6~7~8~9~10~
1746,~1~2~3~6~7~8~9~10~
1747,~1~2~3~6~7~8~9~10~
1748,~1~2~3~6~7~8~9~10~
1750,~1~2~3~6~7~8~9~10~
1751,~1~2~3~6~7~8~9~10~
1754,~1~2~3~6~7~8~9~10~
1755,~1~2~3~6~7~8~9~10~
1756,~1~2~3~6~7~8~9~10~
1757,~1~2~3~6~7~8~9~10~
1758,~1~2~3~6~7~8~9~10~
1760,~1~2~3~6~7~8~9~10~
1761,~1~2~3~6~7~8~9~10~
1762,~1~2~3~6~7~8~9~10~
1763,~1~2~3~6~7~8~9~10~
1764,~1~2~3~6~7~8~9~10~
1768,~1~2~3~6~7~8~9~10~
1769,~1~2~3~6~7~8~9~10~
1770,~1~2~3~6~7~8~9~10~
1772,~1~2~3~6~7~8~9~10~
1773,~1~2~3~6~7~8~9~10~
1774,~1~2~3~6~7~8~9~10~
1775,~1~2~3~6~7~8~9~10~
1776,~1~2~3~6~7~8~9~10~
1777,~1~2~3~6~7~8~9~10~
1778,~1~2~3~6~7~8~9~10~
1780,~1~2~3~6~7~8~9~10~
1781,~1~2~3~6~7~8~9~10~
1782,~1~2~3~6~7~8~9~10~
1783,~1~2~3~6~7~8~9~10~
1784,~1~2~3~6~7~8~9~10~
1785,~1~2~3~6~7~8~9~10~
1786,~1~2~3~6~7~8~9~10~
1787,~1~2~3~6~7~8~9~10~
1788,~1~2~3~6~7~8~9~10~
1789,~1~2~3~6~7~8~9~10~
1790,~1~2~3~6~7~8~9~10~
1791,~1~2~3~6~7~8~9~10~
1792,~1~2~3~6~7~8~9~10~
1793,~1~2~3~6~7~8~9~10~
1794,~1~2~3~6~7~8~9~10~
1795,~1~2~3~6~7~8~9~10~
1796,~1~2~3~6~7~8~9~10~
1797,~1~2~3~6~7~8~9~10~
1798,~1~2~3~6~7~8~9~10~
1801,~1~2~3~6~7~8~9~10~
1802,~1~2~3~6~7~8~9~10~
1803,~1~2~3~6~7~8~9~10~
1805,~1~2~3~6~7~8~9~10~
1806,~1~2~3~6~7~8~9~10~
1809,~1~2~3~6~7~8~9~10~
1810,~1~2~3~6~7~8~9~10~
1811,~1~2~3~6~7~8~9~10~
1820,~1~2~3~6~7~8~9~10~
1822,~1~2~3~6~7~8~9~10~
1825,~1~2~3~6~7~8~9~10~
1826,~1~2~3~6~7~8~9~10~
1827,~1~2~3~6~7~8~9~10~
1828,~1~2~3~6~7~8~9~10~
1831,~1~2~3~6~7~8~9~10~
1834,~1~2~3~6~7~8~9~10~
1837,~1~2~3~6~7~8~9~10~
1838,~1~2~3~6~7~8~9~10~
1840,~1~2~3~6~7~8~9~10~
1842,~1~2~3~6~7~8~9~10~
1843,~1~2~3~6~7~8~9~10~
1844,~1~2~3~6~7~8~9~10~
1847,~1~2~3~6~7~8~9~10~
1848,~1~2~3~6~7~8~9~10~
1849,~1~2~3~6~7~8~9~10~
1852,~1~2~3~6~7~8~9~10~
1854,~1~2~3~6~7~8~9~10~
1855,~1~2~3~6~7~8~9~10~
1856,~3~7~6~8~9~10~12~21~22~
1857,~1~2~3~6~7~8~9~10~
1858,~1~2~3~6~7~8~9~10~
1859,~3~7~9~13~15~17~21~25~
1860,~1~2~3~6~7~8~9~10~
1861,~1~2~3~6~7~8~9~10~
1862,~1~2~3~6~7~8~9~10~
1864,~1~2~3~6~7~8~9~10~
1865,~1~2~3~6~7~8~9~10~
1866,~1~2~3~6~7~8~9~10~
1868,~1~2~3~6~7~8~9~10~
1869,~1~2~3~6~7~8~9~10~
1870,~1~2~3~6~7~8~9~10~
1874,~1~2~3~6~7~8~9~10~
1875,~1~2~3~6~7~8~9~10~
1876,~1~2~3~6~7~8~9~10~
1879,~1~2~3~6~7~8~9~10~
1881,~1~2~3~6~7~8~9~10~
1883,~1~2~3~6~7~8~9~10~
1884,~1~2~3~6~7~8~9~10~
1886,~1~2~3~6~7~8~9~10~
1887,~1~2~3~6~7~8~9~10~
1888,~1~2~3~6~7~8~9~10~
1889,~1~2~3~6~7~8~9~10~
1890,~1~2~3~6~7~8~9~10~
1891,~1~2~3~6~7~8~9~10~
1892,~1~2~3~6~7~8~9~10~
1893,~1~2~3~6~7~8~9~10~
1894,~1~2~3~6~7~8~9~10~
1895,~1~2~3~6~7~8~9~10~
1896,~1~2~3~6~7~8~9~10~
1898,~1~2~3~6~7~8~9~10~
1904,~1~2~3~6~7~8~9~10~
1905,~1~2~3~6~7~8~9~10~
1906,~3~6~9~10~21~22~24~
1908,~1~2~3~6~7~8~9~10~
1910,~1~2~3~6~7~8~9~10~
1911,~1~2~3~6~7~8~9~10~
1913,~1~2~3~6~7~8~9~10~
1916,~1~2~3~6~7~8~9~10~
1917,~3~7~8~9~10~18~21~22~
1919,~1~2~3~6~7~8~9~10~
1920,~1~2~3~6~7~8~9~10~
1921,~1~2~3~6~7~8~9~10~
1924,~1~2~3~6~7~8~9~10~
1925,~1~2~3~6~7~8~9~10~
1929,~1~2~3~6~7~8~9~10~
1931,~1~2~3~6~7~8~9~10~
1932,~1~2~3~6~7~8~9~10~
1933,~1~2~3~6~7~8~9~10~
1935,~1~2~3~6~7~8~9~10~
1936,~1~2~3~6~7~8~9~10~
1937,~1~2~3~6~7~8~9~10~
1938,~1~2~3~6~7~8~9~10~
1939,~1~2~3~6~7~8~9~10~
1940,~1~2~3~6~7~8~9~10~
1941,~1~2~3~6~7~8~9~10~
1942,~1~2~3~6~7~8~9~10~
1943,~1~2~3~6~7~8~9~10~
1944,~1~2~3~6~7~8~9~10~
1945,~1~2~3~6~7~8~9~10~
1946,~1~2~3~6~7~8~9~10~
1948,~1~2~3~6~7~8~9~10~
1949,~1~2~3~6~7~8~9~10~
1950,~1~2~3~6~7~8~9~10~
1952,~1~2~3~6~7~8~9~10~
1953,~1~2~3~6~7~8~9~10~
1954,~1~2~3~6~7~8~9~10~
1955,~1~2~3~6~7~8~9~10~
1956,~1~2~3~6~7~8~9~10~
1958,~1~2~3~6~7~8~9~10~
1961,~1~2~3~6~7~8~9~10~
1962,~3~7~8~9~10~11~12~17~18~22~25~
1963,~1~2~3~6~7~8~9~10~
1964,~1~2~3~6~7~8~9~10~
1965,~1~2~3~6~7~8~9~10~
1966,~1~2~3~6~7~8~9~10~
1967,~1~2~3~6~7~8~9~10~
1969,~7~8~10~17~18~21~
1970,~1~2~3~6~7~8~9~10~
1973,~1~2~3~6~7~8~9~10~
1974,~1~2~3~6~7~8~9~10~
1975,~1~2~3~6~7~8~9~10~
1976,~1~2~3~6~7~8~9~10~
1977,~1~2~3~6~7~8~9~10~
1981,~1~2~3~6~7~8~9~10~
1982,~1~2~3~6~7~8~9~10~
1983,~1~2~3~6~7~8~9~10~
1984,~1~2~3~6~7~8~9~10~
1985,~1~2~3~6~7~8~9~10~
1986,~1~2~3~6~7~8~9~10~
1989,~1~2~3~6~7~8~9~10~
1990,~1~2~3~6~7~8~9~10~
1991,~1~2~3~6~7~8~9~10~
1994,~3~7~6~8~9~10~
1996,~1~2~3~6~7~8~9~10~
1997,~1~2~3~6~7~8~9~10~
2000,~1~2~3~6~7~8~9~10~
2001,~1~2~3~6~7~8~9~10~
2002,~1~2~3~6~7~8~9~10~
2007,~1~2~3~6~7~8~9~10~
2009,~1~2~3~6~7~8~9~10~
2012,~1~2~3~6~7~8~9~10~
2014,~1~2~3~6~7~8~9~10~
2015,~1~2~3~6~7~8~9~10~
2017,~1~2~3~6~7~8~9~10~
2018,~1~2~3~6~7~8~9~10~
2019,~1~2~3~6~7~8~9~10~
2020,~1~2~3~6~7~8~9~10~
2021,~1~2~3~6~7~8~9~10~
2022,~1~2~3~6~7~8~9~10~
2023,~1~2~3~6~7~8~9~10~
2024,~1~2~3~6~7~8~9~10~
2025,~1~2~3~6~7~8~9~10~
2027,~1~2~3~6~7~8~9~10~
2028,~1~2~3~6~7~8~9~10~
2029,~1~2~3~6~7~8~9~10~
2030,~1~2~3~6~7~8~9~10~
2031,~1~2~3~6~7~8~9~10~
2037,~1~2~3~6~7~8~9~10~
2038,~1~2~3~6~7~8~9~10~
2039,~1~2~3~6~7~8~9~10~
2040,~1~2~3~6~7~8~9~10~
2046,~3~7~6~9~10~12~13~14~15~16~22~
2048,~1~2~3~6~7~8~9~10~
2050,~1~2~3~6~7~8~9~10~
2051,~1~2~3~6~7~8~9~10~
2052,~1~2~3~6~7~8~9~10~
2059,~1~2~3~6~7~8~9~10~
2060,~1~2~3~6~7~8~9~10~
2061,~1~2~3~6~7~8~9~10~
2066,~1~2~3~6~7~8~9~10~
2067,~1~2~3~6~7~8~9~10~
2068,~1~2~3~6~7~8~9~10~
2070,~1~2~3~6~7~8~9~10~
2071,~1~2~3~6~7~8~9~10~
2072,~1~2~3~6~7~8~9~10~
2073,~1~2~3~6~7~8~9~10~
2074,~1~2~3~6~7~8~9~10~
2076,~1~2~3~6~7~8~9~10~
2078,~1~2~3~6~7~8~9~10~
2080,~1~2~3~6~7~8~9~10~
2083,~1~2~3~6~7~8~9~10~
2085,~1~2~3~6~7~8~9~10~
2086,~1~2~3~6~7~8~9~10~
2089,~1~2~3~6~7~8~9~10~
2090,~1~2~3~6~7~8~9~10~
2091,~1~2~3~6~7~8~9~10~
2097,~1~2~3~6~7~8~9~10~
2098,~1~2~3~6~7~8~9~10~
2099,~1~2~3~6~7~8~9~10~
2100,~1~2~3~6~7~8~9~10~
2101,~1~2~3~6~7~8~9~10~
2103,~1~2~3~6~7~8~9~10~
2105,~1~2~3~6~7~8~9~10~
2107,~1~2~3~6~7~8~9~10~
2110,~1~2~3~6~7~8~9~10~
2113,~1~2~3~6~7~8~9~10~
2119,~1~2~3~6~7~8~9~10~
2120,~1~2~3~6~7~8~9~10~
2121,~1~2~3~6~7~8~9~10~
2123,~1~2~3~6~7~8~9~10~
2127,~1~2~3~6~7~8~9~10~
2129,~1~2~3~6~7~8~9~10~
2135,~1~2~3~6~7~8~9~10~
2136,~1~2~3~6~7~8~9~10~
2138,~1~2~3~6~7~8~9~10~
2141,~1~2~3~6~7~8~9~10~
2143,~1~2~3~6~7~8~9~10~
2144,~1~2~3~6~7~8~9~10~
2146,~1~2~3~6~7~8~9~10~
2148,~1~2~3~6~7~8~9~10~
2153,~3~7~10~12~13~21~22~
2154,~1~2~3~6~7~8~9~10~
2157,~1~2~3~6~7~8~9~10~
2158,~1~2~3~6~7~8~9~10~
2160,~1~2~3~6~7~8~9~10~
2162,~1~2~3~6~7~8~9~10~
2164,~1~2~3~6~7~8~9~10~
2169,~1~2~3~6~7~8~9~10~
2170,~1~2~3~6~7~8~9~10~
2175,~1~2~3~6~7~8~9~10~
2176,~1~2~3~6~7~8~9~10~
2178,~1~2~3~6~7~8~9~10~
2179,~1~2~3~6~7~8~9~10~
2181,~1~2~3~6~7~8~9~10~
2182,~1~2~3~6~7~8~9~10~
2185,~1~2~3~6~7~8~9~10~
2203,~1~2~3~6~7~8~9~10~
2205,~1~2~3~6~7~8~9~10~
2209,~1~2~3~6~7~8~9~10~
2231,~1~2~3~6~7~8~9~10~
2233,~1~2~3~6~7~8~9~10~
2234,~1~2~3~6~7~8~9~10~
2236,~1~2~3~6~7~8~9~10~
2237,~1~2~3~6~7~8~9~10~
2239,~1~2~3~6~7~8~9~10~
2244,~1~2~3~6~7~8~9~10~
2248,~1~2~3~6~7~8~9~10~
2253,~1~2~3~6~7~8~9~10~
2258,~1~2~3~6~7~8~9~10~
2262,~1~2~3~6~7~8~9~10~
2264,~1~2~3~6~7~8~9~10~
2277,~1~2~3~6~7~8~9~10~
2280,~1~2~3~6~7~8~9~10~
2281,~1~2~3~6~7~8~9~10~
2283,~1~2~3~6~7~8~9~10~
2286,~1~2~3~6~7~8~9~10~
2289,~1~2~3~6~7~8~9~10~
2297,~1~2~3~6~7~8~9~10~
2305,~1~2~3~6~7~8~9~10~
2313,~1~2~3~6~7~8~9~10~
2314,~1~2~3~6~7~8~9~10~
2324,~1~2~3~6~7~8~9~10~
2325,~1~2~3~6~7~8~9~10~
2326,~1~2~3~6~7~8~9~10~
2327,~1~2~3~6~7~8~9~10~
2328,~3~7~6~8~9~10~11~12~13~15~18~22~
2330,~1~2~3~6~7~8~9~10~
2331,~1~2~3~6~7~8~9~10~
2332,~1~2~3~6~7~8~9~10~
2333,~1~2~3~6~7~8~9~10~
2338,~1~2~3~6~7~8~9~10~
2339,~1~2~3~6~7~8~9~10~
2343,~1~2~3~6~7~8~9~10~
2344,~1~2~3~6~7~8~9~10~
2345,~1~2~3~6~7~8~9~10~
2346,~1~2~3~6~7~8~9~10~
2347,~1~2~3~6~7~8~9~10~
2348,~1~2~3~6~7~8~9~10~
2351,~1~2~3~6~7~8~9~10~
2352,~1~2~3~6~7~8~9~10~
2353,~1~2~3~6~7~8~9~10~
2356,~1~2~3~6~7~8~9~10~
2359,~1~2~3~6~7~8~9~10~
2362,~1~2~3~6~7~8~9~10~
2363,~1~2~3~6~7~8~9~10~
2365,~1~2~3~6~7~8~9~10~
2366,~1~2~3~6~7~8~9~10~
2367,~1~2~3~6~7~8~9~10~
2368,~1~2~3~6~7~8~9~10~
2370,~1~2~3~6~7~8~9~10~
2371,~1~2~3~6~7~8~9~10~
2373,~1~2~3~6~7~8~9~10~
2375,~1~2~3~6~7~8~9~10~
2376,~1~2~3~6~7~8~9~10~
2378,~1~2~3~6~7~8~9~10~
2381,~1~2~3~6~7~8~9~10~
2382,~1~2~3~6~7~8~9~10~
2388,~1~2~3~6~7~8~9~10~
2390,~3~7~6~8~9~10~
2394,~1~2~3~6~7~8~9~10~
2396,~1~2~3~6~7~8~9~10~
2398,~1~2~3~6~7~8~9~10~
2399,~1~2~3~6~7~8~9~10~
2402,~1~2~3~6~7~8~9~10~
2403,~1~2~3~6~7~8~9~10~
2410,~1~2~3~6~7~8~9~10~
2412,~1~2~3~6~7~8~9~10~
2422,~1~2~3~6~7~8~9~10~
2423,~1~2~3~6~7~8~9~10~
2431,~1~2~3~6~7~8~9~10~
2436,~1~2~3~6~7~8~9~10~
2445,~1~2~3~6~7~8~9~10~
2449,~1~2~3~6~7~8~9~10~
2451,~1~2~3~6~7~8~9~10~
2459,~1~2~3~6~7~8~9~10~
2460,~1~2~3~6~7~8~9~10~
2461,~1~2~3~6~7~8~9~10~
2462,~1~2~3~6~7~8~9~10~
2464,~1~2~3~6~7~8~9~10~
2466,~1~2~3~6~7~8~9~10~
2469,~1~2~3~6~7~8~9~10~
2476,~1~2~3~6~7~8~9~10~
2493,~1~2~3~6~7~8~9~10~
2498,~1~2~3~6~7~8~9~10~
2524,~1~2~3~6~7~8~9~10~
2529,~1~2~3~6~7~8~9~10~
2545,~1~2~3~6~7~8~9~10~
2548,~1~2~3~6~7~8~9~10~
2563,~1~2~3~6~7~8~9~10~
2571,~1~2~3~6~7~8~9~10~
2,~3~7~6~8~9~10~11~12~13~15~16~17~18~21~22~
75,~1~2~3~6~7~8~9~10~
102,~1~2~3~6~7~8~9~10~
187,~3~7~6~8~9~10~11~12~13~15~17~18~21~22~
279,~3~7~6~8~9~10~12~13~15~16~17~18~19~20~21~22~23~24~
282,~1~2~3~6~7~8~9~10~
325,~1~2~3~6~7~8~9~10~
327,~1~2~3~6~7~8~9~10~
388,~3~7~6~8~9~10~11~12~21~
392,~3~7~6~8~9~10~
451,~3~7~6~8~9~10~13~18~22~
475,~1~2~3~6~7~8~9~10~
481,~3~7~6~8~9~10~
518,~3~7~6~8~9~10~11~12~13~14~17~18~21~22~
543,~3~7~6~8~9~10~11~21~22~
556,~1~2~3~6~7~8~9~10~
560,~1~2~3~6~7~8~9~10~
611,~3~7~6~8~9~10~
612,~1~2~3~6~7~8~9~10~
627,~1~2~3~6~7~8~9~10~
635,~1~2~3~6~7~8~9~10~
647,~1~2~3~6~7~8~9~10~
663,~1~2~3~6~7~8~9~10~
676,~1~2~3~6~7~8~9~10~
682,~1~2~3~6~7~8~9~10~
697,~1~2~3~6~7~8~9~10~
703,~1~2~3~6~7~8~9~10~
719,~3~7~6~8~9~10~
766,~1~2~3~6~7~8~9~10~
796,~1~2~3~6~7~8~9~10~
800,~1~2~3~6~7~8~9~10~
804,~3~7~6~8~9~10~15~17~18~21~22~
817,~1~2~3~6~7~8~9~10~
840,~1~2~3~6~7~8~9~10~
842,~1~2~3~6~7~8~9~10~
847,~1~2~3~6~7~8~9~10~
850,~1~2~3~6~7~8~9~10~
851,~3~7~6~8~9~10~
862,~1~2~3~6~7~8~9~10~
871,~3~7~6~9~10~11~12~22~24~
874,~1~2~3~6~7~8~9~10~
937,~3~7~8~9~10~
939,~1~2~3~6~7~8~9~10~
941,~1~2~3~6~7~8~9~10~
946,~1~2~3~6~7~8~9~10~
961,~3~7~8~9~10~12~15~18~22~
963,~1~2~3~6~7~8~9~10~
970,~3~7~8~9~10~11~22~
1009,~1~2~3~6~7~8~9~10~
1014,~1~2~3~6~7~8~9~10~
1015,~1~2~3~6~7~8~9~10~
1022,~3~7~6~8~9~10~
1025,~1~2~3~6~7~8~9~10~
1028,~3~7~6~10~12~13~16~22~
1030,~1~2~3~6~7~8~9~10~
1033,~1~2~3~6~7~8~9~10~
1034,~1~2~3~6~7~8~9~10~
1036,~1~2~3~6~7~8~9~10~
1039,~1~2~3~6~7~8~9~10~
1042,~1~2~3~6~7~8~9~10~
1064,~3~7~6~8~9~10~12~
1076,~1~2~3~6~7~8~9~10~
1081,~1~2~3~6~7~8~9~10~
1086,~3~7~6~8~9~10~15~18~21~22~
1098,~1~2~3~6~7~8~9~10~
1107,~1~2~3~6~7~8~9~10~
1108,~1~2~3~6~7~8~9~10~
1118,~1~2~3~6~7~8~9~10~
1119,~1~2~3~6~7~8~9~10~
1126,~3~7~6~8~9~10~11~12~13~22~
1132,~3~7~6~8~9~10~
1142,~3~7~6~8~9~10~
1145,~1~2~3~6~7~8~9~10~
1146,~1~2~3~6~7~8~9~10~
1157,~1~2~3~6~7~8~9~10~
1162,~3~7~6~8~9~10~
1167,~1~2~3~6~7~8~9~10~
1169,~1~2~3~6~7~8~9~10~
1171,~1~2~3~6~7~8~9~10~
1175,~1~2~3~6~7~8~9~10~
1181,~3~7~6~8~9~10~11~12~14~22~23~
1185,~1~2~3~6~7~8~9~10~
1188,~1~2~3~6~7~8~9~10~
1197,~3~7~6~8~9~10~
1199,~1~2~3~6~7~8~9~10~
1202,~1~2~3~6~7~8~9~10~
1207,~1~2~3~6~7~8~9~10~
1210,~1~2~3~6~7~8~9~10~
1211,~1~2~3~6~7~8~9~10~
1225,~1~2~3~6~7~8~9~10~
1232,~1~2~3~6~7~8~9~10~
1235,~1~2~3~6~7~8~9~10~
1240,~1~2~3~6~7~8~9~10~
1241,~1~2~3~6~7~8~9~10~
1245,~1~2~3~6~7~8~9~10~
1251,~1~2~3~6~7~8~9~10~
1252,~3~7~6~8~9~10~12~14~17~18~21~22~
1257,~1~2~3~6~7~8~9~10~
1259,~1~2~3~6~7~8~9~10~
1260,~1~2~3~6~7~8~9~10~
1261,~3~7~6~8~9~10~
1272,~1~2~3~6~7~8~9~10~
1292,~1~2~3~6~7~8~9~10~
1310,~1~2~3~6~7~8~9~10~
1331,~1~2~3~6~7~8~9~10~
1356,~1~2~3~6~7~8~9~10~
1361,~3~7~6~8~9~13~15~18~22~
1369,~3~7~6~8~9~10~
1382,~3~7~6~8~9~10~
1412,~3~7~6~8~9~10~
1420,~3~7~6~8~9~10~11~21~22~
1437,~1~2~3~6~7~8~9~10~
1449,~1~2~3~6~7~8~9~10~
1456,~1~2~3~6~7~8~9~10~
1457,~1~2~3~6~7~8~9~10~
1460,~1~2~3~6~7~8~9~10~
1503,~1~2~3~6~7~8~9~10~
1504,~3~7~6~8~9~10~
1506,~3~7~6~8~9~10~
1514,~3~7~8~9~10~11~12~21~
1517,~1~2~3~6~7~8~9~10~
1520,~1~2~3~6~7~8~9~10~
1522,~1~2~3~6~7~8~9~10~
1523,~3~7~6~8~9~10~
1524,~3~7~6~8~9~10~
1532,~1~2~3~6~7~8~9~10~
1538,~3~7~6~8~9~10~
1562,~3~7~6~8~9~10~14~18~21~
1590,~3~7~6~9~10~21~22~
1593,~3~7~6~8~9~10~22~
1627,~1~2~3~6~7~8~9~10~
1631,~1~2~3~6~7~8~9~10~
1640,~3~7~6~8~9~10~11~12~15~18~22~
1668,~7~10~21~22~25~
1695,~10~21~
1713,~1~2~3~6~7~8~9~10~
1738,~1~2~3~6~7~8~9~10~
1741,~1~2~3~6~7~8~9~10~
1742,~1~2~3~6~7~8~9~10~
1749,~1~2~3~6~7~8~9~10~
1807,~1~2~3~6~7~8~9~10~
1816,~1~2~3~6~7~8~9~10~
1823,~1~2~3~6~7~8~9~10~
1833,~3~7~6~8~9~10~
1841,~1~2~3~6~7~8~9~10~
1846,~1~2~3~6~7~8~9~10~
1867,~1~2~3~6~7~8~9~10~
1901,~1~2~3~6~7~8~9~10~
1968,~3~7~6~8~9~10~
1971,~1~2~3~6~7~8~9~10~
2041,~3~7~6~8~9~10~
2042,~3~7~6~8~9~10~
2075,~1~2~3~6~7~8~9~10~
2108,~1~2~3~6~7~8~9~10~
2118,~1~2~3~6~7~8~9~10~
2126,~1~2~3~6~7~8~9~10~
2142,~3~7~6~8~9~10~
2155,~3~7~6~9~10~17~21~
2183,~1~2~3~6~7~8~9~10~
2228,~7~8~10~17~18~21~
2230,~3~7~6~8~9~10~
2251,~3~7~6~9~10~21~
2256,~3~7~6~8~9~10~
2263,~3~7~6~8~9~10~
2279,~3~7~8~9~10~11~12~13~21~22~
2300,~3~7~6~8~9~10~
2322,~1~2~3~6~7~8~9~10~
2372,~1~2~3~6~7~8~9~10~
2419,~1~2~3~6~7~8~9~10~
2551,~3~7~6~8~9~10~
29,~3~7~6~8~9~12~13~16~18~22~
76,~9~19~20~
112,~3~7~6~8~9~10~
276,~3~7~6~8~9~10~12~13~15~16~18~21~22~
326,~1~2~3~6~7~8~9~10~
399,~3~7~6~8~9~10~12~13~16~17~18~22~
408,~1~2~3~6~7~8~9~10~
516,~3~7~6~10~17~18~22~
529,~3~7~6~8~9~10~14~15~17~18~21~22~
573,~3~7~8~9~10~11~12~13~17~18~22~
618,~3~7~8~9~10~11~
675,~3~7~6~9~10~13~16~
683,~1~2~3~6~7~8~9~10~
684,~1~2~3~6~7~8~9~10~
713,~3~7~6~8~9~10~13~15~22~
714,~3~7~6~8~9~10~
729,~3~7~6~8~9~10~17~21~
741,~3~7~6~8~9~10~13~15~16~17~18~21~22~
752,~3~7~8~9~10~12~13~15~17~21~22~
773,~3~7~6~8~9~10~12~22~
780,~3~7~9~10~12~21~22~
797,~3~7~6~8~9~10~
873,~1~2~3~6~7~8~9~10~
905,~3~7~6~8~9~10~11~12~22~
908,~1~2~3~6~7~8~9~10~
925,~3~7~6~9~10~12~13~14~15~17~18~
931,~3~7~6~8~9~10~18~22~
944,~1~2~3~6~7~8~9~10~
945,~3~7~6~9~10~22~
951,~3~7~6~8~9~10~11~22~
1648,~3~7~6~9~10~22~
973,~1~2~3~6~7~8~9~10~
982,~3~7~6~8~9~10~19~20~
988,~3~7~8~9~10~13~17~22~
989,~3~7~6~9~10~13~15~18~21~22~
998,~1~2~3~6~7~8~9~10~
1002,~3~7~6~8~9~10~11~12~13~16~17~22~
1005,~3~7~6~9~10~12~13~17~22~
1027,~3~7~9~10~12~13~18~22~
1031,~3~7~6~8~9~10~11~17~22~
1041,~1~2~3~6~7~8~9~10~
1045,~3~7~6~8~9~10~12~17~18~22~23~
1051,~3~7~8~9~10~12~
1053,~3~7~6~8~9~10~22~
1057,~3~7~6~8~9~10~11~13~17~19~
1065,~3~7~6~8~9~10~13~14~18~22~
1070,~1~2~3~6~7~8~9~10~
1071,~1~2~3~6~7~8~9~10~
1077,~7~10~12~
1078,~3~7~8~9~10~11~12~13~21~22~
1082,~3~7~8~9~10~22~
1097,~1~2~3~6~7~8~9~10~
1100,~3~7~6~8~9~10~12~
1103,~3~7~6~8~9~10~21~22~
1116,~3~7~6~8~9~10~12~21~22~
1122,~3~7~9~10~13~15~21~
1133,~3~7~6~9~10~18~20~
1147,~1~2~3~6~7~8~9~10~
1156,~3~7~6~8~9~10~11~12~13~18~21~22~
1163,~3~7~6~8~9~10~11~12~13~17~18~21~22~
1168,~3~7~8~9~10~12~13~18~22~
1178,~3~7~6~8~9~10~11~12~13~14~17~18~21~22~
1191,~3~7~6~8~9~10~
1217,~1~2~3~6~7~8~9~10~
1231,~3~7~6~8~9~10~
1236,~3~7~6~8~9~10~12~18~21~22~
1237,~3~7~6~8~9~10~13~
1238,~8~9~10~11~12~22~
1242,~1~2~3~6~7~8~9~10~
1244,~3~7~8~9~10~11~12~17~22~
1250,~1~2~3~6~7~8~9~10~
1258,~1~2~3~6~7~8~9~10~
1264,~3~7~8~9~10~12~
1276,~3~7~6~8~9~10~
1277,~3~7~6~8~9~10~
1281,~3~7~6~8~9~10~22~
1287,~3~7~6~8~9~10~11~12~13~15~18~21~22~
1294,~3~7~6~8~9~10~11~23~
1295,~1~2~3~6~7~8~9~10~
1296,~3~7~6~9~10~11~12~17~22~
1299,~3~7~6~8~9~10~
1302,~3~7~8~9~10~11~12~22~
1304,~3~7~6~8~9~10~13~21~22~
1308,~3~7~6~8~9~10~
1309,~8~9~10~11~12~19~20~21~22~
1311,~3~7~6~8~9~10~11~12~13~15~18~19~20~21~22~24~25~
1314,~3~7~6~8~9~10~12~13~17~18~21~22~
1315,~1~2~3~6~7~8~9~10~
1329,~3~7~6~9~10~22~
1336,~3~7~6~8~9~10~11~12~21~22~25~
1343,~1~2~3~6~7~8~9~10~
1350,~1~2~3~6~7~8~9~10~
1351,~1~2~3~6~7~8~9~10~
1353,~3~7~6~8~9~10~11~12~13~14~15~16~17~18~21~22~
1358,~3~7~6~8~9~10~11~12~13~14~17~18~22~
1359,~3~7~6~10~13~15~17~21~22~24~
1371,~3~7~6~9~10~11~12~22~
1383,~3~7~8~9~10~11~12~14~22~
1393,~3~7~6~8~9~10~
1408,~3~7~6~8~9~10~
1409,~3~6~8~9~10~21~22~
1417,~3~7~6~8~9~10~22~
1423,~3~7~9~10~13~15~21~
1424,~3~7~6~8~9~10~12~13~17~18~22~
1426,~3~7~6~8~9~10~
1428,~3~7~8~9~10~21~22~
1435,~1~2~3~6~7~8~9~10~
1436,~3~7~6~8~9~10~13~22~
1444,~3~7~6~9~10~22~
1447,~3~7~6~8~9~10~13~18~22~
1453,~1~2~3~6~7~8~9~10~
1455,~3~7~6~8~9~10~12~15~18~22~
1462,~3~7~6~8~9~10~22~
1464,~1~2~3~6~7~8~9~10~
1471,~3~7~6~8~9~10~
1472,~1~2~3~6~7~8~9~10~
1477,~3~7~6~8~9~10~
1479,~3~7~6~8~9~10~
1485,~1~2~3~6~7~8~9~10~
1486,~1~2~3~6~7~8~9~10~
1489,~3~7~6~8~9~10~
1495,~3~7~6~8~9~10~
1496,~3~9~10~21~22~
1499,~3~7~6~8~9~10~
1502,~3~7~6~8~9~10~11~12~13~21~22~25~
1507,~3~7~6~8~9~10~12~22~
1513,~1~2~3~6~7~8~9~10~
1515,~3~7~6~8~9~10~11~12~13~21~22~
1525,~3~7~6~8~9~10~11~22~
1528,~3~7~8~9~10~22~
1529,~1~2~3~6~7~8~9~10~
1535,~3~7~6~8~9~10~
1550,~10~21~
1554,~3~8~9~10~11~12~14~21~22~
1559,~3~7~6~8~9~10~11~12~17~21~
1560,~1~2~3~6~7~8~9~10~
1567,~3~7~6~8~9~10~11~15~16~18~21~
1568,~1~2~3~6~7~8~9~10~
1570,~1~2~3~6~7~8~9~10~
1573,~3~7~8~9~10~11~12~18~21~
1577,~3~7~6~8~9~10~11~12~13~15~21~
1582,~1~2~3~6~7~8~9~10~
1585,~3~7~6~8~9~10~
1586,~3~7~8~9~10~11~21~22~
1588,~3~7~6~8~9~10~
1589,~3~7~6~8~9~10~17~21~22~
1591,~3~7~6~8~9~10~22~25~
1594,~3~7~6~8~9~10~11~12~21~22~24~
1597,~3~7~8~9~10~21~22~
1598,~3~7~6~8~9~10~15~17~21~22~
1600,~3~7~6~8~9~10~
1602,~3~7~6~8~9~10~
1605,~3~7~6~8~9~10~12~13~17~21~22~
1613,~3~7~6~9~10~13~
1615,~3~7~6~9~10~21~
1617,~3~7~6~9~10~12~13~15~21~22~
1621,~3~7~6~8~9~10~11~12~13~15~16~17~18~21~22~
1626,~1~2~3~6~7~8~9~10~
1632,~3~7~8~9~10~12~21~
1634,~1~2~3~6~7~8~9~10~
1638,~3~7~6~8~9~10~11~13~15~18~21~
1639,~3~7~6~8~9~10~13~15~16~18~22~
1643,~3~7~8~9~10~11~12~22~23~
1646,~3~7~8~9~10~12~22~
1650,~1~2~3~6~7~8~9~10~
1651,~3~7~6~8~9~10~13~16~17~
1656,~1~2~3~6~7~8~9~10~
1657,~1~2~3~6~7~8~9~10~
1659,~3~7~9~10~15~22~25~
1660,~1~2~3~6~7~8~9~10~
1663,~3~7~6~8~9~10~
1664,~3~7~6~9~10~12~14~21~
1669,~1~2~3~6~7~8~9~10~
1670,~21~
1672,~3~7~6~8~9~10~
1677,~3~7~8~9~10~21~22~
1691,~3~7~6~8~9~10~11~12~18~21~22~
1696,~3~7~6~10~16~21~22~
1704,~3~7~8~9~10~11~12~21~22~
1708,~3~7~6~8~9~10~
1710,~3~7~6~8~9~10~14~17~21~22~
1711,~7~8~10~14~17~18~21~22~
1714,~3~8~10~13~18~21~
1716,~3~8~9~10~21~
1718,~8~9~11~12~19~20~
1720,~3~7~6~8~9~10~
1724,~3~7~6~8~9~10~12~13~15~16~17~18~21~22~
1725,~3~7~6~8~9~10~15~21~
1730,~1~2~3~6~7~8~9~10~
1731,~3~7~6~8~9~10~11~12~15~18~21~
1736,~8~9~10~11~12~14~18~21~
1744,~7~9~10~15~21~24~
1752,~3~7~6~8~9~10~
1753,~3~7~9~10~22~
1759,~3~7~6~8~9~10~11~20~
1765,~3~7~6~8~9~10~12~21~22~25~
1766,~10~15~21~24~
1767,~3~7~6~8~9~10~22~
1771,~3~7~6~8~9~10~12~13~18~21~22~
1779,~3~7~8~9~10~13~22~
1799,~3~7~6~8~9~10~
1800,~1~2~3~6~7~8~9~10~
1804,~3~7~8~9~10~12~17~21~22~
1808,~1~2~3~6~7~8~9~10~
1812,~1~2~3~6~7~8~9~10~
1814,~3~7~6~8~9~10~
1815,~3~7~6~8~9~10~12~13~15~16~22~
1817,~1~2~3~6~7~8~9~10~
1818,~3~7~9~10~11~12~21~22~
1819,~1~2~3~6~7~8~9~10~
1821,~3~8~9~11~21~22~
1824,~3~8~9~10~11~12~21~22~
1829,~3~7~6~9~10~15~21~22~
1830,~3~7~6~8~9~10~13~17~22~
1832,~3~7~6~9~10~12~22~
1835,~3~7~6~8~9~10~
1836,~1~2~3~6~7~8~9~10~
1839,~1~2~3~6~7~8~9~10~
1845,~1~2~3~6~7~8~9~10~
1850,~1~2~3~6~7~8~9~10~
1851,~3~7~6~8~9~10~
1853,~3~7~6~8~9~10~11~12~13~15~16~18~21~22~
1863,~3~7~6~9~10~13~15~16~22~
1871,~3~7~6~8~9~10~
1872,~3~7~6~8~9~10~
1878,~3~7~6~8~9~10~
1880,~3~7~8~9~10~12~21~22~
1882,~1~2~3~6~7~8~9~10~
1885,~3~7~6~8~9~10~
1897,~3~7~8~9~10~12~13~17~21~22~
1899,~3~7~6~8~9~10~
1900,~3~7~6~8~9~10~13~22~
1902,~3~7~6~8~9~10~
1903,~3~7~6~8~9~10~
1907,~1~2~3~6~7~8~9~10~
1909,~3~7~6~8~9~10~17~22~
1912,~7~10~12~14~21~22~
1914,~3~7~6~9~10~12~13~14~15~18~21~22~
1915,~3~7~6~8~9~10~13~14~15~17~18~21~22~
1918,~20~
1922,~3~7~6~8~9~10~18~21~
1923,~3~7~8~9~10~13~17~22~
1926,~3~7~6~8~9~10~12~15~21~
1927,~3~7~6~9~10~13~17~22~
1928,~3~7~6~8~9~10~11~12~22~
1930,~3~7~6~8~9~10~11~22~
1934,~1~2~3~6~7~8~9~10~
1947,~3~7~6~8~9~10~
1951,~1~2~3~6~7~8~9~10~
1957,~3~7~6~8~9~10~12~13~22~
1959,~3~7~6~8~9~10~
1960,~3~7~8~9~10~21~22~
1972,~3~7~6~8~9~10~21~
1978,~3~7~6~8~9~10~
1979,~1~2~3~6~7~8~9~10~
1980,~3~7~6~8~9~10~11~12~13~14~15~16~18~21~22~
1987,~3~7~6~8~9~10~
1988,~3~7~6~8~9~10~11~12~
1992,~7~8~10~17~18~21~22~
1993,~3~7~10~13~15~17~21~22~24~
1995,~3~7~8~9~10~15~18~21~
1998,~1~2~3~6~7~8~9~10~
1999,~1~2~3~6~7~8~9~10~
2003,~10~11~21~22~
2008,~3~7~6~8~9~10~
2010,~3~7~6~8~9~10~
2013,~6~10~15~21~
2016,~3~7~8~9~10~11~12~13~
2026,~3~7~6~8~10~12~14~21~
2032,~3~7~8~9~10~14~19~21~22~
2033,~1~2~3~6~7~8~9~10~
2034,~3~7~6~8~9~10~21~
2035,~1~2~3~6~7~8~9~10~
2036,~3~7~6~8~9~10~
2043,~3~7~8~9~10~
2044,~3~7~6~8~9~10~11~21~22~
2045,~3~7~6~8~9~10~
2047,~1~2~3~6~7~8~9~10~
2049,~3~7~6~8~9~10~
2053,~3~7~6~8~9~10~11~12~13~15~16~17~18~21~22~
2054,~3~7~6~8~9~10~
2055,~1~2~3~6~7~8~9~10~
2056,~3~7~8~9~10~11~12~22~25~
2057,~1~2~3~6~7~8~9~10~
2058,~1~2~3~6~7~8~9~10~
2062,~3~7~8~9~10~11~21~22~
2063,~1~2~3~6~7~8~9~10~
2064,~1~2~3~6~7~8~9~10~
2065,~3~7~6~8~9~10~
2069,~3~7~6~8~9~10~
2077,~3~7~6~8~9~10~
2079,~3~7~8~9~10~12~14~15~18~21~22~
2081,~1~2~3~6~7~8~9~10~
2082,~1~2~3~6~7~8~9~10~
2084,~3~7~6~8~9~10~
2087,~1~2~3~6~7~8~9~10~
2088,~1~2~3~6~7~8~9~10~
2092,~3~7~6~8~9~10~
2093,~3~7~6~8~9~10~11~
2094,~3~7~6~8~9~10~11~12~13~16~19~20~22~
2095,~3~7~6~8~9~10~
2096,~3~7~6~9~10~11~12~13~21~22~24~
2102,~1~2~3~6~7~8~9~10~
2104,~3~7~6~8~9~10~
2106,~3~7~6~8~9~10~
2109,~3~7~8~9~10~21~22~
2111,~3~7~6~9~10~11~12~17~22~
2112,~3~7~6~8~9~10~
2114,~3~7~6~8~10~14~18~21~
2115,~3~7~8~9~10~11~12~14~21~22~
2116,~3~7~8~10~11~15~18~21~22~
2117,~1~2~3~6~7~8~9~10~
2122,~3~7~6~8~9~10~
2124,~3~7~6~8~9~10~
2125,~1~2~3~6~7~8~9~10~
2128,~3~7~6~8~9~10~15~16~17~18~22~23~
2130,~3~7~8~9~10~12~15~18~21~22~
2131,~21~22~
2132,~3~7~6~8~9~10~
2133,~3~7~8~10~14~17~18~21~22~
2134,~3~7~6~8~9~10~
2137,~3~7~6~8~9~10~13~15~21~22~
2139,~3~7~6~8~9~10~12~17~18~21~22~
2140,~3~7~6~8~9~10~13~15~21~
2145,~3~7~6~9~10~13~21~22~
2147,~3~7~6~8~9~10~19~20~
2150,~3~7~6~8~9~10~
2151,~3~7~6~8~9~10~17~21~
2152,~1~2~3~6~7~8~9~10~
2156,~3~7~6~8~9~10~
2159,~3~7~6~8~9~10~
2161,~6~9~10~11~21~22~
2163,~1~2~3~6~7~8~9~10~
2165,~3~7~6~8~9~10~
2166,~3~7~6~9~10~13~14~15~16~17~21~
2167,~3~7~8~9~10~20~
2168,~3~7~6~8~9~10~
2171,~3~7~8~9~10~11~21~22~
2172,~1~2~3~6~7~8~9~10~
2173,~3~7~6~8~9~10~
2174,~3~7~6~8~9~10~21~
2177,~3~7~6~8~9~10~12~14~18~
2180,~3~7~8~9~10~11~12~13~15~18~21~22~25~
2184,~3~7~6~8~9~10~
2186,~3~7~6~8~9~10~11~12~13~17~18~22~
2187,~3~7~8~9~10~12~21~22~
2188,~3~7~6~8~9~10~
2189,~1~2~3~6~7~8~9~10~
2190,~3~7~6~8~9~10~
2191,~3~7~6~8~9~10~
2193,~3~7~6~9~10~13~
2194,~3~7~6~8~9~10~22~
2195,~7~6~10~17~21~
2197,~3~7~6~8~9~10~
2198,~3~7~9~10~12~17~21~22~
2199,~1~2~3~6~7~8~9~10~
2200,~3~7~8~9~10~13~21~
2202,~3~7~6~8~9~10~
2204,~1~2~3~6~7~8~9~10~
2206,~3~7~9~10~21~22~
2207,~9~19~20~
2208,~3~7~6~8~9~10~
2210,~3~7~6~10~21~
2211,~3~7~6~8~9~10~
2213,~3~7~6~8~9~10~
2214,~3~7~6~8~9~10~12~13~14~15~16~17~18~21~22~
2215,~3~7~9~10~15~21~22~23~24~
2216,~3~7~6~8~9~10~
2217,~8~10~18~21~
2218,~3~7~6~8~9~10~13~21~
2219,~3~7~6~8~9~10~
2220,~3~7~6~8~9~10~
2221,~3~7~6~8~9~10~11~12~14~15~21~22~
2222,~3~7~6~8~9~10~
2223,~3~7~6~8~9~10~
2225,~3~7~6~8~9~10~
2226,~3~7~6~8~9~10~11~12~14~15~17~21~22~
2227,~1~2~3~6~7~8~9~10~
2229,~3~7~6~8~9~10~
2232,~3~7~6~8~9~10~21~22~
2235,~3~7~8~9~10~11~13~21~22~
2238,~1~2~3~6~7~8~9~10~
2240,~3~7~6~8~9~10~14~17~18~21~22~
2241,~3~7~6~8~9~10~
2242,~3~7~8~9~10~13~17~22~
2243,~3~7~6~8~9~10~
2245,~3~7~6~9~10~11~22~
2246,~3~7~6~8~9~10~12~17~22~
2247,~3~7~6~8~9~10~17~18~21~
2249,~3~7~6~8~9~10~11~12~13~15~21~22~
2250,~3~7~6~8~9~10~
2252,~3~7~6~8~9~10~11~12~22~
2254,~3~7~6~8~9~10~
2255,~21~
2257,~3~7~6~8~9~10~
2259,~1~2~3~6~7~8~9~10~
2260,~1~2~3~6~7~8~9~10~
2261,~3~7~6~8~9~10~
2265,~3~7~6~8~9~10~
2266,~3~7~6~8~9~10~
2267,~3~7~6~8~9~10~
2268,~3~7~6~8~9~10~
2269,~3~7~6~8~9~10~
2270,~3~7~6~8~9~10~
2271,~3~7~6~8~9~10~
2272,~3~7~8~9~10~22~
2273,~3~7~6~9~10~12~13~14~15~18~21~22~
2274,~3~7~6~10~15~21~
2275,~3~7~6~8~9~10~15~21~
2276,~3~8~9~10~12~22~
2278,~3~7~6~8~9~10~
2282,~3~7~9~10~11~12~22~
2284,~3~7~6~8~9~10~
2285,~3~7~6~8~9~10~
2287,~3~9~10~15~21~22~
2288,~3~7~6~8~9~10~
2290,~3~7~6~8~9~10~17~21~22~24~
2291,~3~7~6~8~9~10~
2292,~3~7~6~9~10~21~22~
2293,~3~7~6~8~9~10~
2294,~3~7~6~8~9~10~17~22~
2295,~3~7~6~8~9~10~11~13~15~22~
2296,~3~7~6~8~9~10~
2298,~3~7~6~8~9~10~
2299,~3~7~6~8~9~10~
2301,~3~7~6~8~9~10~
2302,~3~7~6~8~9~10~
2303,~3~7~6~8~9~10~11~22~
2304,~3~7~6~8~9~10~
2306,~1~2~3~6~7~8~9~10~
2307,~10~12~15~21~22~
2308,~1~2~3~6~7~8~9~10~
2309,~3~7~6~8~9~10~21~22~
2310,~3~7~6~8~9~10~
2311,~3~7~6~8~9~10~11~12~22~
2312,~3~7~6~8~9~10~
2315,~3~7~6~8~9~10~
2316,~3~7~6~9~10~12~13~14~21~22~
2317,~3~7~6~8~9~10~11~21~
2318,~3~7~6~8~9~10~
2319,~3~7~6~8~9~10~
2320,~3~7~6~8~9~10~14~15~21~22~
2321,~3~7~6~8~9~10~
2323,~3~7~8~9~10~11~12~13~15~16~18~21~22~
2329,~3~7~6~8~9~10~
2334,~1~2~3~6~7~8~9~10~
2335,~3~7~6~8~9~10~11~12~14~16~17~22~
2336,~1~2~3~6~7~8~9~10~
2337,~3~7~8~9~10~12~21~22~
2340,~1~2~3~6~7~8~9~10~
2341,~3~7~8~9~10~11~12~21~22~
2342,~3~7~6~8~9~10~
2349,~3~7~6~8~9~10~
2350,~3~7~6~8~9~10~11~12~21~22~
2354,~3~7~6~8~9~10~
2355,~1~2~3~6~7~8~9~10~
2357,~3~7~9~10~13~15~21~22~
2358,~1~2~3~6~7~8~9~10~
2360,~3~7~6~9~10~12~22~
2361,~3~7~6~8~9~10~15~18~21~22~
2364,~3~7~6~8~9~10~
2369,~3~7~6~8~9~10~11~12~21~22~
2374,~3~7~6~8~9~10~12~14~23~
2377,~3~7~6~8~9~10~
2379,~8~10~11~12~21~25~
2380,~3~7~6~9~13~22~
2383,~3~7~6~8~9~10~11~12~18~21~22~23~
2384,~3~7~6~8~9~10~
2385,~3~7~8~9~10~12~14~
2386,~3~7~6~8~9~10~
2387,~1~2~3~6~7~8~9~10~
2389,~3~7~6~8~9~10~
2391,~1~2~3~6~7~8~9~10~
2392,~1~2~3~6~7~8~9~10~
2393,~1~2~3~6~7~8~9~10~
2395,~3~7~6~8~9~10~11~12~18~22~
2397,~3~7~6~8~9~10~14~17~
2400,~3~7~6~8~9~10~
2401,~3~7~6~8~9~10~11~12~13~15~17~18~21~22~
2404,~3~7~6~8~9~10~13~15~16~18~19~21~22~23~
2405,~3~7~6~8~9~10~11~12~13~17~22~
2406,~3~7~6~8~9~10~
2407,~3~7~6~8~9~10~
2408,~7~10~15~21~
2409,~1~2~3~6~7~8~9~10~
2411,~3~7~8~9~10~14~21~22~
2413,~3~7~6~8~9~10~
2414,~3~7~6~8~9~10~
2415,~3~7~6~8~9~10~12~13~15~16~17~21~22~
2416,~3~7~6~8~9~10~
2417,~3~7~6~8~9~10~
2418,~3~7~6~8~9~10~11~12~14~17~21~22~
2420,~3~7~6~8~9~10~
2421,~3~7~6~8~9~10~12~13~15~16~21~22~
2424,~3~7~9~10~21~
2425,~3~7~10~21~22~
2426,~3~7~6~8~9~10~11~12~13~14~17~18~21~
2427,~3~7~6~8~9~17~18~19~20~
2428,~3~7~10~11~12~22~
2429,~3~7~9~10~
2430,~3~7~6~8~9~10~
2435,~3~7~6~10~
2437,~3~7~6~8~9~10~
2438,~3~7~6~8~9~10~
2439,~3~7~6~8~9~10~11~12~13~16~22~
2440,~3~7~6~8~9~10~
2441,~3~7~6~8~9~10~12~13~21~22~
2442,~3~7~6~8~9~10~
2443,~10~22~
2444,~3~7~6~8~9~10~
2446,~1~2~3~6~7~8~9~10~
2447,~3~7~6~8~9~10~21~
2448,~3~7~6~8~9~10~12~13~14~15~16~17~21~22~23~
2450,~3~7~6~9~10~12~13~16~
2452,~3~7~6~8~9~10~11~12~13~15~19~22~
2453,~3~7~10~13~21~22~
2454,~3~7~6~8~9~10~11~12~13~15~21~22~
2455,~3~7~6~8~9~10~
2456,~1~2~3~6~7~8~9~10~
2457,~3~7~9~10~12~13~22~
2458,~3~7~6~8~9~10~11~12~13~18~21~22~
2463,~1~2~3~6~7~8~9~10~
2465,~1~2~3~6~7~8~9~10~
2467,~1~2~3~6~7~8~9~10~
2468,~3~7~6~8~9~10~12~13~15~16~18~21~22~
2470,~3~7~6~8~9~10~
2471,~3~7~6~8~9~10~
2472,~3~7~8~9~10~11~12~22~
2473,~3~7~6~9~10~12~
2474,~1~2~3~6~7~8~9~10~
2475,~3~7~6~8~9~10~
2477,~3~7~6~8~9~10~
2478,~3~7~6~8~9~10~13~17~21~22~
2479,~3~7~6~8~9~10~
2480,~3~7~6~8~9~10~11~18~21~
2481,~3~7~6~8~9~10~
2482,~1~2~3~6~7~8~9~10~
2483,~3~7~6~8~9~10~
2484,~3~7~6~8~9~10~
2486,~3~7~8~9~10~11~19~20~22~
2487,~3~7~6~8~9~10~21~22~
2488,~3~7~6~8~9~10~12~21~
2489,~1~2~3~6~7~8~9~10~
2490,~3~7~6~8~9~10~
2491,~3~7~6~8~9~10~18~21~22~
2492,~3~7~6~8~9~10~11~14~15~18~22~
2494,~3~7~6~8~9~10~12~14~17~21~22~
2495,~3~7~6~8~9~11~12~13~21~22~
2496,~1~2~3~6~7~8~9~10~
2497,~1~2~3~6~7~8~9~10~
2499,~3~7~6~8~9~10~
2500,~3~7~6~8~9~10~
2501,~3~7~6~8~9~10~
2502,~3~7~6~8~9~10~21~
2503,~8~9~10~11~
2504,~1~2~3~6~7~8~9~10~
2505,~3~7~6~9~10~12~13~15~21~22~
2506,~3~7~6~8~9~10~12~19~20~22~
2507,~3~7~6~8~9~10~
2508,~3~7~6~8~9~10~
2509,~3~7~6~8~9~10~
2510,~3~7~6~9~10~21~
2511,~3~7~9~10~21~22~
2512,~1~2~3~6~7~8~9~10~
2513,~3~7~9~10~12~13~15~17~21~22~
2514,~3~7~6~8~9~10~
2515,~3~7~6~8~9~10~
2516,~1~2~3~6~7~8~9~10~
2517,~1~2~3~6~7~8~9~10~
2518,~3~7~6~10~13~16~21~22~
2519,~1~2~3~6~7~8~9~10~
2520,~3~7~6~8~9~10~
2521,~3~7~6~8~9~10~
2522,~3~7~8~9~10~11~12~13~22~
2523,~3~7~6~8~9~10~
2525,~3~7~6~8~9~10~11~12~13~17~21~22~
2526,~3~7~6~8~9~10~11~12~22~
2527,~3~7~8~9~10~12~14~15~17~18~21~
2528,~3~7~6~8~9~10~
2530,~3~7~6~8~9~10~
2531,~1~2~3~6~7~8~9~10~
2532,~8~11~
2533,~3~7~6~8~9~10~
2534,~3~7~6~8~9~10~
2535,~3~7~6~8~9~10~
2536,~3~7~6~8~9~10~12~15~22~
2537,~3~7~6~8~9~10~
2538,~1~2~3~6~7~8~9~10~
2539,~3~7~6~8~9~10~11~12~13~14~17~18~21~22~
2540,~3~7~6~8~9~10~11~22~
2541,~3~7~6~8~9~10~11~12~21~22~
2542,~3~7~6~8~9~10~14~17~21~
2543,~3~7~8~9~22~
2544,~3~7~6~8~9~10~12~13~15~17~18~19~21~22~
2546,~1~2~3~6~7~8~9~10~
2547,~3~7~6~8~9~10~
2549,~3~7~6~8~9~10~22~
2550,~1~2~3~6~7~8~9~10~
2552,~3~7~6~8~9~10~11~12~21~
2553,~7~10~15~21~
2554,~8~18~21~
2555,~3~7~6~9~10~17~
2556,~3~7~6~8~9~10~11~12~13~14~15~21~22~
2557,~3~7~6~8~9~10~12~13~17~21~22~
2558,~3~7~6~8~9~10~11~12~19~20~
2560,~1~2~3~6~7~8~9~10~
2561,~3~7~6~8~9~10~
2562,~3~7~8~9~10~13~15~17~18~21~22~
2564,~3~7~6~8~9~10~11~13~19~21~
2565,~3~7~8~9~10~15~17~21~
2566,~3~7~10~21~
2567,~1~2~3~6~7~8~9~10~
2568,~3~7~6~8~9~10~
2569,~3~10~12~21~22~
2570,~3~7~6~8~9~10~12~13~15~17~18~21~22~
2572,~3~7~6~9~10~15~17~21~
2573,~3~7~6~9~10~17~21~
2575,~3~7~6~8~9~10~21~
2574,~3~7~6~8~9~10~12~13~14~15~16~17~18~21~22~
2628,
2576,~
2577,~3~7~6~8~9~10~11~12~13~14~15~16~17~18~19~20~21~22~
2579,~7~14~17~20~
2580,~3~7~9~10~15~21~22~
2581,~3~7~6~9~10~11~12~13~15~17~21~22~
2582,~3~7~6~8~9~10~12~13~14~16~17~18~22~
2583,~3~7~8~9~10~12~13~14~17~18~21~22~
2584,~3~7~9~15~17~21~22~
2585,
2586,~3~7~6~8~10~11~12~17~22~
2587,~7~8~9~10~12~13~17~21~22~
2588,~3~7~10~15~17~21~22~
2589,~7~8~10~17~18~21~
2596,
2590,~3~7~8~9~11~12~15~21~
2591,
2592,
2593,~3~7~8~9~10~11~13~14~17~22~
2594,~3~7~6~8~9~10~11~18~21~
2595,~3~7~10~11~12~21~
2597,~8~20~
2621,~3~7~8~9~10~11~13~22~
0,~7~8~9~10~11~14~15~21~22~
2599,~7~8~9~10~11~14~15~21~22~
2600,~21~
2601,~21~
2602,
2603,~7~6~8~10~12~18~21~22~
2604,~3~6~8~10~12~22~25~
2605,
2606,~3~7~8~9~10~12~15~21~22~
2607,~3~7~9~10~11~12~13~21~22~
2608,~3~7~6~8~9~10~11~12~18~21~22~
2609,~3~7~8~10~12~13~15~17~18~
2610,~3~8~9~10~11~12~13~21~22~
2611,~3~7~8~9~10~11~12~13~15~21~22~
2612,~3~7~8~9~13~14~17~18~21~23~24~
2613,~7~22~
2614,
2615,~3~8~9~10~12~13~18~21~
2616,~3~7~6~8~9~10~11~12~13~15~16~22~
2617,~3~7~6~8~9~10~11~12~13~14~18~23~
2618,~3~7~8~11~12~
2619,~3~7~6~9~10~12~21~22~
2620,~3~7~8~9~10~11~12~13~14~15~17~18~21~22~23~
2622,~3~7~6~8~9~10~11~12~13~14~16~17~22~
2623,~3~7~8~9~10~11~12~13~14~17~18~21~22~25~
2624,
2625,
2626,
2627,
2629,
2630,~3~7~8~10~12~13~14~15~18~21~22~23~
2631,~21~
2632,~7~9~14~17~21~
2633,~3~7~10~12~17~21~22~
2634,~3~7~8~9~10~11~12~18~21~22~
2635,~3~7~6~8~9~10~11~12~13~17~21~22~
2636,~3~9~18~22~
2637,~3~7~10~12~13~17~23~
2638,~3~7~6~8~9~10~11~12~13~14~
2639,~3~7~6~8~9~10~11~12~13~14~
2640,~3~7~6~17~21~
2641,~7~8~11~12~22~
2642,~6~8~11~12~
2643,~3~7~8~10~11~12~
2644,~3~7~6~9~11~12~13~14~15~21~22~
2645,~3~7~10~15~22~
2646,~3~7~8~9~10~11~12~13~21~22~
2647,~3~7~9~10~12~13~15~21~22~
2648,~3~7~6~10~12~17~
2649,~7~21~
2650,~3~7~6~8~9~10~11~17~
2651,~3~7~6~9~10~11~17~21~22~
2652,~3~7~8~10~12~13~17~18~22~23~
2653,~3~7~6~8~9~10~11~12~13~14~16~17~
2654,~3~7~6~8~9~10~11~13~14~17~21~22~
2655,~3~7~6~8~9~10~11~13~14~17~21~22~
2656,~3~7~8~10~12~14~22~
2657,~3~7~8~9~10~11~12~
2658,~3~7~6~8~9~10~11~12~13~14~15~16~17~19~21~22~23~
2659,~3~7~8~9~10~11~12~13~15~21~22~
2660,~3~7~6~8~9~10~11~12~14~
2661,
2662,~3~7~6~10~12~15~21~
2663,
2664,~3~7~6~8~11~12~21~
2665,~3~7~6~10~12~13~15~17~21~22~
2666,~3~7~8~9~10~11~12~14~15~22~
2667,~3~7~8~9~11~12~14~15~21~
2668,~3~7~9~10~13~15~17~21~
2669,~3~8~9~10~11~22~
2670,~3~7~8~9~10~11~12~13~21~22~
2671,~7~10~21~22~
2672,~3~7~6~8~10~11~
2673,~3~10~11~12~22~
2674,~3~7~17~
2675,
2676,~3~7~12~22~
2677,~3~7~8~9~10~11~13~17~22~24~
2678,~3~7~8~9~10~11~12~13~14~15~17~18~22~23~
2679,~3~7~8~9~11~12~14~15~18~21~23~
2680,~3~7~6~17~22~
2681,~3~7~6~21~
2682,~3~9~11~
2683,~3~7~10~11~13~14~17~22~
2684,~7~10~12~22~25~
2685,~7~6~9~10~15~21~
2686,~7~10~17~18~22~
2687,~3~7~6~8~9~10~11~12~13~17~22~
2688,~3~9~11~
2689,~3~7~9~10~11~12~13~14~17~22~
2690,~3~7~8~9~10~11~12~18~21~22~
2691,~3~7~8~9~10~11~12~13~15~16~21~22~23~
2692,~3~6~10~
2693,~3~7~6~8~9~10~11~
2694,~7~8~9~11~12~22~
2695,~3~7~10~13~17~21~
2696,
2697,~3~7~21~
2698,~3~7~6~9~10~12~14~16~21~
2699,~3~7~8~9~21~
2700,~3~7~6~9~10~13~17~
2701,~3~7~6~9~13~15~17~21~22~
2702,~3~7~6~8~9~10~11~12~13~15~18~21~22~
2733,~3~7~10~12~13~21~22~
2703,~3~7~6~8~9~10~12~15~17~18~21~
2704,
2705,
2706,
2707,~3~7~9~10~13~22~
2708,~3~7~8~11~12~14~17~18~21~22~23~
2709,~3~7~6~8~9~10~11~12~13~16~22~
2710,~3~7~6~9~10~12~13~15~16~17~21~22~
2711,
2712,~3~7~17~
2713,~3~7~10~12~21~
2714,~3~7~8~9~11~
2715,~3~7~8~9~12~18~
2716,
2717,~3~7~8~9~11~12~13~
2718,
2719,
2723,
2758,~3~6~8~10~12~13~15~18~21~22~
0,~7~8~10~21~22~
2747,
2720,~21~
2721,~7~8~14~17~18~21~
2722,
2728,
2724,
2725,
2726,
2734,~3~7~10~17~21~22~
2727,
2774,~7~10~15~17~21~
2748,
2729,~8~11~
2730,
2731,~3~7~8~13~22~
2732,~3~7~6~8~9~10~12~13~15~16~17~18~21~22~23~
2735,~21~
2736,~3~7~6~8~9~10~12~13~14~15~16~18~21~22~24~
2737,~8~9~11~12~22~24~
2738,~7~6~17~21~
2739,~7~6~8~10~12~14~17~18~21~
2741,~7~10~11~12~21~22~
2742,
2761,~7~10~15~21~
2775,
2743,~6~10~21~22~
2746,~3~7~6~9~10~13~21~
2749,~3~7~6~8~9~10~12~15~17~18~21~22~23~
2750,
2751,
2752,
2753,
2754,~3~7~6~9~10~12~13~14~16~17~21~22~
2755,
0,~20~
2757,~21~
2759,~18~21~
2760,~21~
2762,~3~6~10~21~
2763,~7~6~8~10~12~14~15~18~22~
2764,~20~
2765,~20~
2770,
2766,
2767,
2768,~21~
2769,~8~18~21~
2771,~21~
2772,
2773,~3~7~8~12~15~21~22~
2776,~3~7~6~8~9~10~12~13~15~16~17~18~22~
2777,
2778,~21~
2779,~3~7~9~15~17~21~
0,~21~
2781,~3~7~8~9~12~14~15~17~18~21~
2782,~3~7~6~8~9~10~12~13~15~17~18~21~24~
2783,~3~7~6~8~9~10~11~12~13~15~17~18~19~21~22~23~24~
2784,~3~7~6~9~10~11~12~13~17~22~
2795,~3~7~6~8~9~10~11~12~13~15~16~18~21~22~
2789,~3~7~8~10~17~18~21~22~
2785,~3~10~11~13~22~
2786,~10~11~12~21~
2787,~3~8~9~10~11~12~21~22~
2788,~3~7~6~8~9~10~11~12~13~14~15~16~17~19~21~22~23~24~
2790,~3~7~6~8~10~14~18~21~22~
2791,~3~7~9~10~11~12~14~17~22~
2792,~3~7~8~9~11~12~14~22~
2793,~3~7~9~11~12~13~21~22~
2794,~3~6~11~12~13~22~
2796,
2797,
2798,~3~7~8~9~10~11~12~13~14~22~24~
2799,~3~7~6~8~9~10~12~18~22~
2800,~8~9~18~19~20~21~
2815,~8~18~21~
2801,~3~7~6~10~21~22~
2802,~3~7~6~8~9~10~17~18~21~22~
2803,~3~7~9~18~21~22~
2804,~10~21~
2805,~7~6~8~9~10~11~21~22~24~25~
2806,~3~7~6~9~15~21~22~
2807,
2808,~7~9~21~
2809,~3~7~6~8~9~10~11~12~13~14~15~16~17~18~19~20~21~22~23~24~
2810,~3~7~10~15~18~21~24~
2811,
2812,
2813,~21~
2820,~7~10~12~21~22~25~
2814,~8~10~15~18~21~
2816,
2817,
2818,~3~7~6~8~9~10~12~13~15~16~17~18~22~23~24~
2819,
2821,~3~7~6~8~9~10~11~12~14~17~21~22~25~
2822,~10~15~18~21~22~
2823,~21~
2824,~7~21~
2825,~7~6~10~14~17~21~
2905,~8~9~11~20~
2847,~7~6~8~9~10~11~12~15~18~21~22~24~25~
2826,~3~7~6~8~9~10~11~12~15~18~21~22~24~
2884,~20~
2827,~7~9~10~13~17~18~21~25~
2828,~3~7~9~10~15~17~18~21~22~
2829,
2830,~7~9~10~13~15~18~21~22~
2831,~3~7~6~8~9~10~12~13~14~15~16~18~21~22~25~
2832,~3~7~8~9~10~11~12~13~14~15~18~21~22~24~
2833,~3~7~10~21~22~
2834,~3~7~6~8~9~10~13~15~18~21~22~
2835,
2836,
2837,
2838,
2839,
2840,
2841,
2842,
2843,
2844,
2845,
2846,~3~7~8~9~10~11~12~13~15~17~18~21~24~
2848,~3~7~6~8~9~10~11~12~13~14~15~16~17~18~19~20~21~22~23~24~25~
2849,~3~7~17~21~23~
2851,~3~7~6~10~14~17~21~
2852,~7~8~10~12~21~22~24~25~
2853,~14~21~
2854,~3~7~6~9~10~17~21~22~
2855,~7~8~15~18~21~22~24~
2856,~20~
2885,~3~7~6~9~10~12~13~14~15~17~21~22~
2857,~3~7~6~8~9~10~11~12~13~14~15~16~17~18~19~20~21~22~23~24~25~
2858,~
2864,
2861,~9~19~20~
2860,~3~7~6~8~9~10~11~12~13~15~16~18~21~22~23~24~25~
2862,~3~7~10~21~
2863,~3~7~8~9~10~11~12~21~22~
2865,
2866,
2867,~3~7~6~8~9~11~12~14~22~24~25~
2868,~3~7~6~10~12~13~14~15~17~21~22~
2869,~3~7~6~8~9~10~11~12~13~14~21~22~23~24~
2870,~3~7~9~10~11~12~14~21~22~
2871,~3~7~9~10~21~24~
2873,~3~7~8~17~18~22~23~
2874,~3~7~6~9~10~13~14~15~17~21~22~23~24~25~
2875,~3~7~8~9~10~12~13~18~22~25~
2876,~3~7~6~8~9~10~13~15~17~21~22~
2877,~3~8~9~10~11~12~13~14~21~22~25~
2878,~21~
2879,~21~
2880,~6~10~21~22~
2881,~3~7~6~8~9~10~11~12~13~15~18~21~22~23~24~25~
2882,~3~7~10~13~15~21~22~
2883,~21~
2886,~3~7~9~10~12~17~21~22~23~24~
2887,~3~7~6~8~9~10~13~14~15~16~18~22~
2888,~3~7~6~8~9~10~12~13~15~17~18~21~22~24~
2889,~3~7~8~9~10~11~12~13~14~22~
2890,
2891,~7~6~9~10~13~17~21~
2892,~3~8~10~13~15~18~21~
2893,
2894,~12~21~22~
2895,~8~10~11~12~21~22~
2896,~3~7~8~9~10~11~12~13~15~21~22~25~
2897,~8~9~10~11~21~22~25~
2898,~3~7~6~8~9~10~12~13~14~15~18~21~22~
0,~3~7~15~17~21~
2900,~3~7~10~11~12~22~
2901,~3~21~22~
2902,~7~15~21~
2903,~3~7~6~9~10~12~15~21~22~
2904,~3~7~6~8~9~10~12~13~17~21~22~
2910,~3~7~10~15~18~21~
2912,~15~21~
2906,~3~7~8~9~10~11~14~21~22~
2907,~15~21~
2911,~3~7~6~8~9~10~13~14~15~16~18~20~21~22~24~25~
2908,~10~21~22~25~
2909,~3~7~9~10~13~21~22~23~
2913,~8~10~15~18~21~22~
2914,~21~22~
2925,~3~22~
2915,~3~7~8~9~10~11~12~21~22~
2916,~3~7~8~9~10~11~13~14~15~17~18~21~22~
2917,~21~
2918,~7~9~12~21~22~24~
2922,~3~7~9~10~12~15~17~21~
2919,~7~6~10~12~14~15~17~21~24~
2920,
2921,~3~7~8~9~10~15~18~22~
2923,~3~8~9~10~11~12~13~15~21~22~24~
2924,~3~7~8~10~14~22~
2926,~3~7~6~8~9~10~11~12~13~15~21~22~25~
2927,~7~10~15~17~21~22~
2928,~8~18~21~22~
2929,~8~11~21~22~
2932,~3~9~10~13~15~18~21~22~24~
2930,~
0,~3~7~9~10~11~12~17~21~22~
2951,~3~8~9~10~11~12~13~21~22~
2947,~7~9~10~21~22~
2933,~3~8~9~10~11~13~15~21~22~24~25~
2934,
2935,~9~21~
2936,~3~7~9~10~12~13~21~22~
2937,~3~7~6~21~
2938,~3~7~8~9~10~12~13~14~15~18~22~24~25~
2939,~7~9~10~15~21~22~25~
2940,~21~
2941,~3~7~6~8~10~13~18~22~
2942,~3~8~10~11~12~13~21~22~
2943,~7~17~21~
2944,~7~8~15~18~21~
2945,
2946,
2948,~3~7~6~8~9~10~13~14~15~18~21~
2949,~21~
2964,~3~7~6~10~11~12~13~16~17~22~
2950,
2952,~3~7~6~8~9~10~13~14~17~18~21~
2953,~3~7~6~8~9~10~15~17~18~21~22~25~
2954,~8~11~21~
2955,~21~
2956,~21~
2957,~3~7~6~8~9~10~11~12~
2958,
0,~3~7~6~10~11~12~13~17~22~
2960,~3~7~6~8~9~10~12~13~14~16~17~19~22~23~25~
0,~3~7~6~8~9~10~12~13~14~16~17~19~22~23~25~
2962,~21~
2963,~3~7~10~15~21~22~
2965,~3~6~9~10~11~21~22~
2966,~3~7~6~9~10~12~13~21~22~
2967,~21~
2968,~
2969,~21~
2970,~3~7~6~8~9~10~11~13~15~17~18~21~22~25~
2971,~3~7~8~9~10~12~13~15~18~21~22~24~25~
2972,~21~
2973,~3~7~10~15~21~22~
2974,~3~7~6~8~9~10~13~18~21~22~
0,~7~21~
2976,~7~10~14~15~21~
2978,~3~8~10~11~21~24~
2988,~3~7~6~9~16~17~
2993,~3~7~10~22~
2977,~3~7~8~9~10~11~12~14~22~
2979,~3~7~8~9~10~11~12~13~15~18~25~
2980,~3~7~8~9~10~11~12~13~21~25~
2981,~7~6~8~9~10~11~12~13~14~18~19~21~22~25~
2982,~3~7~8~9~11~12~13~22~25~
2983,~3~7~8~10~11~12~13~17~24~25~
2984,~3~7~9~13~17~22~25~
2985,~3~7~6~10~17~
2986,
2987,~3~8~11~12~22~25~
2989,~3~7~8~10~11~22~25~
2990,~3~7~8~9~10~12~22~23~24~
2991,~3~8~10~11~13~25~
2992,~3~9~10~12~13~15~22~25~
2994,~3~7~10~11~12~14~15~21~22~24~25~
2995,~3~7~9~11~15~21~24~
2996,~3~7~6~8~9~10~12~14~16~18~21~22~24~
2997,~3~7~6~8~9~10~14~15~21~22~25~
2998,~3~7~8~12~13~22~
2999,
3000,~3~7~8~9~10~11~12~13~14~19~25~
3019,~3~6~
3001,~3~8~10~11~13~25~
3002,~3~7~6~10~15~16~17~18~21~22~24~25~
3003,~3~7~9~10~12~21~
3004,~3~7~6~8~9~10~12~13~14~16~17~18~21~22~23~24~25~
0,~9~10~12~22~
3006,~3~7~6~8~9~10~11~12~13~14~15~16~17~18~19~21~22~23~24~25~
3007,~3~9~10~13~22~
3008,~3~7~8~9~10~11~12~13~22~23~24~25~
3009,~3~7~6~8~9~10~11~12~13~14~15~16~17~18~21~22~23~24~25~
3010,~3~8~9~10~11~12~21~22~25~
3011,~3~7~6~9~21~22~
3012,~3~7~6~8~9~10~11~13~16~17~22~
3013,~3~7~6~8~9~10~12~13~17~22~
3014,~3~7~8~9~14~15~17~18~21~23~
3015,~8~9~10~11~12~21~22~
3016,~3~7~8~9~10~12~13~17~21~22~25~
3017,~3~7~8~9~10~12~14~15~17~18~21~22~24~
3018,
3020,
3021,
3022,
3023,~7~10~15~21~22~
3024,~7~8~15~17~18~21~
3115,~8~9~11~15~22~25~
3025,~3~7~6~9~10~12~13~14~16~17~21~22~24~25~
3026,
3027,~7~9~10~12~21~22~
3028,~3~7~6~9~10~11~12~13~14~16~17~21~22~25~
3029,~3~7~6~
3030,~3~6~9~10~12~22~24~25~
3031,~3~7~9~12~22~25~
3032,~3~7~8~9~10~11~13~17~21~22~25~
3033,~3~7~8~9~10~11~13~17~22~25~
3034,~3~7~6~8~9~10~11~13~14~15~16~17~18~19~20~22~24~25~
3035,~3~7~6~8~9~10~11~12~13~16~22~
3036,~3~7~9~10~17~
3037,~7~9~21~
3040,~8~9~10~11~22~25~
3038,~3~7~6~9~10~11~12~21~22~25~
3039,~3~10~15~21~
3041,~3~6~9~24~
3042,~3~7~9~10~12~13~22~24~
3043,
3044,~7~10~17~21~
3046,~21~
3049,~3~7~8~9~10~11~13~15~18~21~22~25~
3047,~21~
3048,~21~
3053,~3~8~10~12~13~14~18~21~22~25~
3050,~3~8~10~13~15~18~21~22~
3051,~3~7~9~10~11~12~14~15~21~22~25~
3052,~3~7~8~9~10~13~14~15~18~24~25~
3054,~3~7~9~10~12~
3055,~3~7~8~9~10~18~22~
3056,~3~7~6~8~9~10~11~12~13~14~15~18~21~22~23~24~25~
3057,~3~7~9~10~13~18~22~24~
3058,~7~6~8~9~10~11~12~13~15~16~17~18~21~22~24~25~
3059,~3~7~8~9~10~11~12~13~15~16~18~21~22~25~
3060,~3~7~6~9~10~11~12~13~14~17~21~22~
3061,~3~7~6~9~10~12~13~15~17~21~22~
3062,~3~9~12~13~21~22~
3063,~3~7~6~8~9~10~11~13~16~17~18~21~22~25~
3064,~3~7~8~9~11~12~21~
3065,~3~9~10~11~12~13~22~23~25~
3066,~3~7~
3067,~3~7~9~10~13~18~21~22~
3068,~3~7~10~17~
3069,~3~7~6~8~9~10~11~12~14~17~22~25~
3070,~7~6~9~10~12~17~21~22~25~
3071,~7~6~8~10~11~12~25~
3099,~3~7~6~9~10~12~13~15~16~21~22~
3073,~3~7~8~9~10~11~12~13~18~21~22~23~25~
3074,~3~7~6~8~9~10~11~12~13~15~18~21~22~23~24~25~
3075,~3~7~6~8~9~10~12~13~18~21~22~
3076,~3~7~8~9~10~12~14~17~18~21~22~
3077,~3~7~8~10~11~
3078,
3079,~3~7~10~12~13~
3080,~3~7~8~9~10~11~12~14~15~17~18~21~22~
3082,~6~8~9~10~22~25~
3083,~3~8~9~10~11~12~21~22~24~25~
3084,~3~7~9~10~12~13~14~15~17~18~22~24~
3085,~3~7~8~9~11~12~25~
3086,~3~7~6~8~9~10~11~12~13~14~17~18~21~22~24~25~
3087,~3~7~6~10~11~12~13~17~25~
3088,~7~10~15~17~18~21~22~24~
3089,~3~7~6~8~9~10~11~12~13~14~15~16~17~18~19~20~21~22~23~24~25~
3090,~3~7~6~8~9~10~11~12~13~14~17~21~22~23~24~25~
3091,~3~7~8~9~10~12~15~16~18~22~25~
3092,~3~7~9~10~11~12~13~21~22~24~
3093,~3~7~9~10~12~13~22~
3094,~3~7~8~10~11~22~
3095,
3096,~3~8~9~10~11~14~15~21~22~24~25~
3097,~3~7~6~8~9~10~11~12~16~21~22~24~25~
3098,~3~7~6~8~9~10~11~12~13~14~15~16~22~24~25~
3120,~7~
3100,~3~7~8~9~11~12~14~15~22~23~25~
3101,~3~8~11~13~22~
3102,~3~7~8~9~10~11~13~14~20~25~
3103,~3~7~8~9~10~11~12~13~14~25~
3104,~3~7~8~10~11~
3105,~3~7~8~9~10~11~12~17~19~22~25~
3106,~3~7~8~10~12~25~
3107,~3~7~8~9~10~12~13~18~21~22~25~
3108,~3~7~10~
3109,~3~7~8~9~10~11~12~17~18~24~
3110,~3~7~6~8~9~10~12~13~14~15~17~18~22~23~
3111,~3~7~6~8~9~13~
3112,~3~7~8~
3113,~3~7~9~10~14~17~21~
3114,~7~17~21~
3116,~3~7~6~21~
3134,~3~7~8~9~10~11~13~14~22~24~
3117,~3~7~6~8~9~10~11~12~13~15~16~17~21~22~23~24~
3118,~3~7~6~8~9~10~11~12~13~14~15~16~18~19~22~25~
3119,~3~7~6~9~14~17~21~
3144,~3~7~6~8~9~10~13~15~16~17~18~21~22~24~
3163,~3~7~6~8~10~18~
3121,~3~7~6~8~9~10~11~12~13~14~22~24~25~
3122,~3~7~6~9~10~11~12~13~14~16~21~22~24~
3123,~3~7~8~9~10~11~12~13~15~17~18~19~20~21~22~23~24~25~
3124,~3~7~8~9~10~12~17~22~23~24~
3125,~3~7~9~10~17~22~
3126,~3~7~8~9~10~11~12~13~15~17~19~22~25~
3127,~3~7~6~8~9~10~12~13~14~15~17~18~21~22~23~24~25~
3128,~3~7~8~10~11~14~15~22~
3129,~7~6~10~11~17~21~
3130,~3~7~6~8~9~10~11~12~13~22~23~24~25~
3131,~3~7~8~9~10~14~18~
3132,~3~10~12~14~22~25~
3133,~3~7~8~9~10~11~12~13~14~15~17~22~23~24~25~
3135,~3~7~10~11~12~14~17~21~22~
3136,~3~7~6~8~10~12~14~16~17~18~21~22~23~
3137,~3~8~9~10~11~12~15~18~22~
3138,~3~7~6~8~9~12~13~15~17~19~21~22~25~
3139,~3~7~6~8~9~10~11~12~13~14~17~18~21~23~25~
3140,~3~7~8~9~13~15~18~22~
3141,~3~7~6~8~10~11~12~13~15~16~17~18~19~22~
3142,~3~7~6~8~9~10~11~12~13~17~20~25~
3143,
3145,~3~7~8~9~10~11~12~21~22~
3146,~3~7~6~8~9~10~11~12~13~14~15~16~17~22~23~25~
3147,
3148,~7~9~10~12~17~21~22~24~
3149,
3150,~7~6~8~10~11~12~17~22~
3151,~3~7~8~9~10~11~12~15~17~21~22~24~25~
3152,~3~7~8~9~10~11~12~14~17~21~22~24~25~
3153,~3~7~6~8~9~10~11~12~13~17~22~25~
3154,~3~7~6~8~9~13~
3155,~7~10~17~21~
3156,~20~
3157,~3~6~8~9~12~13~14~15~16~17~19~21~23~24~25~
3158,~3~7~6~8~9~10~12~13~14~15~16~17~18~19~21~22~23~24~25~
3189,~3~7~6~8~10~13~14~15~16~17~18~21~22~24~
3160,~8~10~11~15~21~25~
3161,~3~7~6~8~10~12~18~22~
3162,~3~7~6~9~10~12~18~21~22~
3164,
3165,~3~7~8~9~10~11~13~17~22~25~
3220,~7~6~9~10~12~17~21~
3166,~7~8~17~18~21~22~25~
3167,~3~7~8~9~10~13~15~18~21~22~25~
3168,~7~8~9~14~18~22~
3169,~3~7~6~8~9~10~11~13~14~16~17~22~24~
3170,~7~8~9~10~11~12~22~
3171,~7~8~9~10~11~12~18~21~22~25~
3172,~3~8~9~10~11~25~
3173,~3~7~8~9~10~13~21~22~25~
3174,~3~13~18~
3175,~3~7~6~10~12~13~14~15~21~22~24~25~
3176,~3~7~6~9~10~12~13~21~22~
3177,~3~7~6~8~9~10~11~12~13~14~15~16~18~21~22~23~24~25~
3178,~3~7~8~9~10~11~12~13~14~15~18~21~22~25~
3179,~3~7~8~9~10~11~12~13~14~15~17~18~21~22~23~24~25~
3180,
3181,~3~7~8~9~10~11~12~13~21~22~25~
3182,~3~7~8~9~10~11~12~13~14~18~21~22~23~24~25~
3183,~3~10~12~13~24~
3184,~3~7~6~9~12~13~16~22~25~
3185,~3~7~6~8~9~10~12~13~14~15~16~17~18~19~21~22~23~24~25~
3186,
3187,~3~7~6~8~9~10~12~13~15~16~17~18~21~22~25~
3188,~3~7~6~8~13~15~16~17~18~21~22~24~
3190,~3~8~9~10~11~12~13~15~18~21~22~25~
3191,~3~7~6~8~9~10~11~12~13~15~17~19~21~22~24~25~
3192,~3~7~10~15~21~22~25~
3193,~
3194,
3195,~3~10~11~
3196,~3~8~11~12~22~
3197,~3~7~8~9~11~12~13~14~17~22~
3198,~3~8~11~25~
3199,
3200,~3~7~9~10~12~13~14~18~
3201,~8~9~11~13~25~
3202,~3~7~8~9~10~11~12~13~17~22~24~25~
3203,
3204,
3205,~3~7~9~10~12~13~15~16~
3206,~3~7~6~8~9~10~11~12~13~14~15~16~17~18~21~22~23~24~25~
3207,
3208,~3~8~9~10~11~12~13~18~22~
3209,~3~7~10~17~22~
3210,~3~7~9~12~13~25~
3211,~3~7~9~10~12~13~18~21~22~25~
3212,~3~8~9~10~11~13~22~24~25~
3213,~3~7~6~9~10~12~13~15~22~24~25~
3214,~3~7~8~11~13~
3215,~3~7~8~9~11~12~14~21~
3216,
3217,
3218,
3221,~8~18~21~
3219,~7~10~17~21~22~
3222,
