<?xml version="1.0"?>
<action-recipes>

	<action id="text-editor.folding-actions.fold-selection" category="actions.codefolding.generic">
		<class>EKFoldAction</class>
		<when-disabled>show</when-disabled>
		<key-equivalent>cmd ctrl arrow-left</key-equivalent>
		
		<setup>
			<mode>collapse</mode>
			<selection-only><true/></selection-only>
		</setup>
	</action>

	<action id="text-editor.folding-actions.unfold-selection" category="actions.codefolding.generic">
		<class>EKFoldAction</class>
		<key-equivalent>cmd ctrl arrow-right</key-equivalent>
		<when-disabled>show</when-disabled>
		
		<setup>
			<mode>expand</mode>
			<selection-only><true/></selection-only>
		</setup>
	</action>

	<action id="text-editor.folding-actions.unfold-all" category="actions.codefolding.generic">
		<class>EKFoldAction</class>
		<when-disabled>show</when-disabled>
		<key-equivalent>ctrl u</key-equivalent>
		
		<setup>
			<mode>expand</mode>
		</setup>
	</action>
	
</action-recipes>
