<?xml version="1.0"?>
<action-recipes>
	
	<action id="server-sync.actions.clear-all-operations">
		<class>ESServerSyncClearAllOperationsAction</class>
	</action>
	
	<action id="server-sync.actions.assign-operation.skip" category="server-sync.action-categories.assign-operation">
		<class>ESServerSyncAssignOperationAction</class>
		<key-equivalent>backspace</key-equivalent>
		<setup>
			<operation>skip</operation>
		</setup>
	</action>
	
	<action id="server-sync.actions.assign-operation.always-skip" category="server-sync.action-categories.assign-operation">
		<class>ESServerSyncAssignOperationAction</class>
		<key-equivalent>option backspace</key-equivalent>
		<setup>
			<operation>always-skip</operation>
		</setup>
	</action>

	<action id="server-sync.actions.assign-operation.copy-a-to-b" category="server-sync.action-categories.assign-operation">
		<class>ESServerSyncAssignOperationAction</class>
		<key-equivalent>option arrow-right</key-equivalent>
		<setup>
			<operation>copy-a-to-b</operation>
		</setup>
	</action>
	
	<action id="server-sync.actions.assign-operation.copy-b-to-a" category="server-sync.action-categories.assign-operation">
		<class>ESServerSyncAssignOperationAction</class>
		<key-equivalent>option arrow-left</key-equivalent>
		<setup>
			<operation>copy-b-to-a</operation>
		</setup>
	</action>
	
	<action id="server-sync.actions.assign-operation.remove-a" category="server-sync.action-categories.assign-operation">
		<class>ESServerSyncAssignOperationAction</class>
		<setup>
			<operation>remove-a</operation>
		</setup>
	</action>
	
	<action id="server-sync.actions.assign-operation.remove-b" category="server-sync.action-categories.assign-operation">
		<class>ESServerSyncAssignOperationAction</class>
		<setup>
			<operation>remove-b</operation>
		</setup>
	</action>
	
</action-recipes>
