<?xml version="1.0"?>
<action-sort-instructions>
	
	<sort-template>
		<selector>server-sync.action-categories.actions</selector>
		<selector>server-sync.action-categories.assign-operation</selector>
		<selector>*</selector>
	</sort-template>
	
	<sort-template>
		<selector>server-sync.actions.assign-operation.skip</selector>
		<selector>server-sync.actions.assign-operation.always-skip</selector>
		<selector>server-sync.actions.assign-operation.copy-a-to-b</selector>
		<selector>server-sync.actions.assign-operation.copy-b-to-a</selector>
		<selector>server-sync.actions.assign-operation.remove-a</selector>
		<selector>server-sync.actions.assign-operation.remove-b</selector>
	</sort-template>
	
</action-sort-instructions>
