<?xml version="1.0"?>
<tool-recipes>
	
	<tool type="toolbar" id="com.macrabbit.text-tools.preview" category="macrabbit">
	
		<class>ESPreviewToolbarTool</class>
		<setup>
			<image>Preview</image>
		</setup>
		
	</tool>
	
	<tool type="toolbar" id="com.macrabbit.text-tools.comment" category="macrabbit">
	
		<class>ESTextActionToolbarTool</class>
		<setup>
			<main-action-selector>com.macrabbit.text-actions.toggle-comment</main-action-selector>
			<image>text-editor.toolbar.toggle-comment</image>
		</setup>
		
	</tool>
	
</tool-recipes>
