<?xml version="1.0" encoding="UTF-8"?>
<!--

CodeSense Libraries simply define lists of completions, categorized by keys. They don't define any criteria for when they should be used; this is the domain of a CodeSense Provider.

-->
<codesense version="1.0">
	
	<!-- Generic attribute completions -->
	
	<set name="com.macrabbit.html.attribute-values.href">
		<completion string="../" />
		<completion string="../../" />
		<completion string="http://" />
		<completion string="https://" />
	</set>
	
	<set name="com.macrabbit.html.attribute-values.src">
		<completion string="../" />
		<completion string="../../" />
		<completion string="http://" />
		<completion string="https://" />
	</set>
	
	<set name="com.macrabbit.html.attribute-values.target">
		<completion string="_blank" />
		<completion string="_parent" />
		<completion string="_self" />
		<completion string="_top" />
	</set>
	
	<!--HTML 5 audio/video-->
	<set name="com.macrabbit.html.attribute-values.preload">
		<completion string="none"/>
		<completion string="metadata"/>
		<completion string="auto"/>
	</set>
	
	<!-- Element-specific attribute completions -->
	
	<!--<input type="...">-->
	<set name="com.macrabbit.html.tag.input.attribute-values.type">
		<completion string="button" />
		<completion string="checkbox" />
		<completion string="file" />
		<completion string="hidden" />
		<completion string="image" />
		<completion string="password" />
		<completion string="radio" />
		<completion string="reset" />
		<completion string="submit" />
		<completion string="text" />
		<!-- HTML 5 -->
		<completion string="color" />
		<completion string="date" />
		<completion string="datetime" />
		<completion string="datetime-local" />
		<completion string="email" />
		<completion string="month" />
		<completion string="number" />
		<completion string="range" />
		<completion string="search" />
		<completion string="tel" />
		<completion string="time" />
		<completion string="url" />
		<completion string="week" />
	</set>
	
	<!--<link media="...">-->
	<set name="com.macrabbit.html.tag.link.attribute-values.media">
		<completion string="all" />
		<completion string="aura" />
		<completion string="braille" />
		<completion string="handheld" />
		<completion string="print" />
		<completion string="projection" />
		<completion string="screen" />
		<completion string="tty" />
		<completion string="tv" />
	</set>
	
	<!--<link rel="...">-->
	<set name="com.macrabbit.html.tag.link.attribute-values.rel">
		<completion string="alternate" />
		<completion string="appendix" />
		<completion string="archives" />
		<completion string="author" />
		<completion string="bookmark" />
		<completion string="chapter" />
		<completion string="contents" />
		<completion string="copyright" />
		<completion string="first" />
		<completion string="glossary" />
		<completion string="help" />
		<completion string="icon" />
		<completion string="index" />
		<completion string="last" />
		<completion string="license" />
		<completion string="next" />
		<completion string="pingback" />
		<completion string="prefetch" />
		<completion string="prev" />
		<completion string="search" />
		<completion string="section" />
		<completion string="start" />
		<completion string="stylesheet" />
		<completion string="sidebar" />
		<completion string="subsection" />
		<completion string="tag" />
		<completion string="up" />
	</set>
	
	<!--<link type="...">-->
	<set name="com.macrabbit.html.tag.link.attribute-values.type">
		<completion string="text/html" />
		<completion string="text/css" />
		<completion string="text/plain" />
		<completion string="image/jpeg" />
		<completion string="image/gif" />
		<completion string="image/png" />
		<completion string="audio/mpeg" />
		<completion string="video/mpeg" />
		<completion string="video/quicktime" />
	</set>
	
	<!--<a rel="..."> <area rel="...">-->
	<set name="com.macrabbit.html.tag.a.attribute-values.rel">
		<completion string="alternate" />
		<completion string="appendix" />
		<completion string="archives" />
		<completion string="author" />
		<completion string="bookmark" />
		<completion string="chapter" />
		<completion string="contents" />
		<completion string="copyright" />
		<completion string="external" />
		<completion string="first" />
		<completion string="glossary" />
		<completion string="help" />
		<completion string="index" />
		<completion string="last" />
		<completion string="license" />
		<completion string="next" />
		<completion string="nofollow" />
		<completion string="noreferrer" />
		<completion string="prev" />
		<completion string="search" />
		<completion string="section" />
		<completion string="sidebar" />
		<completion string="start" />
		<completion string="subsection" />
		<completion string="tag" />
		<completion string="up" />
	</set>
	<set name="com.macrabbit.html.tag.area.attribute-values.rel">
		<completion string="alternate" />
		<completion string="appendix" />
		<completion string="archives" />
		<completion string="author" />
		<completion string="bookmark" />
		<completion string="chapter" />
		<completion string="contents" />
		<completion string="copyright" />
		<completion string="external" />
		<completion string="first" />
		<completion string="glossary" />
		<completion string="help" />
		<completion string="index" />
		<completion string="last" />
		<completion string="license" />
		<completion string="next" />
		<completion string="nofollow" />
		<completion string="noreferrer" />
		<completion string="prev" />
		<completion string="search" />
		<completion string="section" />
		<completion string="sidebar" />
		<completion string="start" />
		<completion string="subsection" />
		<completion string="tag" />
		<completion string="up" />
	</set>
</codesense>
