<?xml version="1.0" encoding="UTF-8"?>

<settings>

	<language id="espresso.CoreEdit.Snippets" hidden="true">
		
		<syntax-name>espresso.CoreEdit.Snippets</syntax-name>
		<name>Snippets</name>
		<detectors>
			<extension>snippet</extension>
		</detectors>
		
	</language>

	<language id="espresso.CoreEdit.TemplateSnippets" hidden="true">
		
		<syntax-name>espresso.CoreEdit.TemplateSnippets</syntax-name>
		<name>Template Snippets</name>
		<detectors>
			<extension>templatesnippet</extension>
		</detectors>
		
	</language>
	
</settings>
