<?xml version="1.0" encoding="UTF-8"?>
<itemizer>

	<recipe name="built-in.css.at-media.collection">
		<zone itemize-subzones="true">at-rule.media.css:has-child(x-item-start:capture(name))</zone>
		<subrecipes>
			<include-root-recipes/>
		</subrecipes>
	</recipe>
	
	<recipe name="built-in.css.at-keyframe.collection">
		<zone itemize-subzones="true">at-rule.keyframes.css:has-child(x-item-start:capture(name))</zone>
		<subrecipes>
			<include-root-recipes/>
		</subrecipes>
	</recipe>
	
	<recipe name="built-in.css.at-page.collection">
		<zone itemize-subzones="true">at-rule.page.css:has-child(keyword.control:capture(name))</zone>
		<subrecipes>
			<include-root-recipes/>
		</subrecipes>
	</recipe>
	
	<recipe name="built-in.css.at-font-face">
		<zone>at-rule.font-face.css:has-child(keyword.control:capture(name))</zone>
	</recipe>

	<recipe name="built-in.css.style">
		<class>ESStyleItem</class>
		<zone-sequence>
			<zone>selector.css:capture(name)</zone>
			<zone>property-list.css</zone>
		</zone-sequence>
	</recipe>

	<recipe name="built-in.css.comment">
		<class>ESCommentItem</class>
		<zone>comment.css</zone>
	</recipe>

	<recipe name="built-in.css.at-import">
		<class>ESStyleImportItem</class>
		<zone>at-rule.import.css</zone>
	</recipe>
	
</itemizer>
